Complaint_Description,Priority,Department
Park lights not working near main road frequently occurring,Low,Parks and Recreation Department
Waste collection vehicle not arriving reported by residents for the past few days,Medium,Solid Waste Management
Error in ownership certificate near residential area frequently occurring,High,Revenue Department
Exposed electric wire near hospital for the past few days,Medium,Electrical Department
Improper waste disposal near residential area since last week,High,Health Department
Damaged drainage system in ward 4 frequently occurring,Low,Engineering Department
Door number mismatch in commercial area during night hours,High,Revenue Department
Duplicate tax demand in commercial area for more than a week,High,Revenue Department
Improper waste disposal near school for more than a week,High,Health Department
Poor condition of bus shelter roof near junction for the past few days,Medium,Public Transport Department
Zoning regulation violation near junction frequently occurring,Low,Town Planning Department
Waste segregation not followed near apartment complex repeatedly reported,High,Solid Waste Management
Incorrect property classification near junction since last week,High,Revenue Department
Garbage bin overflow near park since last week,Medium,Solid Waste Management
Illegal construction near residential area during night hours,High,Engineering Department
Cracks in public building reported by residents for more than a week,Medium,Engineering Department
Cracks in public building near market repeatedly reported,High,Engineering Department
Building number not assigned in ward 1 frequently occurring,Low,Engineering Department
Damaged drainage system near market repeatedly reported,Low,Engineering Department
Public park not maintained reported by residents frequently occurring,Low,Parks and Recreation Department
Garbage bin overflow reported by residents repeatedly reported,Medium,Solid Waste Management
Vacant land tax issue near market for more than a week,High,Revenue Department
Electric pole damaged near school after heavy rainfall,High,Electrical Department
Lack of drinking water in park in ward 4 frequently occurring,Medium,Parks and Recreation Department
Broken footpath causing public inconvenience during night hours,Low,Engineering Department
Lack of drinking water in park in commercial area since last week,Low,Parks and Recreation Department
Unauthorized land use in commercial area for the past few days,Medium,Town Planning Department
Unsafe building structure reported by residents frequently occurring,Low,Engineering Department
Waste segregation not followed near junction for more than a week,Medium,Solid Waste Management
Cracks in public building near main road frequently occurring,Low,Engineering Department
Stray dog nuisance reported by residents repeatedly reported,High,Health Department
Ownership change not updated near junction during night hours,Low,Revenue Department
Dead animal not removed near school during night hours,Medium,Health Department
Park lights not working in ward 3 for more than a week,Medium,Parks and Recreation Department
Illegal construction in ward 4 frequently occurring,Medium,Engineering Department
Duplicate tax demand near bus stop frequently occurring,High,Revenue Department
Open dumping of waste near market during night hours,Medium,Health Department
Layout approval pending in commercial area since last week,Medium,Town Planning Department
Bus stop without seating causing public inconvenience for more than a week,Medium,Public Transport Department
Unsafe building structure in ward 3 repeatedly reported,Low,Engineering Department
Electric pole damaged near school during night hours,Medium,Electrical Department
Low water pressure in ward 4 for more than a week,Low,Water Supply Department
Mosquito breeding in ward 3 for more than a week,High,Health Department
Road repair delayed causing public inconvenience for the past few days,High,Engineering Department
Door number mismatch near hospital during night hours,Medium,Revenue Department
Culvert damaged near bus stop repeatedly reported,Low,Engineering Department
Stray dog nuisance near hospital frequently occurring,High,Health Department
Contaminated drinking water near apartment complex repeatedly reported,Medium,Water Supply Department
Door number mismatch near junction for more than a week,Low,Revenue Department
Bus route information missing in ward 3 frequently occurring,Medium,Public Transport Department
Public toilet not cleaned near park during night hours,High,Health Department
Blocked drain near residential area frequently occurring,Low,Health Department
Waste collection vehicle not arriving near market for the past few days,Low,Solid Waste Management
Street light not working near hospital repeatedly reported,Low,Electrical Department
Incorrect tax arrears near apartment complex after heavy rainfall,Medium,Revenue Department
Bus stop without seating in ward 2 repeatedly reported,Medium,Public Transport Department
Stray dog nuisance near school for the past few days,Medium,Health Department
Culvert damaged near market repeatedly reported,High,Engineering Department
Electric pole damaged near bus stop during night hours,High,Electrical Department
Sewage overflow in ward 1 during night hours,Medium,Health Department
Incorrect tax arrears near apartment complex after heavy rainfall,Low,Revenue Department
Damaged drainage system near hospital for the past few days,Low,Engineering Department
Duplicate tax demand near apartment complex repeatedly reported,Medium,Revenue Department
Dead animal not removed reported by residents repeatedly reported,Low,Health Department
Broken footpath in commercial area frequently occurring,Medium,Engineering Department
Layout approval pending near park frequently occurring,High,Town Planning Department
Stray dog nuisance near residential area since last week,Medium,Health Department
Door number mismatch near junction frequently occurring,Medium,Revenue Department
Lack of drinking water in park causing public inconvenience repeatedly reported,High,Parks and Recreation Department
Exposed electric wire in ward 3 frequently occurring,High,Electrical Department
Ownership change not updated near apartment complex during night hours,Low,Revenue Department
Potholes on road in ward 1 frequently occurring,Medium,Engineering Department
Building number not assigned in ward 4 after heavy rainfall,High,Engineering Department
Waste collection vehicle not arriving near hospital for the past few days,Low,Solid Waste Management
Broken footpath near main road frequently occurring,High,Engineering Department
Wrong property tax amount in ward 4 for the past few days,Low,Revenue Department
Damaged drainage system near park frequently occurring,Low,Engineering Department
Broken footpath in ward 1 frequently occurring,Medium,Engineering Department
Damaged drainage system near school for the past few days,Medium,Engineering Department
Incorrect tax arrears near park repeatedly reported,High,Revenue Department
Error in ownership certificate in ward 4 frequently occurring,Low,Revenue Department
Public park not maintained in ward 1 during night hours,Low,Parks and Recreation Department
Frequent power failure in ward 2 since last week,Medium,Electrical Department
Electric pole damaged in commercial area repeatedly reported,Low,Electrical Department
Open dumping of waste near bus stop after heavy rainfall,High,Health Department
Illegal construction near residential area after heavy rainfall,Low,Engineering Department
Broken footpath near junction frequently occurring,Low,Engineering Department
Improper waste disposal near residential area during night hours,High,Health Department
Road repair delayed in ward 1 since last week,High,Engineering Department
Error in ownership certificate near market since last week,Medium,Revenue Department
Error in ownership certificate near bus stop for the past few days,Low,Revenue Department
Exposed electric wire causing public inconvenience since last week,Medium,Electrical Department
Burning of waste in open area near park for the past few days,Medium,Solid Waste Management
Unsafe building structure reported by residents frequently occurring,Medium,Engineering Department
Overgrown bushes in park in ward 2 for more than a week,Low,Parks and Recreation Department
Road repair delayed near park frequently occurring,Medium,Engineering Department
Mosquito breeding near market frequently occurring,Low,Health Department
Illegal construction near junction for more than a week,High,Engineering Department
No water supply near park after heavy rainfall,High,Water Supply Department
Electric pole damaged causing public inconvenience frequently occurring,Low,Electrical Department
Waste collection vehicle not arriving in ward 3 since last week,High,Solid Waste Management
Street light not working near market after heavy rainfall,Low,Electrical Department
Public park not maintained in ward 2 after heavy rainfall,Low,Parks and Recreation Department
Broken footpath near apartment complex after heavy rainfall,High,Engineering Department
Culvert damaged near hospital for the past few days,Low,Engineering Department
Building number not assigned near park repeatedly reported,Medium,Engineering Department
Dead animal not removed causing public inconvenience for the past few days,Low,Health Department
No water supply in ward 3 since last week,Low,Water Supply Department
Burning of waste in open area causing public inconvenience for more than a week,Medium,Solid Waste Management
Incorrect property classification near market frequently occurring,High,Revenue Department
No water supply near hospital for the past few days,High,Water Supply Department
Illegal parking near bus stop in ward 4 for the past few days,High,Public Transport Department
Error in ownership certificate in ward 2 during night hours,Medium,Revenue Department
Garbage not collected near hospital for the past few days,Low,Health Department
Incorrect property classification near junction repeatedly reported,Medium,Revenue Department
Stray dog nuisance near bus stop repeatedly reported,Low,Health Department
Cracks in public building near school during night hours,Medium,Engineering Department
Plastic waste accumulation near main road for more than a week,High,Solid Waste Management
Storm water drain blocked near bus stop since last week,High,Engineering Department
Water pipeline leakage in ward 2 since last week,High,Water Supply Department
Property tax not assessed in ward 4 for more than a week,Low,Revenue Department
Mosquito breeding in ward 2 frequently occurring,Low,Health Department
Exposed electric wire near park for the past few days,Low,Electrical Department
Building number not assigned in ward 1 during night hours,Medium,Engineering Department
Potholes on road near hospital for more than a week,High,Engineering Department
Ownership change not updated in ward 1 for more than a week,Medium,Revenue Department
Mosquito breeding near bus stop frequently occurring,Low,Health Department
Unauthorized land use near main road for more than a week,High,Town Planning Department
Property tax not assessed near park since last week,Medium,Revenue Department
Water pipeline leakage in ward 2 after heavy rainfall,Low,Water Supply Department
Garbage not collected causing public inconvenience since last week,Low,Health Department
Cracks in public building in ward 3 after heavy rainfall,Medium,Engineering Department
Error in ownership certificate near hospital frequently occurring,Low,Revenue Department
Error in ownership certificate near main road since last week,Low,Revenue Department
Layout approval pending near main road since last week,High,Town Planning Department
Sewage overflow in ward 3 after heavy rainfall,Low,Health Department
Contaminated drinking water near school for the past few days,Medium,Water Supply Department
Mutation delayed in commercial area since last week,Medium,Revenue Department
Public toilet not cleaned reported by residents for the past few days,High,Health Department
Exposed electric wire near park for more than a week,Medium,Electrical Department
Mutation delayed near residential area during night hours,Medium,Revenue Department
Road repair delayed in ward 3 for the past few days,Medium,Engineering Department
Burning of waste in open area in commercial area repeatedly reported,Low,Solid Waste Management
Water valve damaged near residential area for the past few days,High,Water Supply Department
Park lights not working in ward 3 for more than a week,High,Parks and Recreation Department
Storm water drain blocked near bus stop during night hours,Low,Engineering Department
Stray dog nuisance in ward 1 for the past few days,High,Health Department
Road repair delayed near hospital after heavy rainfall,Low,Engineering Department
Burning of waste in open area near hospital for the past few days,Low,Solid Waste Management
Waste collection vehicle not arriving in ward 4 for the past few days,Medium,Solid Waste Management
Vacant land tax issue near park frequently occurring,Low,Revenue Department
Road repair delayed in ward 3 during night hours,Medium,Engineering Department
Road repair delayed near main road since last week,High,Engineering Department
Cracks in public building in ward 4 for more than a week,Low,Engineering Department
Blocked drain in ward 2 after heavy rainfall,Low,Health Department
Food waste causing foul smell in ward 3 after heavy rainfall,Low,Health Department
Low water pressure near school since last week,Low,Water Supply Department
Garbage not collected in ward 1 repeatedly reported,Low,Health Department
Water valve damaged causing public inconvenience for the past few days,Low,Water Supply Department
Broken footpath near hospital after heavy rainfall,Low,Engineering Department
Improper waste disposal reported by residents for more than a week,Low,Health Department
Road repair delayed reported by residents repeatedly reported,High,Engineering Department
Broken footpath near apartment complex frequently occurring,High,Engineering Department
Error in ownership certificate near junction for more than a week,Medium,Revenue Department
Mutation delayed in ward 2 during night hours,Medium,Revenue Department
Layout approval pending near park repeatedly reported,High,Town Planning Department
Electric pole damaged in commercial area since last week,Medium,Electrical Department
Damaged drainage system in ward 2 during night hours,High,Engineering Department
Mosquito breeding reported by residents after heavy rainfall,High,Health Department
Damaged drainage system in commercial area for more than a week,Low,Engineering Department
Duplicate tax demand near main road since last week,Medium,Revenue Department
Electric pole damaged near bus stop since last week,Low,Electrical Department
Ownership change not updated near school for more than a week,Medium,Revenue Department
Low water pressure near apartment complex repeatedly reported,Medium,Water Supply Department
Illegal parking near bus stop near bus stop for the past few days,High,Public Transport Department
Water pipeline leakage near hospital during night hours,High,Water Supply Department
Water valve damaged near school for the past few days,Medium,Water Supply Department
Bus stop without seating near hospital during night hours,Medium,Public Transport Department
Contaminated drinking water in ward 3 for the past few days,Low,Water Supply Department
Food waste causing foul smell near park for the past few days,Low,Health Department
Water pipeline leakage near residential area after heavy rainfall,High,Water Supply Department
Loose street light connection near market for the past few days,Low,Electrical Department
Broken footpath in ward 4 during night hours,Medium,Engineering Department
Storm water drain blocked near bus stop repeatedly reported,Low,Engineering Department
Waste collection vehicle not arriving near residential area frequently occurring,Medium,Solid Waste Management
Low water pressure in ward 3 since last week,Medium,Water Supply Department
Potholes on road near market since last week,Low,Engineering Department
Garbage not collected near park repeatedly reported,Medium,Health Department
Street light not working near park frequently occurring,High,Electrical Department
Garbage bin overflow reported by residents since last week,High,Solid Waste Management
No water supply in ward 2 repeatedly reported,High,Water Supply Department
Door number mismatch in ward 4 during night hours,Low,Revenue Department
Blocked drain in ward 1 frequently occurring,Low,Health Department
Road repair delayed near market for the past few days,Medium,Engineering Department
Bus route information missing near hospital for more than a week,High,Public Transport Department
Wrong property tax amount near junction for more than a week,Medium,Revenue Department
Food waste causing foul smell near apartment complex since last week,Medium,Health Department
Illegal parking near bus stop reported by residents for the past few days,Medium,Public Transport Department
Layout approval pending near park for more than a week,Medium,Town Planning Department
Street light not working in ward 3 after heavy rainfall,Medium,Electrical Department
Water pipeline leakage near junction frequently occurring,Medium,Water Supply Department
Waste segregation not followed in ward 2 for the past few days,Low,Solid Waste Management
Mutation delayed near school repeatedly reported,High,Revenue Department
Bus route information missing near main road since last week,Medium,Public Transport Department
Ownership change not updated near park since last week,Medium,Revenue Department
Mosquito breeding in ward 4 during night hours,High,Health Department
Low water pressure in ward 3 since last week,Low,Water Supply Department
Stray dog nuisance causing public inconvenience for more than a week,Medium,Health Department
Storm water drain blocked in ward 3 frequently occurring,Medium,Engineering Department
Water pipeline leakage in ward 3 repeatedly reported,Medium,Water Supply Department
Property tax not assessed near market for more than a week,High,Revenue Department
Poor condition of bus shelter roof in ward 2 for the past few days,Medium,Public Transport Department
Burning of waste in open area near residential area frequently occurring,High,Solid Waste Management
Wrong property tax amount in commercial area during night hours,Medium,Revenue Department
Broken play equipment in park near apartment complex frequently occurring,Low,Parks and Recreation Department
Vacant land tax issue near market during night hours,Low,Revenue Department
Wrong property tax amount in ward 3 frequently occurring,Medium,Revenue Department
Water valve damaged near junction for the past few days,High,Water Supply Department
Cracks in public building near main road for the past few days,High,Engineering Department
Exposed electric wire near junction during night hours,High,Electrical Department
Ownership change not updated near bus stop frequently occurring,High,Revenue Department
Improper waste disposal causing public inconvenience since last week,Low,Health Department
Sewage overflow near residential area during night hours,High,Health Department
Water valve damaged near junction frequently occurring,Medium,Water Supply Department
Duplicate tax demand reported by residents frequently occurring,Low,Revenue Department
Door number mismatch in ward 4 repeatedly reported,Low,Revenue Department
Vacant land tax issue near junction for the past few days,Low,Revenue Department
Storm water drain blocked near park repeatedly reported,Low,Engineering Department
Garbage bin overflow in ward 1 repeatedly reported,Low,Solid Waste Management
Stray dog nuisance in commercial area for the past few days,High,Health Department
Vacant land tax issue near junction during night hours,High,Revenue Department
Mosquito breeding near bus stop for more than a week,Medium,Health Department
Electric pole damaged near market for the past few days,Medium,Electrical Department
Overgrown bushes in park near hospital after heavy rainfall,High,Parks and Recreation Department
Encroachment on public land near apartment complex since last week,Medium,Town Planning Department
Frequent power failure reported by residents for the past few days,High,Electrical Department
Layout approval pending in ward 1 repeatedly reported,High,Town Planning Department
Duplicate tax demand causing public inconvenience since last week,Medium,Revenue Department
Incorrect property classification near market repeatedly reported,High,Revenue Department
Water pipeline leakage reported by residents during night hours,High,Water Supply Department
Building number not assigned near bus stop frequently occurring,Medium,Engineering Department
Plastic waste accumulation near market since last week,Medium,Solid Waste Management
Electric pole damaged near apartment complex frequently occurring,High,Electrical Department
Wrong property tax amount near hospital since last week,Medium,Revenue Department
Electric pole damaged near school since last week,Medium,Electrical Department
Road repair delayed near hospital repeatedly reported,High,Engineering Department
Error in ownership certificate near residential area repeatedly reported,Low,Revenue Department
Water valve damaged near apartment complex repeatedly reported,High,Water Supply Department
Building number not assigned in ward 4 since last week,High,Engineering Department
Waste segregation not followed in ward 4 since last week,Low,Solid Waste Management
Building number not assigned near hospital during night hours,Medium,Engineering Department
Incorrect tax arrears in ward 2 repeatedly reported,Low,Revenue Department
Frequent power failure in ward 3 for the past few days,High,Electrical Department
Unauthorized land use in ward 4 repeatedly reported,High,Town Planning Department
No water supply in ward 1 repeatedly reported,Low,Water Supply Department
Contaminated drinking water near bus stop for more than a week,Medium,Water Supply Department
Electric pole damaged in commercial area after heavy rainfall,Medium,Electrical Department
Contaminated drinking water in commercial area frequently occurring,Medium,Water Supply Department
Lack of drinking water in park in ward 4 repeatedly reported,Low,Parks and Recreation Department
Water pipeline leakage near hospital repeatedly reported,Medium,Water Supply Department
Building permit delayed near market during night hours,High,Town Planning Department
Illegal construction near hospital since last week,High,Engineering Department
Error in ownership certificate near bus stop for more than a week,Medium,Revenue Department
No water supply in ward 3 frequently occurring,Low,Water Supply Department
Ownership change not updated near bus stop during night hours,Low,Revenue Department
Exposed electric wire in ward 2 frequently occurring,Low,Electrical Department
Culvert damaged in commercial area after heavy rainfall,High,Engineering Department
Potholes on road in ward 2 for more than a week,Medium,Engineering Department
Culvert damaged in commercial area after heavy rainfall,Medium,Engineering Department
Waste collection vehicle not arriving in ward 1 after heavy rainfall,Medium,Solid Waste Management
Open dumping of waste near hospital frequently occurring,Medium,Health Department
Mosquito breeding causing public inconvenience repeatedly reported,Low,Health Department
Zoning regulation violation causing public inconvenience for the past few days,High,Town Planning Department
Plastic waste accumulation near hospital for the past few days,High,Solid Waste Management
Overgrown bushes in park in ward 1 during night hours,High,Parks and Recreation Department
Wrong property tax amount near junction during night hours,Medium,Revenue Department
Waste segregation not followed near apartment complex for the past few days,Low,Solid Waste Management
Illegal construction near apartment complex after heavy rainfall,Low,Engineering Department
Potholes on road in ward 4 frequently occurring,Low,Engineering Department
Unsafe building structure in ward 1 frequently occurring,Low,Engineering Department
Waste segregation not followed reported by residents repeatedly reported,High,Solid Waste Management
Plastic waste accumulation in ward 4 after heavy rainfall,Low,Solid Waste Management
Incorrect tax arrears near school after heavy rainfall,Medium,Revenue Department
Building number not assigned in ward 4 frequently occurring,High,Engineering Department
Ownership change not updated in ward 4 for the past few days,Medium,Revenue Department
Mosquito breeding near market after heavy rainfall,Low,Health Department
Incorrect tax arrears in ward 1 since last week,Medium,Revenue Department
Error in ownership certificate in ward 3 for more than a week,Low,Revenue Department
Mutation delayed in ward 3 since last week,Low,Revenue Department
Vacant land tax issue in ward 1 during night hours,Low,Revenue Department
Damaged drainage system in ward 4 for more than a week,High,Engineering Department
Road repair delayed in ward 4 frequently occurring,Medium,Engineering Department
Building permit delayed near residential area after heavy rainfall,Low,Town Planning Department
Waste segregation not followed near park since last week,Medium,Solid Waste Management
Error in ownership certificate near residential area frequently occurring,Medium,Revenue Department
Burning of waste in open area near junction since last week,High,Solid Waste Management
Blocked drain causing public inconvenience during night hours,Medium,Health Department
Electric pole damaged near apartment complex for more than a week,Low,Electrical Department
Duplicate tax demand near hospital for the past few days,Low,Revenue Department
Waste collection vehicle not arriving in commercial area for the past few days,Low,Solid Waste Management
Bus route information missing near school during night hours,Low,Public Transport Department
Storm water drain blocked near main road during night hours,Low,Engineering Department
Garbage not collected near apartment complex for more than a week,Medium,Health Department
Garbage bin overflow near hospital for the past few days,High,Solid Waste Management
Dead animal not removed in ward 2 since last week,High,Health Department
Dead animal not removed in ward 3 frequently occurring,Low,Health Department
Public park not maintained in ward 4 since last week,Medium,Parks and Recreation Department
Illegal construction near junction repeatedly reported,Medium,Engineering Department
Garbage not collected causing public inconvenience for more than a week,Low,Health Department
Sewage overflow reported by residents after heavy rainfall,Low,Health Department
Open dumping of waste near residential area frequently occurring,Medium,Health Department
Electric pole damaged near hospital since last week,Low,Electrical Department
Incorrect tax arrears in ward 3 after heavy rainfall,Low,Revenue Department
Improper waste disposal near park for more than a week,Medium,Health Department
Low water pressure near market repeatedly reported,Low,Water Supply Department
Low water pressure near hospital frequently occurring,Medium,Water Supply Department
Blocked drain near bus stop for more than a week,Medium,Health Department
Low water pressure causing public inconvenience for the past few days,High,Water Supply Department
Water valve damaged near bus stop after heavy rainfall,High,Water Supply Department
Garbage bin overflow in ward 1 since last week,High,Solid Waste Management
Overgrown bushes in park near school frequently occurring,Medium,Parks and Recreation Department
Water valve damaged near market for the past few days,Low,Water Supply Department
Zoning regulation violation near hospital after heavy rainfall,Medium,Town Planning Department
Open dumping of waste in ward 1 frequently occurring,Low,Health Department
Sewage overflow near main road since last week,Medium,Health Department
Error in ownership certificate in commercial area during night hours,High,Revenue Department
Duplicate tax demand in ward 2 frequently occurring,High,Revenue Department
Bus route information missing in commercial area for the past few days,High,Public Transport Department
Garbage bin overflow reported by residents for more than a week,High,Solid Waste Management
Electric pole damaged causing public inconvenience frequently occurring,Medium,Electrical Department
Ownership change not updated causing public inconvenience frequently occurring,Medium,Revenue Department
Low water pressure in commercial area after heavy rainfall,High,Water Supply Department
Road repair delayed near market frequently occurring,Low,Engineering Department
Lack of drinking water in park near school for the past few days,Low,Parks and Recreation Department
No water supply near hospital for more than a week,Low,Water Supply Department
Duplicate tax demand near bus stop for the past few days,Low,Revenue Department
Encroachment on public land in ward 3 during night hours,Low,Town Planning Department
Open dumping of waste in ward 3 after heavy rainfall,High,Health Department
Sewage overflow near hospital repeatedly reported,Low,Health Department
Road repair delayed near school repeatedly reported,Low,Engineering Department
Contaminated drinking water in ward 4 repeatedly reported,High,Water Supply Department
Layout approval pending near bus stop frequently occurring,Low,Town Planning Department
Potholes on road near market repeatedly reported,Low,Engineering Department
Public park not maintained in ward 4 since last week,Low,Parks and Recreation Department
Overgrown bushes in park reported by residents after heavy rainfall,High,Parks and Recreation Department
Blocked drain in ward 3 for more than a week,High,Health Department
Lack of drinking water in park near main road since last week,Low,Parks and Recreation Department
Burning of waste in open area in ward 4 frequently occurring,Medium,Solid Waste Management
Illegal construction near main road repeatedly reported,Medium,Engineering Department
Open dumping of waste in ward 3 frequently occurring,Low,Health Department
Waste collection vehicle not arriving in ward 4 frequently occurring,High,Solid Waste Management
Public park not maintained near park during night hours,Medium,Parks and Recreation Department
Water pipeline leakage reported by residents after heavy rainfall,Medium,Water Supply Department
Burning of waste in open area near hospital repeatedly reported,High,Solid Waste Management
Mutation delayed near bus stop for more than a week,Medium,Revenue Department
Road repair delayed near bus stop frequently occurring,Medium,Engineering Department
Unsafe building structure near school after heavy rainfall,Medium,Engineering Department
Building permit delayed in ward 3 for more than a week,Medium,Town Planning Department
No water supply near residential area repeatedly reported,High,Water Supply Department
Broken play equipment in park near junction for more than a week,Low,Parks and Recreation Department
Broken play equipment in park in ward 3 since last week,Low,Parks and Recreation Department
Cracks in public building in ward 4 after heavy rainfall,Medium,Engineering Department
Damaged drainage system near market during night hours,High,Engineering Department
Dead animal not removed in ward 1 frequently occurring,Low,Health Department
Burning of waste in open area near bus stop since last week,Medium,Solid Waste Management
Dead animal not removed near apartment complex for the past few days,Medium,Health Department
No water supply near residential area since last week,High,Water Supply Department
Property tax not assessed near hospital for more than a week,Medium,Revenue Department
Park lights not working near market after heavy rainfall,Low,Parks and Recreation Department
Building number not assigned near school frequently occurring,Low,Engineering Department
Cracks in public building in ward 4 repeatedly reported,Low,Engineering Department
Park lights not working reported by residents repeatedly reported,Medium,Parks and Recreation Department
Cracks in public building causing public inconvenience for the past few days,Low,Engineering Department
Blocked drain reported by residents since last week,High,Health Department
Mosquito breeding in ward 4 for more than a week,Low,Health Department
Stray dog nuisance near school frequently occurring,High,Health Department
Building permit delayed near bus stop for the past few days,Low,Town Planning Department
Loose street light connection near school after heavy rainfall,Low,Electrical Department
Improper waste disposal near school during night hours,High,Health Department
Mutation delayed in ward 4 repeatedly reported,Medium,Revenue Department
Waste segregation not followed near residential area since last week,Low,Solid Waste Management
Broken footpath near school for the past few days,Low,Engineering Department
Error in ownership certificate near main road during night hours,Medium,Revenue Department
Public park not maintained near school for the past few days,Low,Parks and Recreation Department
Low water pressure near residential area after heavy rainfall,Medium,Water Supply Department
Unauthorized land use in ward 2 after heavy rainfall,Medium,Town Planning Department
Garbage bin overflow near bus stop repeatedly reported,High,Solid Waste Management
No water supply in commercial area for more than a week,High,Water Supply Department
Road repair delayed in ward 2 for the past few days,High,Engineering Department
Stray dog nuisance in commercial area frequently occurring,High,Health Department
Plastic waste accumulation near residential area for more than a week,Medium,Solid Waste Management
Burning of waste in open area near park repeatedly reported,High,Solid Waste Management
Loose street light connection near park frequently occurring,Low,Electrical Department
Public toilet not cleaned in ward 3 after heavy rainfall,Low,Health Department
Incorrect tax arrears near junction during night hours,Medium,Revenue Department
Public toilet not cleaned near apartment complex for the past few days,Medium,Health Department
Sewage overflow near park repeatedly reported,Low,Health Department
Mosquito breeding in ward 3 for more than a week,Medium,Health Department
Unsafe building structure near park after heavy rainfall,Low,Engineering Department
Encroachment on public land near junction for more than a week,High,Town Planning Department
Culvert damaged in ward 2 since last week,Low,Engineering Department
Dead animal not removed in ward 1 since last week,Low,Health Department
Water valve damaged near apartment complex during night hours,Low,Water Supply Department
Bus shelter damaged causing public inconvenience after heavy rainfall,Medium,Public Transport Department
Vacant land tax issue in commercial area repeatedly reported,High,Revenue Department
Garbage not collected near park during night hours,High,Health Department
Contaminated drinking water reported by residents during night hours,Medium,Water Supply Department
Stray dog nuisance near park during night hours,Medium,Health Department
Garbage not collected in ward 4 after heavy rainfall,High,Health Department
Unsafe building structure near main road for the past few days,Low,Engineering Department
Zoning regulation violation in ward 2 since last week,High,Town Planning Department
Stray dog nuisance near hospital frequently occurring,Medium,Health Department
Public toilet not cleaned in ward 4 during night hours,High,Health Department
Waste collection vehicle not arriving near park frequently occurring,Low,Solid Waste Management
Contaminated drinking water in ward 3 for the past few days,High,Water Supply Department
Layout approval pending near hospital for more than a week,Low,Town Planning Department
Building permit delayed in ward 1 for more than a week,High,Town Planning Department
Potholes on road near bus stop for the past few days,Medium,Engineering Department
Building permit delayed in ward 1 after heavy rainfall,Medium,Town Planning Department
Garbage bin overflow near main road during night hours,Low,Solid Waste Management
Garbage bin overflow near main road for the past few days,High,Solid Waste Management
Waste segregation not followed near residential area after heavy rainfall,Medium,Solid Waste Management
Culvert damaged near park for the past few days,Low,Engineering Department
Electric pole damaged near main road for the past few days,Low,Electrical Department
Culvert damaged in ward 2 for the past few days,High,Engineering Department
Mutation delayed in ward 1 frequently occurring,Low,Revenue Department
Storm water drain blocked in ward 2 since last week,Medium,Engineering Department
Street light not working reported by residents during night hours,High,Electrical Department
Building permit delayed near junction frequently occurring,Low,Town Planning Department
Duplicate tax demand near residential area frequently occurring,Low,Revenue Department
Public toilet not cleaned causing public inconvenience since last week,Low,Health Department
Zoning regulation violation reported by residents for more than a week,Low,Town Planning Department
Frequent power failure near school frequently occurring,Medium,Electrical Department
Waste collection vehicle not arriving in ward 1 frequently occurring,High,Solid Waste Management
Public toilet not cleaned near apartment complex repeatedly reported,High,Health Department
Mosquito breeding near bus stop during night hours,Medium,Health Department
Lack of drinking water in park causing public inconvenience since last week,Medium,Parks and Recreation Department
Storm water drain blocked reported by residents frequently occurring,Medium,Engineering Department
Blocked drain near bus stop frequently occurring,Low,Health Department
Plastic waste accumulation in ward 4 repeatedly reported,High,Solid Waste Management
Duplicate tax demand near junction repeatedly reported,High,Revenue Department
Incorrect property classification near hospital after heavy rainfall,Medium,Revenue Department
Sewage overflow near junction during night hours,Low,Health Department
Building number not assigned near bus stop for the past few days,Medium,Engineering Department
Electric pole damaged causing public inconvenience during night hours,Low,Electrical Department
Building permit delayed reported by residents for more than a week,Low,Town Planning Department
Burning of waste in open area near hospital for more than a week,Medium,Solid Waste Management
Illegal construction in ward 4 since last week,High,Engineering Department
Vacant land tax issue near bus stop repeatedly reported,High,Revenue Department
Burning of waste in open area in ward 4 frequently occurring,Low,Solid Waste Management
Water valve damaged near residential area since last week,High,Water Supply Department
Street light not working near hospital for more than a week,Low,Electrical Department
Overgrown bushes in park in commercial area for more than a week,Low,Parks and Recreation Department
Low water pressure causing public inconvenience after heavy rainfall,High,Water Supply Department
Building permit delayed near park for more than a week,High,Town Planning Department
Incorrect tax arrears reported by residents repeatedly reported,Medium,Revenue Department
Garbage bin overflow near junction for more than a week,High,Solid Waste Management
Encroachment on public land near bus stop frequently occurring,High,Town Planning Department
Waste collection vehicle not arriving in ward 1 since last week,Low,Solid Waste Management
Encroachment on public land in ward 1 for more than a week,High,Town Planning Department
Exposed electric wire near school for the past few days,Low,Electrical Department
Mosquito breeding near park for the past few days,Medium,Health Department
Unsafe building structure near apartment complex during night hours,High,Engineering Department
Culvert damaged near residential area during night hours,Medium,Engineering Department
Improper waste disposal in ward 1 frequently occurring,High,Health Department
Open dumping of waste in ward 2 during night hours,Low,Health Department
Error in ownership certificate causing public inconvenience repeatedly reported,High,Revenue Department
Blocked drain near park repeatedly reported,Medium,Health Department
Contaminated drinking water near school for more than a week,High,Water Supply Department
Plastic waste accumulation near school after heavy rainfall,Medium,Solid Waste Management
Building number not assigned near residential area for more than a week,High,Engineering Department
Storm water drain blocked near apartment complex after heavy rainfall,High,Engineering Department
Sewage overflow in ward 1 during night hours,High,Health Department
Exposed electric wire near main road after heavy rainfall,Low,Electrical Department
Water valve damaged in ward 1 for more than a week,Medium,Water Supply Department
Unauthorized land use near hospital since last week,Medium,Town Planning Department
Improper waste disposal near market for more than a week,High,Health Department
Loose street light connection in ward 2 after heavy rainfall,Low,Electrical Department
Potholes on road near apartment complex since last week,High,Engineering Department
Broken footpath near main road for the past few days,Low,Engineering Department
Bus route information missing near residential area for more than a week,Low,Public Transport Department
Exposed electric wire in ward 3 after heavy rainfall,High,Electrical Department
Vacant land tax issue in ward 2 after heavy rainfall,High,Revenue Department
Unsafe building structure near main road after heavy rainfall,Medium,Engineering Department
Blocked drain near school for more than a week,Low,Health Department
Potholes on road near bus stop for more than a week,Medium,Engineering Department
Road repair delayed in ward 1 for the past few days,Medium,Engineering Department
Exposed electric wire near bus stop frequently occurring,High,Electrical Department
Frequent power failure reported by residents after heavy rainfall,Low,Electrical Department
Mutation delayed near apartment complex during night hours,Medium,Revenue Department
Property tax not assessed in commercial area repeatedly reported,Low,Revenue Department
Damaged drainage system in ward 3 frequently occurring,High,Engineering Department
Encroachment on public land near park for more than a week,Medium,Town Planning Department
Burning of waste in open area in ward 3 during night hours,High,Solid Waste Management
Burning of waste in open area in commercial area for the past few days,High,Solid Waste Management
Wrong property tax amount causing public inconvenience for the past few days,Medium,Revenue Department
Duplicate tax demand in ward 1 frequently occurring,Medium,Revenue Department
Sewage overflow causing public inconvenience frequently occurring,Low,Health Department
Mutation delayed near park since last week,Medium,Revenue Department
Waste collection vehicle not arriving in ward 2 for more than a week,Medium,Solid Waste Management
Unsafe building structure reported by residents since last week,High,Engineering Department
Broken play equipment in park causing public inconvenience frequently occurring,Medium,Parks and Recreation Department
Food waste causing foul smell reported by residents after heavy rainfall,Low,Health Department
Bus route information missing near junction during night hours,High,Public Transport Department
Improper waste disposal causing public inconvenience during night hours,Low,Health Department
Bus stop without seating in ward 4 frequently occurring,High,Public Transport Department
Blocked drain near park for the past few days,High,Health Department
Garbage bin overflow causing public inconvenience repeatedly reported,Medium,Solid Waste Management
Waste segregation not followed in ward 4 since last week,Medium,Solid Waste Management
Contaminated drinking water near bus stop since last week,High,Water Supply Department
Culvert damaged near apartment complex after heavy rainfall,Low,Engineering Department
Water valve damaged in ward 3 for the past few days,Low,Water Supply Department
Waste collection vehicle not arriving near apartment complex repeatedly reported,Low,Solid Waste Management
Unsafe building structure near main road frequently occurring,Low,Engineering Department
Cracks in public building in ward 4 during night hours,Low,Engineering Department
Garbage not collected near main road for more than a week,High,Health Department
Mutation delayed near market since last week,Medium,Revenue Department
Cracks in public building near bus stop after heavy rainfall,Medium,Engineering Department
Garbage not collected near residential area frequently occurring,Medium,Health Department
Illegal parking near bus stop near junction since last week,Low,Public Transport Department
Improper waste disposal near residential area during night hours,Medium,Health Department
Stray dog nuisance near junction since last week,Medium,Health Department
Stray dog nuisance near residential area after heavy rainfall,High,Health Department
Open dumping of waste near bus stop after heavy rainfall,Medium,Health Department
Bus stop without seating near main road for more than a week,Low,Public Transport Department
Overgrown bushes in park near residential area since last week,Low,Parks and Recreation Department
Unsafe building structure near junction frequently occurring,Low,Engineering Department
Public park not maintained near hospital after heavy rainfall,High,Parks and Recreation Department
Garbage not collected near main road for the past few days,High,Health Department
Waste segregation not followed near bus stop for more than a week,High,Solid Waste Management
Lack of drinking water in park near junction frequently occurring,Medium,Parks and Recreation Department
Frequent power failure near hospital for the past few days,High,Electrical Department
Building number not assigned near bus stop for more than a week,Medium,Engineering Department
Ownership change not updated causing public inconvenience during night hours,High,Revenue Department
Incorrect property classification near market repeatedly reported,Low,Revenue Department
No water supply in ward 1 during night hours,High,Water Supply Department
Burning of waste in open area in ward 2 during night hours,Low,Solid Waste Management
Vacant land tax issue reported by residents frequently occurring,Low,Revenue Department
Improper waste disposal near school after heavy rainfall,High,Health Department
Mutation delayed near hospital for more than a week,Medium,Revenue Department
Water pipeline leakage near junction since last week,High,Water Supply Department
Error in ownership certificate near bus stop for the past few days,High,Revenue Department
Unauthorized land use near apartment complex for the past few days,Medium,Town Planning Department
Duplicate tax demand near park for more than a week,High,Revenue Department
Open dumping of waste in ward 2 repeatedly reported,Medium,Health Department
Cracks in public building near main road frequently occurring,Medium,Engineering Department
Illegal construction in ward 2 for more than a week,Low,Engineering Department
Culvert damaged reported by residents for more than a week,Low,Engineering Department
Waste collection vehicle not arriving near market after heavy rainfall,Medium,Solid Waste Management
Garbage not collected in commercial area frequently occurring,High,Health Department
Incorrect property classification in ward 1 during night hours,Low,Revenue Department
Bus route information missing near apartment complex after heavy rainfall,High,Public Transport Department
Garbage not collected in ward 1 frequently occurring,Low,Health Department
Street light not working near park frequently occurring,Medium,Electrical Department
Waste collection vehicle not arriving reported by residents after heavy rainfall,Medium,Solid Waste Management
Unsafe building structure near junction during night hours,High,Engineering Department
Frequent power failure in ward 1 frequently occurring,Low,Electrical Department
Electric pole damaged near residential area for more than a week,High,Electrical Department
Garbage bin overflow near residential area after heavy rainfall,Medium,Solid Waste Management
Garbage not collected near bus stop during night hours,High,Health Department
Contaminated drinking water near hospital after heavy rainfall,High,Water Supply Department
Ownership change not updated in ward 4 since last week,High,Revenue Department
No water supply near school for more than a week,High,Water Supply Department
Incorrect tax arrears causing public inconvenience for more than a week,High,Revenue Department
Waste collection vehicle not arriving in ward 3 for more than a week,High,Solid Waste Management
Broken footpath in ward 2 during night hours,High,Engineering Department
Water pipeline leakage near school during night hours,Low,Water Supply Department
Property tax not assessed near apartment complex after heavy rainfall,Medium,Revenue Department
Broken footpath near bus stop since last week,High,Engineering Department
Property tax not assessed near park during night hours,Medium,Revenue Department
Exposed electric wire near park after heavy rainfall,Medium,Electrical Department
Dead animal not removed near main road for the past few days,Low,Health Department
Bus stop without seating reported by residents during night hours,High,Public Transport Department
Illegal parking near bus stop near park repeatedly reported,Medium,Public Transport Department
Contaminated drinking water near school repeatedly reported,Medium,Water Supply Department
Mutation delayed in commercial area during night hours,Medium,Revenue Department
Plastic waste accumulation near residential area for the past few days,Low,Solid Waste Management
Unsafe building structure near residential area for the past few days,High,Engineering Department
Public park not maintained near main road for the past few days,Low,Parks and Recreation Department
Road repair delayed near apartment complex since last week,Low,Engineering Department
Frequent power failure reported by residents after heavy rainfall,High,Electrical Department
Ownership change not updated in ward 3 during night hours,Low,Revenue Department
Bus stop without seating causing public inconvenience frequently occurring,Low,Public Transport Department
No water supply in commercial area repeatedly reported,Low,Water Supply Department
Error in ownership certificate near hospital for the past few days,Low,Revenue Department
Broken footpath near park during night hours,Medium,Engineering Department
Loose street light connection reported by residents since last week,High,Electrical Department
Building number not assigned causing public inconvenience for more than a week,Low,Engineering Department
Low water pressure in commercial area for more than a week,Medium,Water Supply Department
Waste collection vehicle not arriving near market since last week,Low,Solid Waste Management
Garbage not collected in ward 1 for the past few days,Low,Health Department
Incorrect tax arrears in ward 1 for the past few days,Low,Revenue Department
Unauthorized land use near park for more than a week,Medium,Town Planning Department
Low water pressure near residential area during night hours,High,Water Supply Department
Waste segregation not followed in commercial area for more than a week,Low,Solid Waste Management
Culvert damaged near apartment complex since last week,Medium,Engineering Department
Incorrect tax arrears near junction since last week,Low,Revenue Department
Unsafe building structure near bus stop during night hours,High,Engineering Department
Storm water drain blocked in ward 3 for more than a week,Medium,Engineering Department
Wrong property tax amount near park since last week,Medium,Revenue Department
Burning of waste in open area in ward 1 for the past few days,Low,Solid Waste Management
Contaminated drinking water in ward 2 for more than a week,Medium,Water Supply Department
Incorrect tax arrears near market for the past few days,Low,Revenue Department
Overgrown bushes in park near bus stop during night hours,Low,Parks and Recreation Department
Public toilet not cleaned near hospital after heavy rainfall,Low,Health Department
Plastic waste accumulation reported by residents for the past few days,High,Solid Waste Management
Storm water drain blocked causing public inconvenience repeatedly reported,High,Engineering Department
Lack of drinking water in park near school repeatedly reported,High,Parks and Recreation Department
Vacant land tax issue near market after heavy rainfall,High,Revenue Department
Water pipeline leakage causing public inconvenience for the past few days,High,Water Supply Department
Damaged drainage system in ward 2 since last week,Medium,Engineering Department
Sewage overflow near main road for more than a week,Medium,Health Department
Water valve damaged near main road after heavy rainfall,Medium,Water Supply Department
Illegal construction near main road since last week,Low,Engineering Department
Loose street light connection near bus stop repeatedly reported,Low,Electrical Department
Broken footpath in ward 4 after heavy rainfall,Medium,Engineering Department
Public park not maintained near hospital frequently occurring,High,Parks and Recreation Department
Garbage bin overflow near junction frequently occurring,Low,Solid Waste Management
Improper waste disposal causing public inconvenience after heavy rainfall,Low,Health Department
Layout approval pending in commercial area repeatedly reported,Medium,Town Planning Department
Vacant land tax issue in ward 2 for more than a week,Low,Revenue Department
Incorrect property classification near apartment complex frequently occurring,High,Revenue Department
Property tax not assessed near junction after heavy rainfall,Low,Revenue Department
Vacant land tax issue near school since last week,Low,Revenue Department
Property tax not assessed in commercial area frequently occurring,Medium,Revenue Department
Cracks in public building in ward 1 frequently occurring,Medium,Engineering Department
Garbage not collected near market since last week,Low,Health Department
Mosquito breeding in ward 4 during night hours,Medium,Health Department
Contaminated drinking water near market frequently occurring,High,Water Supply Department
Sewage overflow reported by residents during night hours,Low,Health Department
Water pipeline leakage in ward 4 repeatedly reported,High,Water Supply Department
Road repair delayed near market during night hours,Medium,Engineering Department
Street light not working in ward 2 frequently occurring,Low,Electrical Department
Incorrect tax arrears near main road after heavy rainfall,High,Revenue Department
Stray dog nuisance in ward 1 for more than a week,Low,Health Department
Broken play equipment in park near residential area after heavy rainfall,High,Parks and Recreation Department
Damaged drainage system in ward 4 repeatedly reported,High,Engineering Department
Electric pole damaged in ward 4 repeatedly reported,Medium,Electrical Department
Low water pressure in ward 2 repeatedly reported,High,Water Supply Department
Building number not assigned near hospital frequently occurring,High,Engineering Department
Street light not working near park repeatedly reported,Medium,Electrical Department
Damaged drainage system near park for more than a week,Low,Engineering Department
Unsafe building structure near hospital since last week,Low,Engineering Department
Unsafe building structure near apartment complex repeatedly reported,High,Engineering Department
Layout approval pending near hospital for the past few days,Medium,Town Planning Department
Water valve damaged near main road repeatedly reported,Low,Water Supply Department
Plastic waste accumulation near apartment complex after heavy rainfall,Low,Solid Waste Management
Duplicate tax demand in ward 3 for the past few days,High,Revenue Department
Lack of drinking water in park near main road during night hours,Low,Parks and Recreation Department
Electric pole damaged near main road since last week,Low,Electrical Department
Blocked drain in ward 3 since last week,Low,Health Department
Public toilet not cleaned in ward 1 during night hours,High,Health Department
Mutation delayed near bus stop for more than a week,Low,Revenue Department
Illegal construction causing public inconvenience for the past few days,High,Engineering Department
Sewage overflow in ward 4 since last week,High,Health Department
Bus route information missing near park since last week,High,Public Transport Department
Storm water drain blocked reported by residents for more than a week,High,Engineering Department
Electric pole damaged near hospital since last week,Medium,Electrical Department
Plastic waste accumulation reported by residents for the past few days,Low,Solid Waste Management
Poor condition of bus shelter roof near hospital after heavy rainfall,Medium,Public Transport Department
Waste segregation not followed causing public inconvenience during night hours,Low,Solid Waste Management
Water valve damaged in ward 3 repeatedly reported,Low,Water Supply Department
Wrong property tax amount near market repeatedly reported,Low,Revenue Department
Damaged drainage system near main road for the past few days,High,Engineering Department
Burning of waste in open area near school during night hours,Medium,Solid Waste Management
Road repair delayed near residential area after heavy rainfall,Low,Engineering Department
Error in ownership certificate near residential area after heavy rainfall,High,Revenue Department
Sewage overflow in ward 4 for more than a week,Low,Health Department
Duplicate tax demand near hospital repeatedly reported,Low,Revenue Department
Stray dog nuisance reported by residents during night hours,Low,Health Department
Unsafe building structure near residential area during night hours,Medium,Engineering Department
Street light not working in ward 4 for more than a week,Medium,Electrical Department
Door number mismatch causing public inconvenience for the past few days,Medium,Revenue Department
Culvert damaged near main road repeatedly reported,Low,Engineering Department
Potholes on road reported by residents after heavy rainfall,Medium,Engineering Department
Culvert damaged in ward 2 for the past few days,Medium,Engineering Department
Duplicate tax demand near residential area for the past few days,High,Revenue Department
Food waste causing foul smell near main road repeatedly reported,Medium,Health Department
Property tax not assessed near school for more than a week,Low,Revenue Department
Public park not maintained near apartment complex for the past few days,Low,Parks and Recreation Department
Ownership change not updated in ward 3 for the past few days,High,Revenue Department
Vacant land tax issue in ward 3 during night hours,Medium,Revenue Department
Damaged drainage system in ward 3 for the past few days,Medium,Engineering Department
Unauthorized land use causing public inconvenience frequently occurring,Low,Town Planning Department
Food waste causing foul smell near park during night hours,High,Health Department
Mutation delayed near park during night hours,High,Revenue Department
Road repair delayed near park repeatedly reported,Low,Engineering Department
Road repair delayed near market after heavy rainfall,Medium,Engineering Department
Lack of drinking water in park in ward 1 since last week,Low,Parks and Recreation Department
Illegal parking near bus stop near bus stop frequently occurring,Medium,Public Transport Department
Incorrect property classification near apartment complex during night hours,Medium,Revenue Department
Illegal parking near bus stop near apartment complex for the past few days,High,Public Transport Department
Loose street light connection near hospital frequently occurring,Medium,Electrical Department
Burning of waste in open area near hospital since last week,Low,Solid Waste Management
Wrong property tax amount reported by residents for more than a week,High,Revenue Department
Damaged drainage system near main road during night hours,Medium,Engineering Department
Door number mismatch near park during night hours,Medium,Revenue Department
Loose street light connection in commercial area during night hours,Low,Electrical Department
Improper waste disposal in ward 3 after heavy rainfall,Medium,Health Department
Unauthorized land use near park frequently occurring,Medium,Town Planning Department
Contaminated drinking water near bus stop for more than a week,High,Water Supply Department
Mutation delayed in commercial area after heavy rainfall,Medium,Revenue Department
Vacant land tax issue near hospital for more than a week,Low,Revenue Department
Error in ownership certificate near main road frequently occurring,High,Revenue Department
Damaged drainage system in ward 2 since last week,High,Engineering Department
Waste segregation not followed near park during night hours,Medium,Solid Waste Management
Mutation delayed near hospital after heavy rainfall,Medium,Revenue Department
Road repair delayed causing public inconvenience after heavy rainfall,Medium,Engineering Department
Plastic waste accumulation near main road after heavy rainfall,Low,Solid Waste Management
Burning of waste in open area in ward 3 repeatedly reported,High,Solid Waste Management
Door number mismatch causing public inconvenience after heavy rainfall,Low,Revenue Department
Door number mismatch in ward 2 after heavy rainfall,Medium,Revenue Department
Frequent power failure near park since last week,High,Electrical Department
Ownership change not updated in ward 4 since last week,Medium,Revenue Department
Property tax not assessed in ward 2 frequently occurring,High,Revenue Department
Layout approval pending causing public inconvenience frequently occurring,Low,Town Planning Department
Sewage overflow near main road for the past few days,Medium,Health Department
Park lights not working in ward 3 frequently occurring,Low,Parks and Recreation Department
Overgrown bushes in park near main road since last week,High,Parks and Recreation Department
Building permit delayed near school frequently occurring,High,Town Planning Department
Incorrect tax arrears near residential area since last week,Medium,Revenue Department
Low water pressure near school after heavy rainfall,Low,Water Supply Department
Food waste causing foul smell near residential area since last week,Low,Health Department
Public park not maintained in commercial area frequently occurring,High,Parks and Recreation Department
Burning of waste in open area near park during night hours,Medium,Solid Waste Management
Waste segregation not followed near school for more than a week,Low,Solid Waste Management
Garbage bin overflow near apartment complex since last week,High,Solid Waste Management
Stray dog nuisance near school since last week,Low,Health Department
Overgrown bushes in park near park during night hours,Low,Parks and Recreation Department
Open dumping of waste in ward 4 since last week,Medium,Health Department
Bus shelter damaged near hospital frequently occurring,Medium,Public Transport Department
Poor condition of bus shelter roof near bus stop repeatedly reported,Low,Public Transport Department
Frequent power failure causing public inconvenience after heavy rainfall,Medium,Electrical Department
Contaminated drinking water near residential area during night hours,Low,Water Supply Department
Potholes on road near school since last week,Medium,Engineering Department
Public park not maintained in ward 2 frequently occurring,High,Parks and Recreation Department
Dead animal not removed near school repeatedly reported,Low,Health Department
Bus stop without seating near bus stop for the past few days,Low,Public Transport Department
Building number not assigned near school frequently occurring,Medium,Engineering Department
Burning of waste in open area near bus stop repeatedly reported,High,Solid Waste Management
Water pipeline leakage near main road after heavy rainfall,Medium,Water Supply Department
Vacant land tax issue near apartment complex for the past few days,Medium,Revenue Department
Low water pressure near park after heavy rainfall,Low,Water Supply Department
Property tax not assessed in ward 1 repeatedly reported,Low,Revenue Department
Broken footpath near main road repeatedly reported,Low,Engineering Department
Waste segregation not followed in ward 1 for the past few days,Medium,Solid Waste Management
Road repair delayed near apartment complex during night hours,Low,Engineering Department
Improper waste disposal near bus stop for more than a week,Medium,Health Department
Garbage bin overflow in ward 3 repeatedly reported,Low,Solid Waste Management
Low water pressure in ward 3 for more than a week,Low,Water Supply Department
Error in ownership certificate near park for the past few days,Medium,Revenue Department
Waste segregation not followed near school for more than a week,High,Solid Waste Management
Potholes on road near main road repeatedly reported,Medium,Engineering Department
Water valve damaged near main road for the past few days,High,Water Supply Department
Waste collection vehicle not arriving in ward 4 repeatedly reported,Medium,Solid Waste Management
Garbage not collected near main road after heavy rainfall,Medium,Health Department
Poor condition of bus shelter roof causing public inconvenience for the past few days,High,Public Transport Department
Ownership change not updated in ward 2 during night hours,Low,Revenue Department
Door number mismatch in ward 3 since last week,High,Revenue Department
Duplicate tax demand causing public inconvenience for more than a week,High,Revenue Department
Duplicate tax demand in commercial area since last week,High,Revenue Department
Plastic waste accumulation in ward 3 after heavy rainfall,High,Solid Waste Management
Property tax not assessed in commercial area since last week,Low,Revenue Department
Garbage not collected reported by residents repeatedly reported,Low,Health Department
Bus route information missing in ward 1 after heavy rainfall,Low,Public Transport Department
Stray dog nuisance near hospital repeatedly reported,Medium,Health Department
Unauthorized land use near residential area frequently occurring,High,Town Planning Department
Ownership change not updated reported by residents repeatedly reported,Low,Revenue Department
Dead animal not removed near junction frequently occurring,High,Health Department
Incorrect property classification near apartment complex repeatedly reported,Medium,Revenue Department
Garbage not collected near junction for more than a week,Medium,Health Department
Plastic waste accumulation in ward 2 for the past few days,High,Solid Waste Management
Storm water drain blocked near main road after heavy rainfall,Medium,Engineering Department
Potholes on road near market for more than a week,Low,Engineering Department
Improper waste disposal near hospital after heavy rainfall,Medium,Health Department
Exposed electric wire in ward 1 during night hours,High,Electrical Department
Incorrect tax arrears near market after heavy rainfall,Medium,Revenue Department
Illegal parking near bus stop near park for more than a week,Low,Public Transport Department
Stray dog nuisance near residential area for the past few days,High,Health Department
Storm water drain blocked in commercial area repeatedly reported,Medium,Engineering Department
Open dumping of waste causing public inconvenience after heavy rainfall,High,Health Department
Wrong property tax amount near market since last week,Low,Revenue Department
Exposed electric wire near junction since last week,Low,Electrical Department
Street light not working in ward 1 since last week,Low,Electrical Department
Building number not assigned reported by residents frequently occurring,Low,Engineering Department
Waste collection vehicle not arriving causing public inconvenience after heavy rainfall,High,Solid Waste Management
Loose street light connection near bus stop for the past few days,Medium,Electrical Department
Duplicate tax demand reported by residents repeatedly reported,Low,Revenue Department
Bus route information missing near hospital for the past few days,High,Public Transport Department
Incorrect property classification near apartment complex during night hours,High,Revenue Department
Bus shelter damaged near park for more than a week,High,Public Transport Department
Potholes on road near hospital since last week,Low,Engineering Department
Illegal parking near bus stop in ward 1 for more than a week,Low,Public Transport Department
Vacant land tax issue causing public inconvenience for the past few days,Low,Revenue Department
Cracks in public building near apartment complex since last week,High,Engineering Department
Potholes on road near hospital for more than a week,Medium,Engineering Department
Vacant land tax issue in ward 1 after heavy rainfall,High,Revenue Department
Garbage bin overflow in commercial area for the past few days,Low,Solid Waste Management
Error in ownership certificate near market repeatedly reported,Low,Revenue Department
Plastic waste accumulation reported by residents for more than a week,High,Solid Waste Management
Storm water drain blocked near junction frequently occurring,Low,Engineering Department
Street light not working near residential area for the past few days,Low,Electrical Department
Open dumping of waste near junction since last week,Medium,Health Department
Broken footpath near market after heavy rainfall,High,Engineering Department
Illegal parking near bus stop near hospital since last week,Low,Public Transport Department
No water supply near apartment complex after heavy rainfall,High,Water Supply Department
Loose street light connection near park for more than a week,Low,Electrical Department
Building permit delayed in ward 2 for more than a week,Medium,Town Planning Department
Waste collection vehicle not arriving reported by residents for more than a week,Medium,Solid Waste Management
Illegal construction in ward 1 for the past few days,Medium,Engineering Department
Garbage bin overflow near park for more than a week,High,Solid Waste Management
Building permit delayed near junction after heavy rainfall,Low,Town Planning Department
Waste segregation not followed near apartment complex for the past few days,Medium,Solid Waste Management
Illegal parking near bus stop reported by residents for more than a week,High,Public Transport Department
Open dumping of waste in ward 1 during night hours,Low,Health Department
Dead animal not removed in ward 4 after heavy rainfall,Medium,Health Department
Mosquito breeding near apartment complex during night hours,Medium,Health Department
Door number mismatch near residential area after heavy rainfall,Medium,Revenue Department
Plastic waste accumulation near main road during night hours,Medium,Solid Waste Management
Contaminated drinking water in ward 3 frequently occurring,High,Water Supply Department
Electric pole damaged near hospital repeatedly reported,Low,Electrical Department
Exposed electric wire in ward 2 for the past few days,Low,Electrical Department
Cracks in public building near main road frequently occurring,High,Engineering Department
Cracks in public building near apartment complex frequently occurring,Medium,Engineering Department
Waste collection vehicle not arriving in commercial area repeatedly reported,High,Solid Waste Management
Building permit delayed near bus stop for more than a week,Low,Town Planning Department
Error in ownership certificate in ward 3 since last week,Medium,Revenue Department
Burning of waste in open area in commercial area repeatedly reported,High,Solid Waste Management
Waste collection vehicle not arriving near apartment complex for more than a week,High,Solid Waste Management
Incorrect tax arrears near market since last week,Low,Revenue Department
Encroachment on public land near junction for the past few days,Low,Town Planning Department
Road repair delayed near hospital during night hours,High,Engineering Department
Building number not assigned near main road repeatedly reported,Low,Engineering Department
Wrong property tax amount near junction since last week,High,Revenue Department
Culvert damaged near school repeatedly reported,High,Engineering Department
Open dumping of waste near market after heavy rainfall,High,Health Department
Mosquito breeding in ward 3 after heavy rainfall,Medium,Health Department
Incorrect property classification causing public inconvenience during night hours,Medium,Revenue Department
Water valve damaged near school for more than a week,High,Water Supply Department
Lack of drinking water in park near main road for the past few days,High,Parks and Recreation Department
Duplicate tax demand in ward 3 since last week,Low,Revenue Department
Broken footpath reported by residents frequently occurring,Low,Engineering Department
Duplicate tax demand near school for the past few days,Low,Revenue Department
Water valve damaged near apartment complex for more than a week,Medium,Water Supply Department
Layout approval pending in ward 1 during night hours,High,Town Planning Department
Layout approval pending near school during night hours,Low,Town Planning Department
Garbage not collected near apartment complex during night hours,Medium,Health Department
Public park not maintained near main road during night hours,High,Parks and Recreation Department
Property tax not assessed causing public inconvenience repeatedly reported,Medium,Revenue Department
Open dumping of waste reported by residents since last week,High,Health Department
Contaminated drinking water near main road repeatedly reported,High,Water Supply Department
Mosquito breeding near hospital after heavy rainfall,Low,Health Department
Storm water drain blocked near school repeatedly reported,High,Engineering Department
Waste segregation not followed in commercial area repeatedly reported,Low,Solid Waste Management
Open dumping of waste near apartment complex repeatedly reported,Medium,Health Department
Water pipeline leakage near apartment complex during night hours,Low,Water Supply Department
Lack of drinking water in park near bus stop frequently occurring,Low,Parks and Recreation Department
Plastic waste accumulation near park for more than a week,Medium,Solid Waste Management
Food waste causing foul smell near hospital after heavy rainfall,High,Health Department
Contaminated drinking water in ward 2 for the past few days,High,Water Supply Department
Plastic waste accumulation in commercial area since last week,Medium,Solid Waste Management
Ownership change not updated near hospital since last week,High,Revenue Department
Waste segregation not followed near junction since last week,Low,Solid Waste Management
Door number mismatch in ward 4 repeatedly reported,High,Revenue Department
Contaminated drinking water near park for more than a week,Medium,Water Supply Department
Road repair delayed near park after heavy rainfall,Medium,Engineering Department
Burning of waste in open area causing public inconvenience for the past few days,High,Solid Waste Management
Sewage overflow in ward 3 during night hours,High,Health Department
Mosquito breeding in ward 1 for more than a week,Medium,Health Department
Incorrect tax arrears reported by residents for more than a week,Medium,Revenue Department
Electric pole damaged in ward 1 for more than a week,Medium,Electrical Department
Waste segregation not followed in ward 4 for more than a week,Medium,Solid Waste Management
Street light not working near apartment complex for more than a week,High,Electrical Department
Lack of drinking water in park in ward 3 repeatedly reported,Medium,Parks and Recreation Department
Sewage overflow near park repeatedly reported,High,Health Department
Park lights not working near school repeatedly reported,Low,Parks and Recreation Department
Street light not working near residential area after heavy rainfall,Low,Electrical Department
No water supply near apartment complex frequently occurring,Medium,Water Supply Department
Garbage bin overflow near apartment complex after heavy rainfall,High,Solid Waste Management
Open dumping of waste near junction for the past few days,Medium,Health Department
Door number mismatch near park for more than a week,Medium,Revenue Department
Building number not assigned in ward 2 during night hours,Medium,Engineering Department
Vacant land tax issue near residential area frequently occurring,Low,Revenue Department
Cracks in public building near residential area frequently occurring,Medium,Engineering Department
Door number mismatch in ward 1 for the past few days,Medium,Revenue Department
Ownership change not updated near main road frequently occurring,High,Revenue Department
Cracks in public building near main road during night hours,Low,Engineering Department
Stray dog nuisance near main road for the past few days,Low,Health Department
Waste segregation not followed causing public inconvenience for more than a week,High,Solid Waste Management
Street light not working near bus stop repeatedly reported,Medium,Electrical Department
Vacant land tax issue near main road for more than a week,Low,Revenue Department
Culvert damaged near residential area during night hours,Low,Engineering Department
Contaminated drinking water in ward 3 during night hours,Low,Water Supply Department
Waste collection vehicle not arriving near main road for the past few days,Low,Solid Waste Management
Culvert damaged in commercial area for more than a week,High,Engineering Department
Door number mismatch in ward 2 since last week,Low,Revenue Department
Unsafe building structure in ward 1 frequently occurring,High,Engineering Department
Water valve damaged near residential area repeatedly reported,Low,Water Supply Department
Blocked drain in ward 2 after heavy rainfall,High,Health Department
Building permit delayed near market repeatedly reported,Low,Town Planning Department
Door number mismatch causing public inconvenience after heavy rainfall,Medium,Revenue Department
Burning of waste in open area near main road since last week,Medium,Solid Waste Management
Garbage bin overflow near bus stop frequently occurring,Medium,Solid Waste Management
Exposed electric wire near school during night hours,Low,Electrical Department
Garbage not collected causing public inconvenience for more than a week,Medium,Health Department
Mutation delayed in ward 2 repeatedly reported,High,Revenue Department
Mutation delayed near bus stop for more than a week,High,Revenue Department
Food waste causing foul smell reported by residents for more than a week,Medium,Health Department
Water valve damaged near hospital for more than a week,Medium,Water Supply Department
Bus route information missing near hospital during night hours,Low,Public Transport Department
Building number not assigned near park after heavy rainfall,Medium,Engineering Department
Contaminated drinking water near apartment complex during night hours,High,Water Supply Department
Low water pressure near apartment complex since last week,Medium,Water Supply Department
Mosquito breeding reported by residents for more than a week,Medium,Health Department
Dead animal not removed in ward 4 for more than a week,Low,Health Department
Mutation delayed near hospital for the past few days,High,Revenue Department
Culvert damaged in ward 2 after heavy rainfall,Medium,Engineering Department
Frequent power failure near junction since last week,High,Electrical Department
Loose street light connection causing public inconvenience repeatedly reported,Medium,Electrical Department
Broken play equipment in park near market for more than a week,High,Parks and Recreation Department
Exposed electric wire near market for more than a week,Low,Electrical Department
Vacant land tax issue in ward 1 for more than a week,Low,Revenue Department
Incorrect tax arrears near school for the past few days,Medium,Revenue Department
Contaminated drinking water near main road after heavy rainfall,Low,Water Supply Department
Building number not assigned in ward 1 for more than a week,Low,Engineering Department
Frequent power failure near school for the past few days,Low,Electrical Department
Loose street light connection in ward 4 for more than a week,Medium,Electrical Department
Error in ownership certificate near park for more than a week,Medium,Revenue Department
Mosquito breeding near market during night hours,Medium,Health Department
Building permit delayed near junction for more than a week,High,Town Planning Department
Exposed electric wire causing public inconvenience during night hours,Low,Electrical Department
Vacant land tax issue in ward 1 after heavy rainfall,Low,Revenue Department
No water supply in commercial area for more than a week,Medium,Water Supply Department
Contaminated drinking water near school for the past few days,High,Water Supply Department
Mosquito breeding reported by residents repeatedly reported,Low,Health Department
Illegal construction in ward 2 for the past few days,High,Engineering Department
Public toilet not cleaned near hospital for more than a week,High,Health Department
Waste collection vehicle not arriving near apartment complex for the past few days,High,Solid Waste Management
Wrong property tax amount in ward 1 during night hours,High,Revenue Department
Unsafe building structure in ward 1 after heavy rainfall,Medium,Engineering Department
Waste segregation not followed in ward 2 frequently occurring,Medium,Solid Waste Management
Food waste causing foul smell near main road frequently occurring,Medium,Health Department
Road repair delayed near apartment complex since last week,Medium,Engineering Department
Burning of waste in open area near junction since last week,Medium,Solid Waste Management
Street light not working causing public inconvenience repeatedly reported,High,Electrical Department
Cracks in public building near bus stop for more than a week,Low,Engineering Department
Mutation delayed reported by residents for the past few days,High,Revenue Department
Street light not working in ward 2 during night hours,Low,Electrical Department
Potholes on road in commercial area for the past few days,Medium,Engineering Department
Building number not assigned causing public inconvenience since last week,Medium,Engineering Department
Bus route information missing near residential area since last week,High,Public Transport Department
No water supply in ward 2 for more than a week,Low,Water Supply Department
Illegal parking near bus stop near apartment complex frequently occurring,Low,Public Transport Department
Burning of waste in open area near park after heavy rainfall,Medium,Solid Waste Management
Building number not assigned near junction frequently occurring,Low,Engineering Department
Culvert damaged reported by residents for the past few days,Medium,Engineering Department
Water pipeline leakage in ward 4 for more than a week,High,Water Supply Department
Public toilet not cleaned near apartment complex since last week,High,Health Department
Wrong property tax amount near main road after heavy rainfall,Low,Revenue Department
Layout approval pending in ward 2 for more than a week,High,Town Planning Department
Damaged drainage system near park frequently occurring,High,Engineering Department
Electric pole damaged in commercial area during night hours,Low,Electrical Department
Property tax not assessed near park repeatedly reported,High,Revenue Department
Potholes on road near hospital repeatedly reported,High,Engineering Department
Open dumping of waste near main road frequently occurring,Medium,Health Department
Culvert damaged causing public inconvenience during night hours,Medium,Engineering Department
Public toilet not cleaned in ward 1 since last week,Medium,Health Department
Incorrect property classification in commercial area after heavy rainfall,High,Revenue Department
Exposed electric wire in ward 2 after heavy rainfall,Low,Electrical Department
Mutation delayed in ward 1 for the past few days,High,Revenue Department
Building number not assigned near market repeatedly reported,High,Engineering Department
Overgrown bushes in park near school during night hours,High,Parks and Recreation Department
Stray dog nuisance in ward 2 for more than a week,Low,Health Department
Contaminated drinking water near market repeatedly reported,Low,Water Supply Department
Error in ownership certificate in commercial area for the past few days,Low,Revenue Department
Unsafe building structure near junction after heavy rainfall,Low,Engineering Department
Layout approval pending in ward 3 for the past few days,Medium,Town Planning Department
Incorrect tax arrears near school for more than a week,High,Revenue Department
Blocked drain near market for more than a week,Low,Health Department
Garbage bin overflow near hospital frequently occurring,Medium,Solid Waste Management
Building number not assigned in ward 4 for the past few days,Medium,Engineering Department
Public toilet not cleaned near hospital after heavy rainfall,Medium,Health Department
Mutation delayed near junction frequently occurring,Medium,Revenue Department
Street light not working near market frequently occurring,Low,Electrical Department
Public toilet not cleaned reported by residents frequently occurring,Low,Health Department
Door number mismatch near main road frequently occurring,Medium,Revenue Department
Water valve damaged near junction repeatedly reported,Low,Water Supply Department
Bus shelter damaged near hospital during night hours,Medium,Public Transport Department
Broken play equipment in park in ward 3 for more than a week,Low,Parks and Recreation Department
Overgrown bushes in park causing public inconvenience during night hours,Medium,Parks and Recreation Department
Park lights not working near apartment complex since last week,Medium,Parks and Recreation Department
Broken footpath near school since last week,Medium,Engineering Department
Illegal parking near bus stop near bus stop repeatedly reported,High,Public Transport Department
Vacant land tax issue near hospital frequently occurring,High,Revenue Department
Duplicate tax demand in ward 2 during night hours,Medium,Revenue Department
Ownership change not updated near residential area repeatedly reported,High,Revenue Department
Mosquito breeding reported by residents for the past few days,Medium,Health Department
Storm water drain blocked in commercial area since last week,High,Engineering Department
Broken play equipment in park near school for more than a week,Medium,Parks and Recreation Department
Ownership change not updated near bus stop frequently occurring,Low,Revenue Department
Encroachment on public land near park repeatedly reported,Low,Town Planning Department
Water valve damaged near apartment complex for the past few days,Low,Water Supply Department
Cracks in public building near main road after heavy rainfall,High,Engineering Department
Bus route information missing causing public inconvenience after heavy rainfall,Medium,Public Transport Department
Mosquito breeding in ward 4 repeatedly reported,Medium,Health Department
Overgrown bushes in park near main road for the past few days,High,Parks and Recreation Department
Low water pressure reported by residents for more than a week,Low,Water Supply Department
Broken play equipment in park near main road repeatedly reported,High,Parks and Recreation Department
Loose street light connection near hospital for the past few days,Low,Electrical Department
Broken footpath in ward 3 for the past few days,Medium,Engineering Department
Poor condition of bus shelter roof in commercial area during night hours,High,Public Transport Department
Cracks in public building in commercial area frequently occurring,Medium,Engineering Department
Illegal construction in ward 3 after heavy rainfall,High,Engineering Department
Illegal parking near bus stop near park after heavy rainfall,High,Public Transport Department
Road repair delayed near apartment complex repeatedly reported,Low,Engineering Department
Blocked drain near junction after heavy rainfall,Low,Health Department
Vacant land tax issue near apartment complex repeatedly reported,High,Revenue Department
Ownership change not updated reported by residents repeatedly reported,High,Revenue Department
Layout approval pending near market during night hours,Medium,Town Planning Department
Encroachment on public land in ward 4 since last week,High,Town Planning Department
Property tax not assessed near market since last week,High,Revenue Department
Improper waste disposal in ward 4 repeatedly reported,Medium,Health Department
Waste segregation not followed in ward 3 during night hours,High,Solid Waste Management
Burning of waste in open area reported by residents for more than a week,Medium,Solid Waste Management
Street light not working in ward 1 during night hours,High,Electrical Department
Street light not working in commercial area repeatedly reported,Low,Electrical Department
Public toilet not cleaned near bus stop repeatedly reported,Medium,Health Department
Mosquito breeding near market for more than a week,Medium,Health Department
Mosquito breeding near park for more than a week,Medium,Health Department
Waste segregation not followed reported by residents after heavy rainfall,Low,Solid Waste Management
Waste collection vehicle not arriving near market since last week,High,Solid Waste Management
Lack of drinking water in park in ward 1 after heavy rainfall,Medium,Parks and Recreation Department
Encroachment on public land near hospital for the past few days,Low,Town Planning Department
Park lights not working near main road after heavy rainfall,Medium,Parks and Recreation Department
Encroachment on public land near park frequently occurring,High,Town Planning Department
Plastic waste accumulation near hospital after heavy rainfall,Low,Solid Waste Management
Cracks in public building near hospital for more than a week,Low,Engineering Department
Door number mismatch near park for more than a week,High,Revenue Department
Water pipeline leakage in commercial area frequently occurring,Medium,Water Supply Department
Unsafe building structure near junction repeatedly reported,Low,Engineering Department
Blocked drain near junction for the past few days,High,Health Department
Food waste causing foul smell reported by residents for more than a week,High,Health Department
Duplicate tax demand in ward 4 after heavy rainfall,High,Revenue Department
Electric pole damaged in ward 3 since last week,Medium,Electrical Department
Incorrect tax arrears in ward 2 since last week,High,Revenue Department
Vacant land tax issue near residential area for the past few days,Low,Revenue Department
Bus shelter damaged near hospital for the past few days,High,Public Transport Department
Water pipeline leakage near junction since last week,Medium,Water Supply Department
Error in ownership certificate near junction since last week,High,Revenue Department
Loose street light connection in ward 3 for more than a week,Low,Electrical Department
Plastic waste accumulation near main road for the past few days,Medium,Solid Waste Management
Open dumping of waste reported by residents repeatedly reported,Low,Health Department
Garbage bin overflow in ward 3 for more than a week,Medium,Solid Waste Management
Mosquito breeding in ward 1 repeatedly reported,Medium,Health Department
Mosquito breeding in ward 1 repeatedly reported,Low,Health Department
Unsafe building structure near school frequently occurring,High,Engineering Department
Unauthorized land use near school during night hours,Low,Town Planning Department
Waste segregation not followed near residential area since last week,High,Solid Waste Management
Road repair delayed in ward 4 since last week,High,Engineering Department
Door number mismatch near apartment complex for more than a week,Low,Revenue Department
Poor condition of bus shelter roof causing public inconvenience after heavy rainfall,High,Public Transport Department
Water valve damaged near school since last week,Low,Water Supply Department
Vacant land tax issue near school after heavy rainfall,Low,Revenue Department
Electric pole damaged near junction repeatedly reported,High,Electrical Department
Culvert damaged near residential area repeatedly reported,Low,Engineering Department
Low water pressure near bus stop after heavy rainfall,Low,Water Supply Department
Plastic waste accumulation causing public inconvenience since last week,Low,Solid Waste Management
Vacant land tax issue in ward 3 frequently occurring,High,Revenue Department
Bus route information missing near apartment complex repeatedly reported,High,Public Transport Department
Exposed electric wire causing public inconvenience repeatedly reported,Low,Electrical Department
Door number mismatch near apartment complex during night hours,Low,Revenue Department
Contaminated drinking water in ward 4 after heavy rainfall,Medium,Water Supply Department
Public toilet not cleaned near junction since last week,High,Health Department
Waste segregation not followed near junction after heavy rainfall,High,Solid Waste Management
Mosquito breeding reported by residents since last week,High,Health Department
Broken footpath near hospital for the past few days,High,Engineering Department
Error in ownership certificate in ward 3 after heavy rainfall,High,Revenue Department
Exposed electric wire near hospital during night hours,Low,Electrical Department
Dead animal not removed near market since last week,Medium,Health Department
Open dumping of waste near main road frequently occurring,Low,Health Department
Illegal parking near bus stop reported by residents frequently occurring,Low,Public Transport Department
Plastic waste accumulation in ward 1 frequently occurring,High,Solid Waste Management
Unauthorized land use near school during night hours,Medium,Town Planning Department
Ownership change not updated near park since last week,Low,Revenue Department
Door number mismatch near market since last week,High,Revenue Department
Garbage not collected near residential area after heavy rainfall,Medium,Health Department
Layout approval pending in ward 3 for the past few days,High,Town Planning Department
Door number mismatch near junction repeatedly reported,Low,Revenue Department
Public toilet not cleaned near school frequently occurring,Low,Health Department
Blocked drain near school frequently occurring,Low,Health Department
Broken play equipment in park near bus stop during night hours,Low,Parks and Recreation Department
Electric pole damaged in ward 4 during night hours,Medium,Electrical Department
Road repair delayed near junction since last week,Low,Engineering Department
Broken footpath near hospital since last week,Low,Engineering Department
Incorrect tax arrears in ward 3 during night hours,Medium,Revenue Department
Public toilet not cleaned in ward 4 frequently occurring,High,Health Department
Building number not assigned near junction for the past few days,Medium,Engineering Department
Open dumping of waste in ward 1 frequently occurring,Medium,Health Department
Building permit delayed in commercial area after heavy rainfall,Medium,Town Planning Department
Park lights not working near junction during night hours,Medium,Parks and Recreation Department
Public park not maintained in ward 3 for more than a week,Medium,Parks and Recreation Department
Stray dog nuisance near market repeatedly reported,Low,Health Department
Incorrect tax arrears near bus stop after heavy rainfall,Low,Revenue Department
Stray dog nuisance near main road frequently occurring,Low,Health Department
Park lights not working in ward 1 for the past few days,Low,Parks and Recreation Department
Garbage not collected in ward 2 repeatedly reported,Medium,Health Department
Duplicate tax demand near hospital since last week,High,Revenue Department
Dead animal not removed reported by residents since last week,Low,Health Department
Frequent power failure near apartment complex frequently occurring,Low,Electrical Department
Road repair delayed in ward 2 repeatedly reported,Medium,Engineering Department
Sewage overflow near bus stop during night hours,High,Health Department
Encroachment on public land in ward 3 since last week,Medium,Town Planning Department
No water supply in ward 1 for the past few days,High,Water Supply Department
Blocked drain near main road frequently occurring,High,Health Department
Exposed electric wire in ward 3 after heavy rainfall,Medium,Electrical Department
Door number mismatch near school after heavy rainfall,High,Revenue Department
Street light not working near park after heavy rainfall,Low,Electrical Department
Storm water drain blocked near market for more than a week,Medium,Engineering Department
Building number not assigned in ward 4 during night hours,Medium,Engineering Department
Poor condition of bus shelter roof in commercial area repeatedly reported,High,Public Transport Department
Wrong property tax amount near junction for the past few days,Low,Revenue Department
Zoning regulation violation near market after heavy rainfall,Medium,Town Planning Department
Vacant land tax issue in ward 4 for the past few days,High,Revenue Department
Burning of waste in open area near school repeatedly reported,High,Solid Waste Management
Sewage overflow near park after heavy rainfall,Medium,Health Department
Culvert damaged in ward 4 for more than a week,Medium,Engineering Department
Water valve damaged near park after heavy rainfall,Low,Water Supply Department
Food waste causing foul smell in ward 3 during night hours,High,Health Department
Exposed electric wire near bus stop after heavy rainfall,Low,Electrical Department
Water pipeline leakage near hospital for the past few days,High,Water Supply Department
Plastic waste accumulation in ward 4 frequently occurring,Medium,Solid Waste Management
Frequent power failure near market frequently occurring,Medium,Electrical Department
Garbage bin overflow in commercial area since last week,High,Solid Waste Management
Poor condition of bus shelter roof near park since last week,Medium,Public Transport Department
Building permit delayed near market after heavy rainfall,High,Town Planning Department
Frequent power failure near park for more than a week,Low,Electrical Department
Illegal construction near hospital after heavy rainfall,High,Engineering Department
Dead animal not removed near main road frequently occurring,Low,Health Department
Layout approval pending near school during night hours,High,Town Planning Department
Error in ownership certificate near bus stop during night hours,Medium,Revenue Department
Bus stop without seating reported by residents since last week,Medium,Public Transport Department
Garbage bin overflow in ward 2 frequently occurring,High,Solid Waste Management
Exposed electric wire near market during night hours,Low,Electrical Department
Building permit delayed near park during night hours,Low,Town Planning Department
Overgrown bushes in park near hospital for the past few days,High,Parks and Recreation Department
Bus route information missing in ward 3 during night hours,Medium,Public Transport Department
Low water pressure in ward 4 after heavy rainfall,Medium,Water Supply Department
Mosquito breeding near school frequently occurring,Low,Health Department
Garbage not collected reported by residents for more than a week,Low,Health Department
Improper waste disposal reported by residents after heavy rainfall,High,Health Department
Culvert damaged near residential area frequently occurring,Medium,Engineering Department
Potholes on road near residential area during night hours,Low,Engineering Department
Incorrect tax arrears in ward 2 for the past few days,Low,Revenue Department
Sewage overflow near market during night hours,Medium,Health Department
Encroachment on public land in ward 3 for the past few days,High,Town Planning Department
Waste collection vehicle not arriving near main road frequently occurring,Low,Solid Waste Management
Road repair delayed causing public inconvenience for more than a week,Medium,Engineering Department
Wrong property tax amount near bus stop since last week,High,Revenue Department
Error in ownership certificate near bus stop since last week,Medium,Revenue Department
Water valve damaged near school during night hours,High,Water Supply Department
Building number not assigned near bus stop after heavy rainfall,Low,Engineering Department
Error in ownership certificate near park frequently occurring,Medium,Revenue Department
Culvert damaged near main road for more than a week,High,Engineering Department
Potholes on road near school for more than a week,Medium,Engineering Department
Bus shelter damaged in ward 2 during night hours,High,Public Transport Department
Illegal parking near bus stop causing public inconvenience repeatedly reported,High,Public Transport Department
Vacant land tax issue in ward 1 repeatedly reported,Medium,Revenue Department
Garbage not collected near park frequently occurring,Medium,Health Department
Incorrect tax arrears near bus stop during night hours,Low,Revenue Department
Stray dog nuisance near bus stop since last week,Low,Health Department
Potholes on road near bus stop for more than a week,High,Engineering Department
Low water pressure near bus stop repeatedly reported,Medium,Water Supply Department
Culvert damaged in ward 2 for more than a week,Low,Engineering Department
Waste segregation not followed near market during night hours,Low,Solid Waste Management
Mutation delayed near school since last week,High,Revenue Department
Garbage bin overflow near apartment complex repeatedly reported,Medium,Solid Waste Management
Open dumping of waste near school frequently occurring,Low,Health Department
Mutation delayed near market since last week,Low,Revenue Department
Poor condition of bus shelter roof near school during night hours,Medium,Public Transport Department
Damaged drainage system in ward 1 for more than a week,Medium,Engineering Department
Low water pressure near bus stop for the past few days,Medium,Water Supply Department
Garbage bin overflow causing public inconvenience during night hours,Medium,Solid Waste Management
Broken footpath near residential area for the past few days,High,Engineering Department
Stray dog nuisance near hospital repeatedly reported,Low,Health Department
Exposed electric wire in commercial area since last week,High,Electrical Department
Road repair delayed reported by residents frequently occurring,High,Engineering Department
Duplicate tax demand near park after heavy rainfall,Medium,Revenue Department
Broken footpath near market after heavy rainfall,Low,Engineering Department
Street light not working near apartment complex repeatedly reported,Low,Electrical Department
Open dumping of waste in ward 4 during night hours,Medium,Health Department
Duplicate tax demand near park during night hours,Low,Revenue Department
Broken play equipment in park near park for more than a week,Low,Parks and Recreation Department
Storm water drain blocked near school since last week,Low,Engineering Department
Potholes on road causing public inconvenience for the past few days,Medium,Engineering Department
Improper waste disposal near junction repeatedly reported,High,Health Department
Vacant land tax issue reported by residents after heavy rainfall,Medium,Revenue Department
Bus shelter damaged near hospital during night hours,High,Public Transport Department
Poor condition of bus shelter roof near junction during night hours,Medium,Public Transport Department
Bus shelter damaged in ward 1 during night hours,Medium,Public Transport Department
Sewage overflow near school after heavy rainfall,High,Health Department
Street light not working near market frequently occurring,High,Electrical Department
Contaminated drinking water near main road for more than a week,Medium,Water Supply Department
Dead animal not removed near bus stop since last week,Low,Health Department
Incorrect tax arrears near hospital during night hours,Low,Revenue Department
Potholes on road near park for more than a week,Medium,Engineering Department
Public toilet not cleaned near hospital for the past few days,High,Health Department
Mutation delayed near apartment complex after heavy rainfall,Low,Revenue Department
Incorrect property classification near residential area for more than a week,Medium,Revenue Department
Unauthorized land use near residential area during night hours,High,Town Planning Department
Potholes on road near bus stop during night hours,High,Engineering Department
Improper waste disposal near residential area after heavy rainfall,Medium,Health Department
Property tax not assessed near market for the past few days,Medium,Revenue Department
Blocked drain near hospital for the past few days,Medium,Health Department
Contaminated drinking water near junction for the past few days,Low,Water Supply Department
Incorrect tax arrears in commercial area for the past few days,High,Revenue Department
Error in ownership certificate near apartment complex during night hours,Low,Revenue Department
Dead animal not removed in ward 3 during night hours,Low,Health Department
Public park not maintained near junction since last week,Low,Parks and Recreation Department
Road repair delayed near main road repeatedly reported,High,Engineering Department
Illegal parking near bus stop near market since last week,Low,Public Transport Department
Contaminated drinking water reported by residents repeatedly reported,High,Water Supply Department
Vacant land tax issue near bus stop during night hours,Medium,Revenue Department
Plastic waste accumulation near junction after heavy rainfall,Low,Solid Waste Management
Illegal construction near park for the past few days,High,Engineering Department
No water supply in ward 2 during night hours,Medium,Water Supply Department
Frequent power failure near market during night hours,Medium,Electrical Department
Unsafe building structure in ward 4 after heavy rainfall,Low,Engineering Department
Cracks in public building near apartment complex for more than a week,Medium,Engineering Department
Culvert damaged causing public inconvenience for more than a week,Medium,Engineering Department
Road repair delayed causing public inconvenience frequently occurring,High,Engineering Department
Potholes on road near hospital during night hours,Low,Engineering Department
No water supply near junction for the past few days,Low,Water Supply Department
Zoning regulation violation in ward 4 after heavy rainfall,High,Town Planning Department
Cracks in public building near apartment complex repeatedly reported,High,Engineering Department
Garbage not collected causing public inconvenience after heavy rainfall,Medium,Health Department
Burning of waste in open area near bus stop during night hours,Medium,Solid Waste Management
Bus stop without seating near apartment complex for more than a week,High,Public Transport Department
Ownership change not updated in ward 1 for the past few days,Medium,Revenue Department
Broken footpath reported by residents frequently occurring,Medium,Engineering Department
Zoning regulation violation near residential area for more than a week,Medium,Town Planning Department
Unsafe building structure near main road since last week,High,Engineering Department
Unauthorized land use reported by residents repeatedly reported,Medium,Town Planning Department
Food waste causing foul smell near junction for more than a week,High,Health Department
Damaged drainage system in ward 4 frequently occurring,High,Engineering Department
Street light not working in ward 4 repeatedly reported,Low,Electrical Department
Building permit delayed in commercial area frequently occurring,Medium,Town Planning Department
Lack of drinking water in park near junction since last week,High,Parks and Recreation Department
Waste collection vehicle not arriving near hospital repeatedly reported,Medium,Solid Waste Management
Incorrect property classification near main road for the past few days,Low,Revenue Department
No water supply near junction after heavy rainfall,High,Water Supply Department
Water valve damaged near park frequently occurring,Medium,Water Supply Department
Garbage bin overflow near park for the past few days,Low,Solid Waste Management
Building number not assigned near junction for the past few days,High,Engineering Department
Water pipeline leakage in ward 2 frequently occurring,Medium,Water Supply Department
Water pipeline leakage in commercial area during night hours,High,Water Supply Department
Vacant land tax issue near school for the past few days,Low,Revenue Department
Broken play equipment in park near residential area frequently occurring,High,Parks and Recreation Department
Zoning regulation violation near park during night hours,High,Town Planning Department
Low water pressure near park repeatedly reported,Medium,Water Supply Department
Vacant land tax issue in ward 4 during night hours,Low,Revenue Department
Building number not assigned near park during night hours,Low,Engineering Department
Broken play equipment in park in ward 1 after heavy rainfall,Medium,Parks and Recreation Department
Food waste causing foul smell near main road for the past few days,High,Health Department
Broken play equipment in park in ward 2 since last week,High,Parks and Recreation Department
Garbage not collected near apartment complex for the past few days,Low,Health Department
Electric pole damaged near junction after heavy rainfall,Medium,Electrical Department
Culvert damaged near apartment complex for the past few days,High,Engineering Department
Dead animal not removed reported by residents frequently occurring,Low,Health Department
Cracks in public building in ward 2 after heavy rainfall,High,Engineering Department
Dead animal not removed near hospital frequently occurring,Low,Health Department
Public toilet not cleaned near residential area frequently occurring,High,Health Department
Waste segregation not followed near park for more than a week,Medium,Solid Waste Management
Stray dog nuisance near hospital during night hours,Low,Health Department
Waste collection vehicle not arriving near main road after heavy rainfall,Medium,Solid Waste Management
Overgrown bushes in park in ward 1 for more than a week,Low,Parks and Recreation Department
Zoning regulation violation near market since last week,High,Town Planning Department
Storm water drain blocked in ward 1 since last week,Low,Engineering Department
Unauthorized land use near apartment complex since last week,High,Town Planning Department
Stray dog nuisance near apartment complex since last week,Low,Health Department
Blocked drain reported by residents for more than a week,Low,Health Department
Improper waste disposal near market for more than a week,Low,Health Department
Incorrect property classification in ward 4 for more than a week,High,Revenue Department
Bus shelter damaged reported by residents during night hours,Medium,Public Transport Department
Low water pressure near park frequently occurring,Low,Water Supply Department
Building number not assigned near market frequently occurring,High,Engineering Department
Frequent power failure in ward 4 for the past few days,Low,Electrical Department
Zoning regulation violation causing public inconvenience during night hours,High,Town Planning Department
Cracks in public building near park for the past few days,Low,Engineering Department
No water supply in ward 1 after heavy rainfall,Medium,Water Supply Department
Vacant land tax issue near park since last week,Medium,Revenue Department
Bus shelter damaged near park frequently occurring,High,Public Transport Department
Unauthorized land use near residential area since last week,Medium,Town Planning Department
Open dumping of waste near school repeatedly reported,Low,Health Department
Building permit delayed reported by residents during night hours,Low,Town Planning Department
Vacant land tax issue near residential area repeatedly reported,Low,Revenue Department
Wrong property tax amount in ward 2 during night hours,Low,Revenue Department
Electric pole damaged near bus stop since last week,Medium,Electrical Department
Door number mismatch near main road since last week,Low,Revenue Department
Broken footpath near park after heavy rainfall,High,Engineering Department
Road repair delayed in commercial area for more than a week,Medium,Engineering Department
Waste collection vehicle not arriving in ward 2 since last week,Low,Solid Waste Management
Storm water drain blocked near school during night hours,Low,Engineering Department
Mosquito breeding in ward 2 for more than a week,Low,Health Department
Unsafe building structure in ward 1 since last week,High,Engineering Department
Burning of waste in open area causing public inconvenience frequently occurring,Low,Solid Waste Management
Stray dog nuisance near residential area during night hours,Medium,Health Department
Frequent power failure causing public inconvenience repeatedly reported,Low,Electrical Department
Zoning regulation violation near apartment complex frequently occurring,High,Town Planning Department
Road repair delayed near residential area frequently occurring,High,Engineering Department
Damaged drainage system in ward 3 since last week,High,Engineering Department
Road repair delayed near hospital repeatedly reported,Low,Engineering Department
Public park not maintained reported by residents repeatedly reported,Low,Parks and Recreation Department
Road repair delayed in ward 2 for the past few days,Low,Engineering Department
Illegal construction reported by residents for the past few days,Medium,Engineering Department
Park lights not working near bus stop frequently occurring,High,Parks and Recreation Department
Wrong property tax amount in commercial area since last week,High,Revenue Department
Wrong property tax amount in commercial area after heavy rainfall,High,Revenue Department
Wrong property tax amount near residential area for more than a week,Low,Revenue Department
Mutation delayed near park since last week,High,Revenue Department
Broken footpath in ward 4 repeatedly reported,High,Engineering Department
Duplicate tax demand in ward 2 repeatedly reported,Medium,Revenue Department
Building number not assigned near junction frequently occurring,High,Engineering Department
Unauthorized land use near school repeatedly reported,Medium,Town Planning Department
Storm water drain blocked near residential area for the past few days,High,Engineering Department
Culvert damaged near junction after heavy rainfall,Low,Engineering Department
Dead animal not removed near school repeatedly reported,Medium,Health Department
Blocked drain near apartment complex since last week,Low,Health Department
Encroachment on public land near bus stop repeatedly reported,Medium,Town Planning Department
Burning of waste in open area near residential area after heavy rainfall,High,Solid Waste Management
Incorrect tax arrears near market frequently occurring,High,Revenue Department
Building permit delayed near hospital after heavy rainfall,High,Town Planning Department
Mosquito breeding near school after heavy rainfall,Low,Health Department
Encroachment on public land in ward 1 since last week,Medium,Town Planning Department
Waste segregation not followed reported by residents frequently occurring,Medium,Solid Waste Management
Error in ownership certificate near main road frequently occurring,Medium,Revenue Department
Layout approval pending near hospital since last week,Medium,Town Planning Department
Mutation delayed near market during night hours,Medium,Revenue Department
Public park not maintained near hospital for the past few days,Medium,Parks and Recreation Department
Contaminated drinking water in ward 2 repeatedly reported,High,Water Supply Department
Stray dog nuisance near apartment complex since last week,High,Health Department
Potholes on road near school for the past few days,Low,Engineering Department
Improper waste disposal in ward 1 repeatedly reported,Medium,Health Department
Mosquito breeding near junction for more than a week,Medium,Health Department
Lack of drinking water in park near school for the past few days,Medium,Parks and Recreation Department
Waste segregation not followed near residential area since last week,Medium,Solid Waste Management
Incorrect tax arrears in ward 4 for the past few days,Low,Revenue Department
Zoning regulation violation near hospital during night hours,Medium,Town Planning Department
Electric pole damaged near junction since last week,Medium,Electrical Department
Public toilet not cleaned near junction frequently occurring,Low,Health Department
Property tax not assessed near market after heavy rainfall,Medium,Revenue Department
Garbage bin overflow near apartment complex after heavy rainfall,Low,Solid Waste Management
Unsafe building structure near bus stop since last week,Low,Engineering Department
Vacant land tax issue near junction during night hours,Medium,Revenue Department
Improper waste disposal causing public inconvenience for the past few days,Medium,Health Department
Overgrown bushes in park in ward 2 frequently occurring,Low,Parks and Recreation Department
Unauthorized land use in ward 3 repeatedly reported,Low,Town Planning Department
Blocked drain reported by residents during night hours,Medium,Health Department
Mosquito breeding in ward 3 after heavy rainfall,Low,Health Department
Duplicate tax demand near hospital for more than a week,High,Revenue Department
Storm water drain blocked near school repeatedly reported,Medium,Engineering Department
Zoning regulation violation near main road during night hours,Low,Town Planning Department
Cracks in public building in ward 1 after heavy rainfall,High,Engineering Department
Zoning regulation violation in ward 2 repeatedly reported,High,Town Planning Department
Damaged drainage system near main road frequently occurring,Medium,Engineering Department
Plastic waste accumulation in ward 1 repeatedly reported,Low,Solid Waste Management
Sewage overflow in ward 2 frequently occurring,Low,Health Department
Wrong property tax amount causing public inconvenience repeatedly reported,High,Revenue Department
Water valve damaged near residential area for more than a week,Low,Water Supply Department
Park lights not working in ward 2 repeatedly reported,Medium,Parks and Recreation Department
Frequent power failure near bus stop repeatedly reported,Low,Electrical Department
Broken footpath near residential area after heavy rainfall,Low,Engineering Department
Zoning regulation violation in ward 1 frequently occurring,Medium,Town Planning Department
Burning of waste in open area in ward 2 during night hours,High,Solid Waste Management
Frequent power failure reported by residents for more than a week,High,Electrical Department
Mosquito breeding near hospital for the past few days,Low,Health Department
Improper waste disposal near residential area for the past few days,Medium,Health Department
Blocked drain near main road since last week,Low,Health Department
Improper waste disposal near residential area for more than a week,Low,Health Department
Culvert damaged near school since last week,High,Engineering Department
Food waste causing foul smell near main road since last week,High,Health Department
Frequent power failure near apartment complex frequently occurring,Medium,Electrical Department
Street light not working in ward 1 frequently occurring,Medium,Electrical Department
Street light not working in ward 3 for more than a week,High,Electrical Department
Low water pressure in ward 4 since last week,Medium,Water Supply Department
Loose street light connection near junction for the past few days,Low,Electrical Department
Improper waste disposal near junction repeatedly reported,Low,Health Department
Improper waste disposal near school repeatedly reported,High,Health Department
Street light not working near school frequently occurring,High,Electrical Department
Water valve damaged near hospital after heavy rainfall,Medium,Water Supply Department
Waste segregation not followed near residential area during night hours,Low,Solid Waste Management
Low water pressure in ward 3 after heavy rainfall,Medium,Water Supply Department
Water pipeline leakage in ward 4 during night hours,Medium,Water Supply Department
Loose street light connection in commercial area after heavy rainfall,Medium,Electrical Department
Ownership change not updated near market during night hours,High,Revenue Department
Exposed electric wire near junction during night hours,Low,Electrical Department
Storm water drain blocked near residential area frequently occurring,High,Engineering Department
Low water pressure in commercial area for the past few days,Medium,Water Supply Department
No water supply near park since last week,Medium,Water Supply Department
Culvert damaged in commercial area frequently occurring,Low,Engineering Department
Frequent power failure near market for more than a week,Medium,Electrical Department
Bus stop without seating near hospital frequently occurring,High,Public Transport Department
Improper waste disposal near apartment complex frequently occurring,Medium,Health Department
Food waste causing foul smell near market for the past few days,Low,Health Department
Stray dog nuisance near school during night hours,Low,Health Department
Cracks in public building near market during night hours,Medium,Engineering Department
Improper waste disposal near bus stop repeatedly reported,Medium,Health Department
Cracks in public building near market for more than a week,Low,Engineering Department
Duplicate tax demand in ward 3 after heavy rainfall,Low,Revenue Department
Loose street light connection in ward 3 during night hours,High,Electrical Department
Waste segregation not followed near school for more than a week,Medium,Solid Waste Management
Waste segregation not followed near junction during night hours,Medium,Solid Waste Management
Layout approval pending near apartment complex for more than a week,Low,Town Planning Department
Building permit delayed in ward 4 frequently occurring,Medium,Town Planning Department
Wrong property tax amount in commercial area during night hours,Low,Revenue Department
Bus stop without seating near park frequently occurring,Medium,Public Transport Department
No water supply reported by residents frequently occurring,High,Water Supply Department
Water pipeline leakage in ward 2 for more than a week,High,Water Supply Department
Garbage bin overflow near junction repeatedly reported,Medium,Solid Waste Management
Broken footpath causing public inconvenience frequently occurring,Low,Engineering Department
Unsafe building structure near junction frequently occurring,Medium,Engineering Department
Burning of waste in open area in ward 4 after heavy rainfall,Medium,Solid Waste Management
Dead animal not removed reported by residents since last week,Medium,Health Department
Food waste causing foul smell near park repeatedly reported,Medium,Health Department
Waste segregation not followed near residential area for the past few days,Medium,Solid Waste Management
Contaminated drinking water in ward 2 since last week,High,Water Supply Department
Damaged drainage system near junction after heavy rainfall,Medium,Engineering Department
Incorrect tax arrears near apartment complex for the past few days,Medium,Revenue Department
Public toilet not cleaned reported by residents after heavy rainfall,Low,Health Department
Illegal construction in ward 2 repeatedly reported,High,Engineering Department
Garbage not collected near hospital for more than a week,Medium,Health Department
Food waste causing foul smell in ward 4 after heavy rainfall,High,Health Department
Road repair delayed near main road for more than a week,Low,Engineering Department
Mutation delayed in ward 2 repeatedly reported,Low,Revenue Department
Unauthorized land use near main road since last week,High,Town Planning Department
Garbage not collected reported by residents after heavy rainfall,Medium,Health Department
Open dumping of waste near bus stop for more than a week,High,Health Department
Open dumping of waste in ward 2 for the past few days,Low,Health Department
Sewage overflow near main road for the past few days,Low,Health Department
Mutation delayed in ward 4 repeatedly reported,High,Revenue Department
Property tax not assessed in ward 4 after heavy rainfall,High,Revenue Department
Illegal construction near main road for more than a week,Low,Engineering Department
Culvert damaged in ward 4 after heavy rainfall,Low,Engineering Department
Error in ownership certificate near school repeatedly reported,High,Revenue Department
Storm water drain blocked near bus stop since last week,Medium,Engineering Department
Building number not assigned near apartment complex for more than a week,High,Engineering Department
Water pipeline leakage near main road for more than a week,High,Water Supply Department
Electric pole damaged causing public inconvenience during night hours,Medium,Electrical Department
Door number mismatch near hospital for the past few days,High,Revenue Department
Overgrown bushes in park in ward 1 for more than a week,High,Parks and Recreation Department
Mosquito breeding reported by residents frequently occurring,High,Health Department
Bus stop without seating near market after heavy rainfall,Low,Public Transport Department
Incorrect tax arrears near hospital frequently occurring,Medium,Revenue Department
Ownership change not updated near school for the past few days,Medium,Revenue Department
Incorrect property classification near residential area repeatedly reported,High,Revenue Department
Wrong property tax amount in ward 2 after heavy rainfall,Medium,Revenue Department
Water valve damaged near residential area after heavy rainfall,Low,Water Supply Department
Contaminated drinking water near main road after heavy rainfall,Medium,Water Supply Department
Electric pole damaged in commercial area after heavy rainfall,Low,Electrical Department
Public toilet not cleaned in commercial area frequently occurring,Low,Health Department
Dead animal not removed near junction for more than a week,Medium,Health Department
Water pipeline leakage near residential area repeatedly reported,High,Water Supply Department
Duplicate tax demand near bus stop repeatedly reported,High,Revenue Department
Damaged drainage system reported by residents after heavy rainfall,Medium,Engineering Department
Broken footpath near school frequently occurring,Medium,Engineering Department
Low water pressure in ward 1 frequently occurring,Low,Water Supply Department
Electric pole damaged near school repeatedly reported,Low,Electrical Department
Garbage bin overflow reported by residents during night hours,Low,Solid Waste Management
Exposed electric wire near bus stop during night hours,High,Electrical Department
Damaged drainage system in commercial area during night hours,High,Engineering Department
Duplicate tax demand near park for more than a week,Low,Revenue Department
No water supply near market for the past few days,Medium,Water Supply Department
Duplicate tax demand near school during night hours,High,Revenue Department
Potholes on road near bus stop since last week,Medium,Engineering Department
Road repair delayed near apartment complex repeatedly reported,High,Engineering Department
Bus route information missing reported by residents since last week,Medium,Public Transport Department
Vacant land tax issue in commercial area since last week,Low,Revenue Department
Water pipeline leakage near apartment complex frequently occurring,Medium,Water Supply Department
Property tax not assessed near school repeatedly reported,Medium,Revenue Department
Waste segregation not followed near residential area after heavy rainfall,Low,Solid Waste Management
Bus shelter damaged in ward 2 for more than a week,Low,Public Transport Department
Stray dog nuisance near apartment complex since last week,Medium,Health Department
Potholes on road near market for the past few days,High,Engineering Department
Property tax not assessed near market during night hours,Low,Revenue Department
Mutation delayed near residential area for more than a week,High,Revenue Department
Waste collection vehicle not arriving near hospital since last week,Medium,Solid Waste Management
Road repair delayed causing public inconvenience repeatedly reported,Medium,Engineering Department
Street light not working near junction after heavy rainfall,Low,Electrical Department
Illegal construction causing public inconvenience after heavy rainfall,Medium,Engineering Department
Door number mismatch causing public inconvenience repeatedly reported,Medium,Revenue Department
Open dumping of waste near residential area during night hours,Medium,Health Department
Wrong property tax amount near market frequently occurring,High,Revenue Department
Park lights not working near apartment complex during night hours,High,Parks and Recreation Department
Electric pole damaged reported by residents during night hours,High,Electrical Department
Ownership change not updated near bus stop for more than a week,High,Revenue Department
Waste collection vehicle not arriving near market frequently occurring,High,Solid Waste Management
Zoning regulation violation in ward 3 during night hours,High,Town Planning Department
Improper waste disposal near market for the past few days,High,Health Department
Vacant land tax issue near hospital during night hours,High,Revenue Department
Potholes on road near bus stop frequently occurring,High,Engineering Department
Plastic waste accumulation in ward 3 since last week,High,Solid Waste Management
Incorrect tax arrears causing public inconvenience since last week,Low,Revenue Department
Door number mismatch near bus stop frequently occurring,High,Revenue Department
Improper waste disposal in ward 3 after heavy rainfall,Low,Health Department
Wrong property tax amount near park since last week,Low,Revenue Department
Burning of waste in open area reported by residents for more than a week,Low,Solid Waste Management
Street light not working near bus stop for the past few days,Low,Electrical Department
Incorrect property classification reported by residents for more than a week,Low,Revenue Department
Waste segregation not followed in ward 3 since last week,Medium,Solid Waste Management
Bus stop without seating near main road during night hours,Low,Public Transport Department
Incorrect tax arrears in ward 3 repeatedly reported,High,Revenue Department
Blocked drain near market repeatedly reported,Low,Health Department
Duplicate tax demand near main road after heavy rainfall,Low,Revenue Department
Storm water drain blocked in ward 4 after heavy rainfall,High,Engineering Department
Mutation delayed near junction during night hours,High,Revenue Department
Mosquito breeding near park repeatedly reported,High,Health Department
Public toilet not cleaned near market for more than a week,Medium,Health Department
Door number mismatch near park for more than a week,Low,Revenue Department
Frequent power failure near hospital after heavy rainfall,Low,Electrical Department
Stray dog nuisance in commercial area after heavy rainfall,Low,Health Department
Food waste causing foul smell near school during night hours,Medium,Health Department
Vacant land tax issue near park for the past few days,Low,Revenue Department
Mutation delayed near apartment complex for the past few days,Low,Revenue Department
Garbage not collected near residential area after heavy rainfall,Low,Health Department
No water supply causing public inconvenience for the past few days,Low,Water Supply Department
Street light not working near main road for more than a week,High,Electrical Department
Storm water drain blocked in ward 4 for the past few days,Low,Engineering Department
Burning of waste in open area in ward 3 for the past few days,Medium,Solid Waste Management
Improper waste disposal near apartment complex for more than a week,Low,Health Department
Street light not working in ward 1 repeatedly reported,Low,Electrical Department
Public park not maintained near school for the past few days,High,Parks and Recreation Department
Park lights not working in ward 4 repeatedly reported,Low,Parks and Recreation Department
Ownership change not updated near main road for more than a week,Medium,Revenue Department
Incorrect property classification near park frequently occurring,Low,Revenue Department
Bus shelter damaged near school repeatedly reported,High,Public Transport Department
Mosquito breeding near school for more than a week,Medium,Health Department
Bus shelter damaged near residential area repeatedly reported,Low,Public Transport Department
Duplicate tax demand near park repeatedly reported,Low,Revenue Department
Low water pressure in ward 2 since last week,High,Water Supply Department
Loose street light connection reported by residents for more than a week,High,Electrical Department
Mutation delayed in ward 3 for more than a week,Low,Revenue Department
Incorrect property classification near hospital during night hours,High,Revenue Department
Food waste causing foul smell near apartment complex since last week,Low,Health Department
Blocked drain near main road for more than a week,Medium,Health Department
Garbage not collected in ward 3 repeatedly reported,Medium,Health Department
Electric pole damaged in ward 1 since last week,Medium,Electrical Department
Broken footpath in ward 1 frequently occurring,Low,Engineering Department
Open dumping of waste in ward 1 for the past few days,High,Health Department
Food waste causing foul smell near school for the past few days,High,Health Department
Public toilet not cleaned reported by residents since last week,Medium,Health Department
Food waste causing foul smell near apartment complex frequently occurring,Medium,Health Department
Frequent power failure causing public inconvenience since last week,Low,Electrical Department
Public toilet not cleaned near school frequently occurring,High,Health Department
Wrong property tax amount in ward 3 frequently occurring,High,Revenue Department
Stray dog nuisance near residential area during night hours,Low,Health Department
Door number mismatch near park during night hours,High,Revenue Department
Incorrect tax arrears near hospital after heavy rainfall,Low,Revenue Department
Food waste causing foul smell near residential area for more than a week,Medium,Health Department
Cracks in public building near bus stop for more than a week,Medium,Engineering Department
Building number not assigned in ward 1 for more than a week,High,Engineering Department
Waste segregation not followed reported by residents since last week,Low,Solid Waste Management
Door number mismatch near apartment complex for the past few days,High,Revenue Department
Loose street light connection near school since last week,Medium,Electrical Department
Unsafe building structure reported by residents during night hours,Medium,Engineering Department
Dead animal not removed near market repeatedly reported,High,Health Department
Stray dog nuisance near market for the past few days,High,Health Department
Broken footpath near junction for more than a week,Low,Engineering Department
Mutation delayed near main road repeatedly reported,Medium,Revenue Department
Potholes on road near park frequently occurring,High,Engineering Department
Open dumping of waste near park frequently occurring,Low,Health Department
Poor condition of bus shelter roof near apartment complex since last week,Medium,Public Transport Department
Culvert damaged reported by residents after heavy rainfall,Medium,Engineering Department
No water supply in commercial area repeatedly reported,Medium,Water Supply Department
Duplicate tax demand near junction for the past few days,High,Revenue Department
Garbage bin overflow near market after heavy rainfall,Low,Solid Waste Management
Error in ownership certificate causing public inconvenience after heavy rainfall,Medium,Revenue Department
Sewage overflow causing public inconvenience during night hours,Low,Health Department
Plastic waste accumulation near main road frequently occurring,Low,Solid Waste Management
Contaminated drinking water in ward 1 for the past few days,Medium,Water Supply Department
Road repair delayed in commercial area repeatedly reported,High,Engineering Department
Street light not working in ward 4 for more than a week,Low,Electrical Department
Building number not assigned near bus stop since last week,Medium,Engineering Department
Mosquito breeding reported by residents frequently occurring,Medium,Health Department
Dead animal not removed near residential area repeatedly reported,Medium,Health Department
Storm water drain blocked near residential area after heavy rainfall,Low,Engineering Department
Exposed electric wire in ward 1 frequently occurring,High,Electrical Department
Blocked drain causing public inconvenience after heavy rainfall,Medium,Health Department
Food waste causing foul smell near park frequently occurring,High,Health Department
Improper waste disposal near bus stop during night hours,High,Health Department
Potholes on road in ward 2 repeatedly reported,Medium,Engineering Department
Water pipeline leakage near hospital since last week,Medium,Water Supply Department
Water pipeline leakage near hospital since last week,Low,Water Supply Department
Contaminated drinking water near hospital frequently occurring,High,Water Supply Department
Mutation delayed near park since last week,Low,Revenue Department
Water pipeline leakage near residential area during night hours,Medium,Water Supply Department
Mutation delayed causing public inconvenience since last week,High,Revenue Department
Exposed electric wire near market frequently occurring,High,Electrical Department
Culvert damaged near bus stop during night hours,High,Engineering Department
Ownership change not updated in ward 4 repeatedly reported,Low,Revenue Department
Building number not assigned reported by residents repeatedly reported,Medium,Engineering Department
Door number mismatch near residential area for the past few days,Low,Revenue Department
Zoning regulation violation near park repeatedly reported,Low,Town Planning Department
Bus route information missing near market after heavy rainfall,Low,Public Transport Department
Exposed electric wire in ward 2 after heavy rainfall,Medium,Electrical Department
Damaged drainage system in ward 3 for the past few days,High,Engineering Department
Dead animal not removed in ward 3 after heavy rainfall,High,Health Department
Wrong property tax amount near hospital for the past few days,Low,Revenue Department
Error in ownership certificate in ward 1 for more than a week,Medium,Revenue Department
Duplicate tax demand near hospital after heavy rainfall,Low,Revenue Department
Waste collection vehicle not arriving near residential area after heavy rainfall,Medium,Solid Waste Management
Contaminated drinking water in ward 4 after heavy rainfall,Low,Water Supply Department
Burning of waste in open area near school for the past few days,Low,Solid Waste Management
Duplicate tax demand near park repeatedly reported,Medium,Revenue Department
Public park not maintained near main road frequently occurring,High,Parks and Recreation Department
Park lights not working near residential area repeatedly reported,High,Parks and Recreation Department
No water supply near park frequently occurring,High,Water Supply Department
Waste collection vehicle not arriving near school since last week,Medium,Solid Waste Management
Incorrect property classification reported by residents frequently occurring,Low,Revenue Department
Unsafe building structure in ward 3 repeatedly reported,High,Engineering Department
Duplicate tax demand in ward 1 for more than a week,High,Revenue Department
Building number not assigned near school for the past few days,Low,Engineering Department
Unauthorized land use in ward 1 for the past few days,Medium,Town Planning Department
Waste segregation not followed in ward 1 during night hours,Low,Solid Waste Management
Duplicate tax demand near junction since last week,High,Revenue Department
Door number mismatch near residential area after heavy rainfall,Low,Revenue Department
Road repair delayed in ward 1 for more than a week,High,Engineering Department
Park lights not working near bus stop after heavy rainfall,Low,Parks and Recreation Department
Exposed electric wire near main road for the past few days,High,Electrical Department
Layout approval pending near hospital frequently occurring,Low,Town Planning Department
Contaminated drinking water reported by residents after heavy rainfall,Low,Water Supply Department
Encroachment on public land near market for the past few days,Low,Town Planning Department
Bus stop without seating in ward 3 during night hours,Medium,Public Transport Department
Exposed electric wire reported by residents during night hours,High,Electrical Department
Error in ownership certificate in ward 3 repeatedly reported,Low,Revenue Department
Water pipeline leakage near park repeatedly reported,High,Water Supply Department
Waste segregation not followed causing public inconvenience during night hours,Medium,Solid Waste Management
Contaminated drinking water near apartment complex during night hours,Low,Water Supply Department
Burning of waste in open area in commercial area during night hours,Low,Solid Waste Management
Blocked drain reported by residents after heavy rainfall,High,Health Department
Damaged drainage system in commercial area during night hours,Medium,Engineering Department
Layout approval pending near school for the past few days,Medium,Town Planning Department
Mutation delayed near market frequently occurring,Low,Revenue Department
Potholes on road in ward 2 for the past few days,Medium,Engineering Department
Plastic waste accumulation near school for the past few days,High,Solid Waste Management
Bus route information missing near junction for the past few days,High,Public Transport Department
Error in ownership certificate near park after heavy rainfall,High,Revenue Department
Incorrect property classification near junction after heavy rainfall,High,Revenue Department
Duplicate tax demand near market repeatedly reported,High,Revenue Department
Mutation delayed in ward 4 for the past few days,Medium,Revenue Department
Mutation delayed reported by residents repeatedly reported,High,Revenue Department
Duplicate tax demand near bus stop for the past few days,Medium,Revenue Department
Door number mismatch near residential area after heavy rainfall,High,Revenue Department
Exposed electric wire near bus stop for the past few days,High,Electrical Department
Public park not maintained near main road frequently occurring,Low,Parks and Recreation Department
Electric pole damaged near school for the past few days,High,Electrical Department
Potholes on road causing public inconvenience repeatedly reported,High,Engineering Department
Incorrect tax arrears causing public inconvenience during night hours,Low,Revenue Department
Blocked drain near junction since last week,Low,Health Department
Plastic waste accumulation near bus stop after heavy rainfall,Low,Solid Waste Management
Garbage not collected reported by residents for the past few days,Low,Health Department
Storm water drain blocked near school since last week,Medium,Engineering Department
Building number not assigned near park since last week,Low,Engineering Department
Door number mismatch near school for more than a week,Low,Revenue Department
Exposed electric wire near school repeatedly reported,Low,Electrical Department
Zoning regulation violation in commercial area repeatedly reported,Medium,Town Planning Department
Incorrect tax arrears near main road after heavy rainfall,Medium,Revenue Department
Sewage overflow causing public inconvenience repeatedly reported,High,Health Department
Food waste causing foul smell in ward 2 after heavy rainfall,High,Health Department
Water valve damaged near school for more than a week,Medium,Water Supply Department
Property tax not assessed reported by residents after heavy rainfall,Medium,Revenue Department
Error in ownership certificate in ward 1 for more than a week,High,Revenue Department
No water supply near park for the past few days,High,Water Supply Department
Food waste causing foul smell in ward 3 for the past few days,Low,Health Department
Mutation delayed in ward 2 during night hours,Low,Revenue Department
Bus route information missing near main road for more than a week,Low,Public Transport Department
Waste segregation not followed in ward 4 since last week,High,Solid Waste Management
Sewage overflow near hospital repeatedly reported,High,Health Department
Improper waste disposal causing public inconvenience for more than a week,Low,Health Department
Burning of waste in open area near park repeatedly reported,Low,Solid Waste Management
Loose street light connection near junction since last week,Low,Electrical Department
Garbage bin overflow near junction repeatedly reported,High,Solid Waste Management
Culvert damaged near school since last week,Low,Engineering Department
Unsafe building structure in ward 3 after heavy rainfall,Low,Engineering Department
Public toilet not cleaned in ward 1 after heavy rainfall,High,Health Department
Broken footpath in ward 2 during night hours,Low,Engineering Department
Burning of waste in open area near market repeatedly reported,Medium,Solid Waste Management
Unsafe building structure near main road for more than a week,Low,Engineering Department
Plastic waste accumulation near park for the past few days,Low,Solid Waste Management
Vacant land tax issue in ward 3 during night hours,Low,Revenue Department
No water supply near market since last week,High,Water Supply Department
Property tax not assessed near school during night hours,Low,Revenue Department
Property tax not assessed in ward 4 after heavy rainfall,Medium,Revenue Department
Dead animal not removed in ward 1 for the past few days,Medium,Health Department
Error in ownership certificate near residential area for the past few days,High,Revenue Department
Encroachment on public land in ward 3 during night hours,High,Town Planning Department
Culvert damaged near residential area after heavy rainfall,Low,Engineering Department
Food waste causing foul smell in commercial area during night hours,High,Health Department
Poor condition of bus shelter roof near main road after heavy rainfall,Low,Public Transport Department
Water valve damaged near main road for more than a week,Medium,Water Supply Department
Waste segregation not followed near residential area for more than a week,Low,Solid Waste Management
Door number mismatch reported by residents after heavy rainfall,Low,Revenue Department
Garbage not collected in ward 2 frequently occurring,Low,Health Department
Building number not assigned in ward 2 for more than a week,High,Engineering Department
Mosquito breeding near residential area since last week,High,Health Department
Bus shelter damaged in commercial area repeatedly reported,Medium,Public Transport Department
Vacant land tax issue causing public inconvenience during night hours,High,Revenue Department
Open dumping of waste near park repeatedly reported,High,Health Department
Building number not assigned in ward 3 for the past few days,Low,Engineering Department
Garbage not collected near residential area during night hours,High,Health Department
Wrong property tax amount reported by residents during night hours,High,Revenue Department
Low water pressure near residential area for more than a week,Low,Water Supply Department
Frequent power failure near park during night hours,High,Electrical Department
Zoning regulation violation near main road for more than a week,Medium,Town Planning Department
Building number not assigned in ward 4 repeatedly reported,High,Engineering Department
Ownership change not updated near bus stop after heavy rainfall,High,Revenue Department
Vacant land tax issue in ward 2 for more than a week,High,Revenue Department
Building permit delayed near bus stop frequently occurring,High,Town Planning Department
Road repair delayed in commercial area frequently occurring,Low,Engineering Department
Plastic waste accumulation in commercial area for the past few days,Low,Solid Waste Management
Mosquito breeding causing public inconvenience repeatedly reported,High,Health Department
Error in ownership certificate near market since last week,High,Revenue Department
Encroachment on public land near market repeatedly reported,Medium,Town Planning Department
Frequent power failure in ward 3 frequently occurring,High,Electrical Department
Wrong property tax amount near market for the past few days,Medium,Revenue Department
Wrong property tax amount near junction since last week,Low,Revenue Department
Low water pressure near market since last week,High,Water Supply Department
Property tax not assessed near market frequently occurring,High,Revenue Department
Poor condition of bus shelter roof near market frequently occurring,Low,Public Transport Department
Culvert damaged near main road during night hours,Low,Engineering Department
Door number mismatch near junction during night hours,Medium,Revenue Department
Storm water drain blocked near main road repeatedly reported,Low,Engineering Department
Electric pole damaged near apartment complex since last week,Medium,Electrical Department
Contaminated drinking water near apartment complex since last week,High,Water Supply Department
Layout approval pending near hospital for more than a week,Medium,Town Planning Department
Error in ownership certificate near school frequently occurring,High,Revenue Department
Frequent power failure near apartment complex during night hours,High,Electrical Department
Incorrect property classification near hospital frequently occurring,Low,Revenue Department
Waste segregation not followed in ward 4 repeatedly reported,Low,Solid Waste Management
Door number mismatch in ward 1 frequently occurring,Low,Revenue Department
Water valve damaged in ward 3 during night hours,Medium,Water Supply Department
Illegal construction causing public inconvenience repeatedly reported,High,Engineering Department
Illegal parking near bus stop near junction since last week,High,Public Transport Department
Culvert damaged near market after heavy rainfall,Low,Engineering Department
Open dumping of waste near school for more than a week,High,Health Department
Improper waste disposal near junction frequently occurring,High,Health Department
Culvert damaged near residential area for the past few days,Medium,Engineering Department
Public toilet not cleaned near main road since last week,Medium,Health Department
Cracks in public building in ward 1 during night hours,Low,Engineering Department
Contaminated drinking water in ward 3 frequently occurring,Low,Water Supply Department
Waste segregation not followed near residential area during night hours,Medium,Solid Waste Management
Food waste causing foul smell in ward 2 repeatedly reported,High,Health Department
Garbage bin overflow in ward 4 repeatedly reported,Low,Solid Waste Management
Unauthorized land use in commercial area frequently occurring,High,Town Planning Department
Water valve damaged in ward 1 repeatedly reported,High,Water Supply Department
Garbage bin overflow near park repeatedly reported,Low,Solid Waste Management
Error in ownership certificate near school since last week,Low,Revenue Department
Bus shelter damaged near school after heavy rainfall,Low,Public Transport Department
Road repair delayed causing public inconvenience for the past few days,Medium,Engineering Department
Error in ownership certificate in ward 3 during night hours,Medium,Revenue Department
Low water pressure causing public inconvenience since last week,Low,Water Supply Department
Vacant land tax issue near school repeatedly reported,Medium,Revenue Department
Storm water drain blocked near apartment complex frequently occurring,Medium,Engineering Department
Unsafe building structure in ward 3 during night hours,High,Engineering Department
Public toilet not cleaned in ward 1 for more than a week,High,Health Department
Zoning regulation violation near market since last week,Low,Town Planning Department
Zoning regulation violation near park for more than a week,High,Town Planning Department
Illegal construction in ward 4 repeatedly reported,Medium,Engineering Department
Improper waste disposal near market during night hours,High,Health Department
Garbage not collected near market after heavy rainfall,Medium,Health Department
Water pipeline leakage near main road repeatedly reported,Medium,Water Supply Department
Street light not working reported by residents after heavy rainfall,Medium,Electrical Department
Duplicate tax demand reported by residents for the past few days,High,Revenue Department
Cracks in public building in commercial area for the past few days,High,Engineering Department
Bus route information missing causing public inconvenience during night hours,High,Public Transport Department
Public toilet not cleaned reported by residents repeatedly reported,High,Health Department
Error in ownership certificate near main road for more than a week,Medium,Revenue Department
Illegal construction in ward 1 since last week,Low,Engineering Department
Building number not assigned near junction since last week,Low,Engineering Department
Property tax not assessed near park for the past few days,Medium,Revenue Department
Food waste causing foul smell near hospital repeatedly reported,Low,Health Department
Road repair delayed near main road after heavy rainfall,Medium,Engineering Department
Illegal construction near main road since last week,Medium,Engineering Department
Road repair delayed near school for the past few days,Medium,Engineering Department
Ownership change not updated reported by residents since last week,Medium,Revenue Department
Ownership change not updated near hospital for more than a week,Medium,Revenue Department
Street light not working near apartment complex since last week,High,Electrical Department
Storm water drain blocked in ward 2 during night hours,High,Engineering Department
Bus shelter damaged near apartment complex during night hours,Low,Public Transport Department
Contaminated drinking water near hospital for more than a week,Low,Water Supply Department
Sewage overflow near main road repeatedly reported,Medium,Health Department
Duplicate tax demand near bus stop for more than a week,Low,Revenue Department
Unauthorized land use causing public inconvenience since last week,High,Town Planning Department
Door number mismatch in ward 3 during night hours,Medium,Revenue Department
Blocked drain causing public inconvenience after heavy rainfall,High,Health Department
Stray dog nuisance in ward 4 frequently occurring,Medium,Health Department
Electric pole damaged near bus stop for more than a week,Low,Electrical Department
Damaged drainage system near school after heavy rainfall,Medium,Engineering Department
Open dumping of waste near hospital for more than a week,Low,Health Department
Ownership change not updated in ward 3 repeatedly reported,Medium,Revenue Department
Wrong property tax amount near market frequently occurring,Medium,Revenue Department
Mutation delayed in ward 4 after heavy rainfall,Medium,Revenue Department
Loose street light connection near residential area after heavy rainfall,Medium,Electrical Department
Garbage bin overflow near apartment complex for more than a week,Medium,Solid Waste Management
Public park not maintained near market since last week,Medium,Parks and Recreation Department
Electric pole damaged in ward 4 after heavy rainfall,High,Electrical Department
Waste collection vehicle not arriving near bus stop repeatedly reported,Low,Solid Waste Management
Exposed electric wire reported by residents repeatedly reported,Low,Electrical Department
No water supply in ward 2 repeatedly reported,Low,Water Supply Department
Property tax not assessed in ward 1 for the past few days,Medium,Revenue Department
Mosquito breeding near residential area during night hours,Low,Health Department
Improper waste disposal causing public inconvenience repeatedly reported,Low,Health Department
Incorrect tax arrears near park for the past few days,Medium,Revenue Department
Property tax not assessed near market for more than a week,Low,Revenue Department
Street light not working in ward 3 during night hours,Low,Electrical Department
Water pipeline leakage near park since last week,Medium,Water Supply Department
Stray dog nuisance near park repeatedly reported,Low,Health Department
Frequent power failure in ward 4 frequently occurring,Low,Electrical Department
Illegal construction near apartment complex after heavy rainfall,High,Engineering Department
Waste segregation not followed in ward 2 repeatedly reported,Medium,Solid Waste Management
Wrong property tax amount in ward 4 for more than a week,High,Revenue Department
Illegal parking near bus stop near apartment complex repeatedly reported,Medium,Public Transport Department
Poor condition of bus shelter roof near main road since last week,High,Public Transport Department
Bus route information missing near main road during night hours,Low,Public Transport Department
Illegal construction near junction frequently occurring,Medium,Engineering Department
Open dumping of waste in commercial area repeatedly reported,High,Health Department
Waste segregation not followed in commercial area since last week,High,Solid Waste Management
Water pipeline leakage near market after heavy rainfall,Low,Water Supply Department
Incorrect property classification in ward 4 frequently occurring,High,Revenue Department
Burning of waste in open area reported by residents for the past few days,Low,Solid Waste Management
Door number mismatch in ward 4 during night hours,Medium,Revenue Department
Property tax not assessed in commercial area frequently occurring,Low,Revenue Department
Mutation delayed reported by residents since last week,Low,Revenue Department
Unsafe building structure near market since last week,High,Engineering Department
Mutation delayed reported by residents after heavy rainfall,Low,Revenue Department
Open dumping of waste near park during night hours,High,Health Department
Street light not working in ward 1 for the past few days,Low,Electrical Department
Ownership change not updated near market after heavy rainfall,Low,Revenue Department
Public park not maintained near market for the past few days,High,Parks and Recreation Department
Blocked drain in ward 4 repeatedly reported,High,Health Department
Electric pole damaged near junction during night hours,High,Electrical Department
Bus shelter damaged in ward 1 repeatedly reported,High,Public Transport Department
Wrong property tax amount near park repeatedly reported,High,Revenue Department
Electric pole damaged near market after heavy rainfall,Medium,Electrical Department
Street light not working near junction since last week,High,Electrical Department
Contaminated drinking water causing public inconvenience repeatedly reported,Medium,Water Supply Department
Waste segregation not followed near market since last week,Medium,Solid Waste Management
Waste collection vehicle not arriving near residential area for more than a week,Medium,Solid Waste Management
Incorrect tax arrears near school repeatedly reported,High,Revenue Department
Frequent power failure in ward 3 after heavy rainfall,Low,Electrical Department
Public toilet not cleaned in ward 1 after heavy rainfall,Medium,Health Department
Food waste causing foul smell near residential area during night hours,Medium,Health Department
Contaminated drinking water near park since last week,Low,Water Supply Department
Public park not maintained near hospital during night hours,High,Parks and Recreation Department
No water supply near main road during night hours,Low,Water Supply Department
Plastic waste accumulation in ward 3 after heavy rainfall,Low,Solid Waste Management
Bus stop without seating in commercial area since last week,High,Public Transport Department
Garbage bin overflow near school since last week,Low,Solid Waste Management
Plastic waste accumulation causing public inconvenience since last week,High,Solid Waste Management
Duplicate tax demand causing public inconvenience since last week,Low,Revenue Department
Public park not maintained near bus stop since last week,Medium,Parks and Recreation Department
Storm water drain blocked reported by residents after heavy rainfall,High,Engineering Department
Illegal construction in commercial area during night hours,High,Engineering Department
Zoning regulation violation in commercial area for the past few days,Medium,Town Planning Department
Public park not maintained near bus stop frequently occurring,High,Parks and Recreation Department
Potholes on road in ward 2 repeatedly reported,Low,Engineering Department
Potholes on road in commercial area after heavy rainfall,Low,Engineering Department
Ownership change not updated near market frequently occurring,High,Revenue Department
Plastic waste accumulation in ward 4 for more than a week,Low,Solid Waste Management
Park lights not working near hospital since last week,Medium,Parks and Recreation Department
Water pipeline leakage near market since last week,High,Water Supply Department
Building permit delayed in ward 4 repeatedly reported,Medium,Town Planning Department
Contaminated drinking water in ward 1 frequently occurring,Medium,Water Supply Department
Poor condition of bus shelter roof near residential area frequently occurring,Medium,Public Transport Department
Loose street light connection near main road repeatedly reported,High,Electrical Department
Waste segregation not followed near hospital since last week,Low,Solid Waste Management
Water pipeline leakage near junction repeatedly reported,Low,Water Supply Department
Plastic waste accumulation causing public inconvenience during night hours,Low,Solid Waste Management
Building permit delayed causing public inconvenience for more than a week,Medium,Town Planning Department
Broken play equipment in park near park since last week,Low,Parks and Recreation Department
Unsafe building structure near park for the past few days,Medium,Engineering Department
Sewage overflow near apartment complex frequently occurring,High,Health Department
Water pipeline leakage near school repeatedly reported,Low,Water Supply Department
Street light not working near hospital since last week,High,Electrical Department
Low water pressure near residential area frequently occurring,High,Water Supply Department
Unsafe building structure near market for more than a week,High,Engineering Department
Low water pressure in ward 4 for the past few days,Medium,Water Supply Department
Low water pressure reported by residents for more than a week,Medium,Water Supply Department
Open dumping of waste near apartment complex for more than a week,Low,Health Department
Property tax not assessed causing public inconvenience frequently occurring,High,Revenue Department
Open dumping of waste reported by residents during night hours,Medium,Health Department
Dead animal not removed near main road since last week,High,Health Department
Public toilet not cleaned in ward 4 for more than a week,Medium,Health Department
Potholes on road near main road for the past few days,Low,Engineering Department
Illegal parking near bus stop in ward 2 after heavy rainfall,High,Public Transport Department
Garbage bin overflow near bus stop repeatedly reported,Medium,Solid Waste Management
Waste segregation not followed near main road during night hours,High,Solid Waste Management
Property tax not assessed near school for the past few days,High,Revenue Department
Zoning regulation violation in ward 3 since last week,High,Town Planning Department
Electric pole damaged in ward 3 after heavy rainfall,High,Electrical Department
Frequent power failure near bus stop for the past few days,Low,Electrical Department
Mutation delayed near residential area frequently occurring,Medium,Revenue Department
Low water pressure near apartment complex during night hours,High,Water Supply Department
No water supply causing public inconvenience after heavy rainfall,Medium,Water Supply Department
No water supply near bus stop for the past few days,Low,Water Supply Department
Incorrect tax arrears in ward 3 after heavy rainfall,Medium,Revenue Department
Bus stop without seating causing public inconvenience after heavy rainfall,Low,Public Transport Department
Frequent power failure in ward 3 for more than a week,Medium,Electrical Department
Potholes on road near hospital during night hours,Medium,Engineering Department
Public toilet not cleaned near park frequently occurring,High,Health Department
Mosquito breeding near residential area since last week,Medium,Health Department
Contaminated drinking water near bus stop during night hours,Low,Water Supply Department
Encroachment on public land near park for the past few days,Low,Town Planning Department
Wrong property tax amount near main road frequently occurring,Low,Revenue Department
Culvert damaged near apartment complex frequently occurring,High,Engineering Department
No water supply near apartment complex after heavy rainfall,Low,Water Supply Department
Burning of waste in open area in ward 4 after heavy rainfall,Low,Solid Waste Management
Road repair delayed near junction during night hours,Medium,Engineering Department
Building permit delayed near main road during night hours,Medium,Town Planning Department
Mutation delayed near apartment complex since last week,Medium,Revenue Department
Street light not working near market after heavy rainfall,Medium,Electrical Department
Potholes on road in ward 2 since last week,Low,Engineering Department
Storm water drain blocked in ward 3 during night hours,Medium,Engineering Department
Incorrect property classification near residential area during night hours,High,Revenue Department
Road repair delayed near residential area for the past few days,High,Engineering Department
Blocked drain in ward 4 during night hours,Low,Health Department
Garbage bin overflow near main road for the past few days,Medium,Solid Waste Management
Contaminated drinking water near school frequently occurring,High,Water Supply Department
Stray dog nuisance in ward 4 for more than a week,Low,Health Department
Frequent power failure in ward 2 during night hours,High,Electrical Department
Unauthorized land use near school for more than a week,High,Town Planning Department
Waste collection vehicle not arriving in ward 2 since last week,Medium,Solid Waste Management
Building number not assigned near school since last week,High,Engineering Department
Poor condition of bus shelter roof near park frequently occurring,Low,Public Transport Department
Unsafe building structure in ward 2 after heavy rainfall,Low,Engineering Department
Vacant land tax issue in ward 2 after heavy rainfall,Low,Revenue Department
Electric pole damaged near apartment complex repeatedly reported,High,Electrical Department
Sewage overflow near main road during night hours,Medium,Health Department
Illegal parking near bus stop near bus stop during night hours,High,Public Transport Department
Garbage bin overflow near market frequently occurring,High,Solid Waste Management
Electric pole damaged near residential area repeatedly reported,Medium,Electrical Department
Loose street light connection near bus stop since last week,Medium,Electrical Department
Frequent power failure in ward 4 after heavy rainfall,High,Electrical Department
Road repair delayed causing public inconvenience frequently occurring,Low,Engineering Department
Culvert damaged near junction repeatedly reported,Medium,Engineering Department
Duplicate tax demand near main road frequently occurring,Low,Revenue Department
Vacant land tax issue in ward 2 frequently occurring,High,Revenue Department
Layout approval pending causing public inconvenience since last week,Low,Town Planning Department
Burning of waste in open area near junction repeatedly reported,Low,Solid Waste Management
Culvert damaged near bus stop since last week,Medium,Engineering Department
Broken footpath near hospital since last week,Medium,Engineering Department
No water supply in ward 1 for more than a week,High,Water Supply Department
Public toilet not cleaned near school since last week,Medium,Health Department
Sewage overflow in commercial area for the past few days,High,Health Department
Broken footpath causing public inconvenience for more than a week,Medium,Engineering Department
Lack of drinking water in park near park after heavy rainfall,High,Parks and Recreation Department
Overgrown bushes in park near junction repeatedly reported,Medium,Parks and Recreation Department
Zoning regulation violation near market after heavy rainfall,High,Town Planning Department
Incorrect tax arrears near apartment complex during night hours,Medium,Revenue Department
Zoning regulation violation in ward 2 for more than a week,Low,Town Planning Department
Blocked drain reported by residents for the past few days,High,Health Department
Zoning regulation violation in ward 3 repeatedly reported,Medium,Town Planning Department
Contaminated drinking water in commercial area frequently occurring,High,Water Supply Department
Water pipeline leakage in ward 2 during night hours,Medium,Water Supply Department
Low water pressure near park since last week,Medium,Water Supply Department
Water valve damaged reported by residents since last week,Medium,Water Supply Department
Electric pole damaged in ward 3 frequently occurring,Medium,Electrical Department
Bus shelter damaged in ward 4 during night hours,Medium,Public Transport Department
Mosquito breeding reported by residents for more than a week,High,Health Department
Ownership change not updated in ward 4 for more than a week,High,Revenue Department
Food waste causing foul smell near residential area for the past few days,High,Health Department
Broken footpath near bus stop for more than a week,Medium,Engineering Department
Sewage overflow in ward 2 since last week,Medium,Health Department
Frequent power failure near main road for more than a week,High,Electrical Department
Garbage bin overflow in ward 1 frequently occurring,High,Solid Waste Management
Cracks in public building near bus stop repeatedly reported,Medium,Engineering Department
Broken play equipment in park near apartment complex for the past few days,Medium,Parks and Recreation Department
Property tax not assessed in ward 1 during night hours,Medium,Revenue Department
Property tax not assessed near main road after heavy rainfall,Medium,Revenue Department
Street light not working near market for the past few days,Medium,Electrical Department
Damaged drainage system near bus stop during night hours,Low,Engineering Department
Park lights not working near hospital frequently occurring,High,Parks and Recreation Department
Lack of drinking water in park in ward 3 repeatedly reported,High,Parks and Recreation Department
Incorrect property classification in commercial area since last week,Medium,Revenue Department
Waste collection vehicle not arriving near main road repeatedly reported,High,Solid Waste Management
Frequent power failure in ward 2 since last week,Low,Electrical Department
Food waste causing foul smell near bus stop for the past few days,Low,Health Department
Open dumping of waste in ward 3 for more than a week,High,Health Department
Building number not assigned near junction repeatedly reported,Medium,Engineering Department
Loose street light connection in ward 2 since last week,High,Electrical Department
Public toilet not cleaned near main road after heavy rainfall,High,Health Department
Improper waste disposal causing public inconvenience after heavy rainfall,Medium,Health Department
Garbage not collected reported by residents for more than a week,Medium,Health Department
Water pipeline leakage near school repeatedly reported,High,Water Supply Department
Road repair delayed near hospital since last week,Medium,Engineering Department
Duplicate tax demand near market repeatedly reported,Medium,Revenue Department
Door number mismatch near hospital since last week,Low,Revenue Department
Food waste causing foul smell in ward 2 frequently occurring,High,Health Department
Illegal construction in ward 3 repeatedly reported,Medium,Engineering Department
Building number not assigned near school during night hours,Low,Engineering Department
Vacant land tax issue near apartment complex repeatedly reported,Medium,Revenue Department
Potholes on road reported by residents during night hours,Medium,Engineering Department
Error in ownership certificate causing public inconvenience since last week,High,Revenue Department
Incorrect property classification near school since last week,Low,Revenue Department
Frequent power failure near residential area repeatedly reported,Medium,Electrical Department
Waste collection vehicle not arriving near hospital since last week,Low,Solid Waste Management
Zoning regulation violation near apartment complex frequently occurring,Low,Town Planning Department
Layout approval pending near school repeatedly reported,Medium,Town Planning Department
Vacant land tax issue in ward 4 since last week,Low,Revenue Department
Electric pole damaged near residential area for the past few days,Medium,Electrical Department
Mutation delayed near main road during night hours,Low,Revenue Department
Broken footpath near market frequently occurring,Medium,Engineering Department
Road repair delayed near market for the past few days,Low,Engineering Department
Incorrect property classification near junction since last week,Low,Revenue Department
Ownership change not updated in commercial area for the past few days,High,Revenue Department
Road repair delayed near bus stop repeatedly reported,High,Engineering Department
Damaged drainage system near park since last week,High,Engineering Department
Food waste causing foul smell near park since last week,Medium,Health Department
Building number not assigned in ward 1 since last week,Medium,Engineering Department
Public toilet not cleaned near hospital frequently occurring,High,Health Department
Lack of drinking water in park near school during night hours,Medium,Parks and Recreation Department
Mutation delayed in commercial area since last week,Low,Revenue Department
Incorrect tax arrears near residential area frequently occurring,High,Revenue Department
Water pipeline leakage causing public inconvenience during night hours,Low,Water Supply Department
Wrong property tax amount in commercial area frequently occurring,Low,Revenue Department
Food waste causing foul smell near main road since last week,Medium,Health Department
Error in ownership certificate causing public inconvenience since last week,Low,Revenue Department
Mosquito breeding causing public inconvenience for the past few days,High,Health Department
Sewage overflow near market since last week,Medium,Health Department
Culvert damaged in ward 4 after heavy rainfall,Medium,Engineering Department
Low water pressure near school frequently occurring,Low,Water Supply Department
Duplicate tax demand near market for the past few days,Medium,Revenue Department
Unsafe building structure near main road for the past few days,High,Engineering Department
Open dumping of waste in ward 4 frequently occurring,Low,Health Department
Loose street light connection reported by residents repeatedly reported,Medium,Electrical Department
Blocked drain near bus stop after heavy rainfall,Medium,Health Department
Sewage overflow near park since last week,Low,Health Department
Loose street light connection near junction during night hours,High,Electrical Department
Damaged drainage system near school repeatedly reported,Medium,Engineering Department
Loose street light connection in ward 4 for more than a week,High,Electrical Department
Illegal parking near bus stop in ward 4 frequently occurring,Medium,Public Transport Department
Mosquito breeding in ward 2 after heavy rainfall,Low,Health Department
Stray dog nuisance near apartment complex repeatedly reported,High,Health Department
Road repair delayed near apartment complex for the past few days,High,Engineering Department
Illegal construction in ward 4 for the past few days,High,Engineering Department
Damaged drainage system near main road since last week,High,Engineering Department
Public park not maintained reported by residents frequently occurring,High,Parks and Recreation Department
Broken footpath in ward 3 during night hours,Medium,Engineering Department
Electric pole damaged near park since last week,High,Electrical Department
Blocked drain near apartment complex for the past few days,Medium,Health Department
Plastic waste accumulation near park after heavy rainfall,Medium,Solid Waste Management
Overgrown bushes in park reported by residents since last week,Low,Parks and Recreation Department
Building number not assigned near apartment complex repeatedly reported,Low,Engineering Department
Improper waste disposal in ward 1 frequently occurring,Medium,Health Department
Burning of waste in open area in commercial area for the past few days,Medium,Solid Waste Management
Frequent power failure in ward 2 during night hours,Low,Electrical Department
Wrong property tax amount in ward 4 since last week,High,Revenue Department
Illegal construction reported by residents after heavy rainfall,High,Engineering Department
Illegal parking near bus stop near junction for the past few days,Medium,Public Transport Department
Street light not working near park repeatedly reported,Low,Electrical Department
Building permit delayed near apartment complex for more than a week,Medium,Town Planning Department
Unsafe building structure near junction since last week,Medium,Engineering Department
Storm water drain blocked near apartment complex during night hours,High,Engineering Department
Potholes on road in ward 1 for the past few days,Low,Engineering Department
Incorrect property classification in ward 3 during night hours,Low,Revenue Department
Street light not working near main road for more than a week,Medium,Electrical Department
Frequent power failure near park frequently occurring,High,Electrical Department
Water pipeline leakage near main road repeatedly reported,Low,Water Supply Department
Blocked drain in ward 3 repeatedly reported,Low,Health Department
No water supply near residential area after heavy rainfall,High,Water Supply Department
Unauthorized land use in ward 3 for the past few days,Medium,Town Planning Department
No water supply near school during night hours,High,Water Supply Department
Error in ownership certificate reported by residents for the past few days,Medium,Revenue Department
Frequent power failure reported by residents repeatedly reported,High,Electrical Department
Zoning regulation violation reported by residents frequently occurring,Medium,Town Planning Department
Garbage bin overflow near bus stop for the past few days,Medium,Solid Waste Management
Overgrown bushes in park in ward 2 frequently occurring,High,Parks and Recreation Department
Water valve damaged near hospital for the past few days,Low,Water Supply Department
Ownership change not updated near park frequently occurring,High,Revenue Department
Broken footpath near park repeatedly reported,Low,Engineering Department
Potholes on road near residential area for the past few days,Medium,Engineering Department
Open dumping of waste in ward 2 since last week,High,Health Department
Duplicate tax demand in ward 1 repeatedly reported,Medium,Revenue Department
Sewage overflow near park for the past few days,Low,Health Department
Garbage not collected near bus stop since last week,High,Health Department
Public toilet not cleaned near hospital for the past few days,Low,Health Department
Garbage not collected near market frequently occurring,High,Health Department
Incorrect property classification in ward 2 repeatedly reported,High,Revenue Department
Dead animal not removed in ward 4 during night hours,Low,Health Department
Vacant land tax issue near hospital since last week,Low,Revenue Department
Encroachment on public land in commercial area after heavy rainfall,Low,Town Planning Department
Dead animal not removed in ward 2 repeatedly reported,Low,Health Department
Mosquito breeding near residential area during night hours,High,Health Department
Road repair delayed in commercial area for the past few days,Low,Engineering Department
Burning of waste in open area in ward 3 frequently occurring,Low,Solid Waste Management
Low water pressure in commercial area frequently occurring,Medium,Water Supply Department
Illegal parking near bus stop near hospital for more than a week,Low,Public Transport Department
Public toilet not cleaned near main road during night hours,Low,Health Department
Culvert damaged near main road repeatedly reported,Medium,Engineering Department
Bus shelter damaged in ward 3 repeatedly reported,High,Public Transport Department
Ownership change not updated near school since last week,High,Revenue Department
Bus route information missing near apartment complex frequently occurring,High,Public Transport Department
Mutation delayed near apartment complex since last week,High,Revenue Department
Damaged drainage system in commercial area since last week,Medium,Engineering Department
Plastic waste accumulation near residential area for more than a week,High,Solid Waste Management
Waste segregation not followed near bus stop since last week,High,Solid Waste Management
Door number mismatch near apartment complex since last week,Medium,Revenue Department
No water supply in ward 4 for more than a week,Low,Water Supply Department
Mosquito breeding near school repeatedly reported,High,Health Department
Loose street light connection near residential area after heavy rainfall,Low,Electrical Department
Loose street light connection near junction for the past few days,High,Electrical Department
Electric pole damaged near junction for the past few days,High,Electrical Department
Wrong property tax amount near residential area since last week,Low,Revenue Department
Plastic waste accumulation near market for the past few days,Medium,Solid Waste Management
Illegal parking near bus stop near school since last week,Medium,Public Transport Department
Food waste causing foul smell near main road after heavy rainfall,Medium,Health Department
Duplicate tax demand near residential area repeatedly reported,Low,Revenue Department
Garbage bin overflow near main road since last week,Low,Solid Waste Management
Vacant land tax issue near bus stop since last week,Medium,Revenue Department
Burning of waste in open area causing public inconvenience for the past few days,Medium,Solid Waste Management
Park lights not working near school after heavy rainfall,Medium,Parks and Recreation Department
Building number not assigned near school repeatedly reported,Medium,Engineering Department
No water supply near hospital during night hours,Low,Water Supply Department
Incorrect property classification near main road during night hours,Low,Revenue Department
Mosquito breeding near residential area for more than a week,Low,Health Department
Plastic waste accumulation near residential area for the past few days,Medium,Solid Waste Management
Unsafe building structure in ward 3 for the past few days,High,Engineering Department
Exposed electric wire in ward 4 repeatedly reported,Medium,Electrical Department
Zoning regulation violation near main road for more than a week,High,Town Planning Department
Mosquito breeding in ward 1 repeatedly reported,High,Health Department
Bus stop without seating near junction since last week,High,Public Transport Department
Water valve damaged near school for the past few days,High,Water Supply Department
Wrong property tax amount near main road repeatedly reported,Medium,Revenue Department
Damaged drainage system near residential area frequently occurring,High,Engineering Department
Water valve damaged causing public inconvenience for more than a week,High,Water Supply Department
Garbage bin overflow near school for more than a week,High,Solid Waste Management
Sewage overflow in ward 1 repeatedly reported,Low,Health Department
Wrong property tax amount near main road during night hours,Low,Revenue Department
Low water pressure in ward 3 for the past few days,High,Water Supply Department
Water valve damaged in ward 1 during night hours,Low,Water Supply Department
Potholes on road near school after heavy rainfall,Low,Engineering Department
Low water pressure in ward 4 during night hours,Low,Water Supply Department
Storm water drain blocked near school for the past few days,High,Engineering Department
Illegal construction near main road during night hours,Low,Engineering Department
Waste segregation not followed in ward 1 repeatedly reported,High,Solid Waste Management
Wrong property tax amount in ward 3 after heavy rainfall,Low,Revenue Department
Waste collection vehicle not arriving near junction since last week,High,Solid Waste Management
No water supply near park during night hours,High,Water Supply Department
Unsafe building structure reported by residents for more than a week,Medium,Engineering Department
Overgrown bushes in park near residential area for the past few days,Low,Parks and Recreation Department
Street light not working near market since last week,Low,Electrical Department
Garbage not collected in commercial area frequently occurring,Medium,Health Department
Exposed electric wire causing public inconvenience frequently occurring,Low,Electrical Department
Mosquito breeding causing public inconvenience frequently occurring,Medium,Health Department
Plastic waste accumulation near park during night hours,Medium,Solid Waste Management
Plastic waste accumulation in ward 2 for more than a week,Medium,Solid Waste Management
Door number mismatch in ward 3 repeatedly reported,Medium,Revenue Department
Error in ownership certificate in ward 2 after heavy rainfall,Medium,Revenue Department
Stray dog nuisance reported by residents for more than a week,High,Health Department
Broken footpath near apartment complex frequently occurring,Low,Engineering Department
Dead animal not removed near bus stop for the past few days,Low,Health Department
Mosquito breeding near main road for the past few days,High,Health Department
Stray dog nuisance near bus stop after heavy rainfall,High,Health Department
Building permit delayed in ward 4 frequently occurring,High,Town Planning Department
Bus stop without seating near junction for the past few days,Low,Public Transport Department
Garbage bin overflow in ward 3 for more than a week,Low,Solid Waste Management
Loose street light connection near bus stop for more than a week,High,Electrical Department
Illegal parking near bus stop near market for more than a week,High,Public Transport Department
Stray dog nuisance reported by residents repeatedly reported,Medium,Health Department
Park lights not working in ward 3 during night hours,High,Parks and Recreation Department
Sewage overflow in ward 4 repeatedly reported,Medium,Health Department
Layout approval pending near junction after heavy rainfall,Low,Town Planning Department
Open dumping of waste causing public inconvenience frequently occurring,Medium,Health Department
Park lights not working near bus stop repeatedly reported,High,Parks and Recreation Department
Wrong property tax amount near apartment complex since last week,Medium,Revenue Department
Cracks in public building in ward 4 since last week,High,Engineering Department
Wrong property tax amount in ward 3 during night hours,Low,Revenue Department
Encroachment on public land causing public inconvenience after heavy rainfall,Low,Town Planning Department
Plastic waste accumulation in ward 3 for more than a week,High,Solid Waste Management
Broken play equipment in park near apartment complex during night hours,Low,Parks and Recreation Department
Food waste causing foul smell near residential area for the past few days,Low,Health Department
Waste segregation not followed near school during night hours,High,Solid Waste Management
Garbage not collected in commercial area since last week,High,Health Department
Illegal construction near hospital during night hours,High,Engineering Department
Vacant land tax issue near apartment complex frequently occurring,Medium,Revenue Department
Road repair delayed reported by residents after heavy rainfall,Medium,Engineering Department
Frequent power failure causing public inconvenience frequently occurring,High,Electrical Department
Mutation delayed near market for the past few days,High,Revenue Department
Improper waste disposal in ward 4 frequently occurring,Medium,Health Department
Loose street light connection reported by residents since last week,Low,Electrical Department
Bus shelter damaged in commercial area for more than a week,Medium,Public Transport Department
Frequent power failure near market during night hours,High,Electrical Department
Improper waste disposal near park after heavy rainfall,Medium,Health Department
Overgrown bushes in park in ward 4 frequently occurring,Low,Parks and Recreation Department
Public park not maintained near park frequently occurring,Low,Parks and Recreation Department
Encroachment on public land causing public inconvenience for more than a week,Low,Town Planning Department
Overgrown bushes in park in commercial area for the past few days,Medium,Parks and Recreation Department
Water valve damaged in ward 3 for the past few days,High,Water Supply Department
Open dumping of waste near apartment complex during night hours,Medium,Health Department
Layout approval pending in ward 4 after heavy rainfall,High,Town Planning Department
Electric pole damaged near market since last week,Low,Electrical Department
Exposed electric wire near bus stop during night hours,Low,Electrical Department
Waste segregation not followed near residential area repeatedly reported,Medium,Solid Waste Management
Open dumping of waste near apartment complex for the past few days,Low,Health Department
Broken footpath near junction repeatedly reported,Medium,Engineering Department
Improper waste disposal reported by residents for the past few days,Medium,Health Department
Water valve damaged in ward 1 since last week,Medium,Water Supply Department
Overgrown bushes in park near school since last week,High,Parks and Recreation Department
Garbage not collected near hospital repeatedly reported,Medium,Health Department
Potholes on road near residential area during night hours,High,Engineering Department
Duplicate tax demand near junction repeatedly reported,Medium,Revenue Department
Property tax not assessed near hospital frequently occurring,Medium,Revenue Department
Waste collection vehicle not arriving near market during night hours,Medium,Solid Waste Management
Dead animal not removed near market frequently occurring,High,Health Department
Stray dog nuisance near school for the past few days,High,Health Department
Bus stop without seating reported by residents frequently occurring,Low,Public Transport Department
Food waste causing foul smell near main road since last week,Low,Health Department
Burning of waste in open area near apartment complex repeatedly reported,Low,Solid Waste Management
Error in ownership certificate in ward 4 for more than a week,Low,Revenue Department
Contaminated drinking water in ward 4 since last week,Medium,Water Supply Department
Wrong property tax amount near hospital repeatedly reported,Medium,Revenue Department
Open dumping of waste near market for more than a week,High,Health Department
Incorrect property classification in ward 1 after heavy rainfall,Low,Revenue Department
Food waste causing foul smell near main road for more than a week,High,Health Department
Incorrect property classification causing public inconvenience repeatedly reported,Medium,Revenue Department
Poor condition of bus shelter roof in ward 4 since last week,High,Public Transport Department
Blocked drain near hospital frequently occurring,Medium,Health Department
Waste collection vehicle not arriving reported by residents after heavy rainfall,High,Solid Waste Management
Electric pole damaged in ward 3 frequently occurring,Low,Electrical Department
Food waste causing foul smell near market frequently occurring,Low,Health Department
Park lights not working causing public inconvenience for the past few days,Low,Parks and Recreation Department
Unsafe building structure near school after heavy rainfall,High,Engineering Department
Plastic waste accumulation near market for the past few days,Low,Solid Waste Management
Ownership change not updated near main road for more than a week,Low,Revenue Department
Contaminated drinking water in ward 2 frequently occurring,High,Water Supply Department
Public toilet not cleaned in ward 1 frequently occurring,Low,Health Department
Potholes on road near main road after heavy rainfall,High,Engineering Department
Incorrect tax arrears in ward 2 for more than a week,Low,Revenue Department
Zoning regulation violation near hospital since last week,Medium,Town Planning Department
Error in ownership certificate in commercial area for more than a week,Medium,Revenue Department
Bus route information missing near bus stop after heavy rainfall,Medium,Public Transport Department
Duplicate tax demand near main road since last week,Low,Revenue Department
Cracks in public building in ward 3 after heavy rainfall,High,Engineering Department
Garbage bin overflow near main road frequently occurring,Low,Solid Waste Management
Incorrect tax arrears near residential area frequently occurring,Medium,Revenue Department
Electric pole damaged in ward 1 repeatedly reported,High,Electrical Department
Exposed electric wire in ward 2 for more than a week,Medium,Electrical Department
Exposed electric wire near market repeatedly reported,High,Electrical Department
Electric pole damaged in ward 2 repeatedly reported,Low,Electrical Department
Building permit delayed reported by residents during night hours,Medium,Town Planning Department
Bus route information missing near main road after heavy rainfall,Medium,Public Transport Department
Low water pressure near main road during night hours,High,Water Supply Department
Street light not working in ward 3 repeatedly reported,High,Electrical Department
Dead animal not removed in ward 2 for more than a week,Low,Health Department
Food waste causing foul smell in ward 3 repeatedly reported,Medium,Health Department
Park lights not working causing public inconvenience after heavy rainfall,Low,Parks and Recreation Department
Layout approval pending in ward 2 frequently occurring,Low,Town Planning Department
Building permit delayed near residential area frequently occurring,Medium,Town Planning Department
Potholes on road causing public inconvenience since last week,Medium,Engineering Department
Layout approval pending near park during night hours,Low,Town Planning Department
Damaged drainage system near hospital during night hours,Low,Engineering Department
Cracks in public building near bus stop for the past few days,Medium,Engineering Department
Incorrect property classification in ward 4 repeatedly reported,High,Revenue Department
Improper waste disposal in commercial area during night hours,Low,Health Department
Blocked drain near hospital since last week,Medium,Health Department
Building number not assigned near residential area since last week,High,Engineering Department
Ownership change not updated near bus stop repeatedly reported,High,Revenue Department
Low water pressure near residential area for the past few days,Low,Water Supply Department
Layout approval pending near market after heavy rainfall,Medium,Town Planning Department
Food waste causing foul smell near park since last week,Low,Health Department
Garbage bin overflow near residential area frequently occurring,Low,Solid Waste Management
Improper waste disposal near residential area repeatedly reported,High,Health Department
Door number mismatch causing public inconvenience frequently occurring,Medium,Revenue Department
Improper waste disposal in ward 1 since last week,High,Health Department
Exposed electric wire near bus stop frequently occurring,Low,Electrical Department
Building permit delayed near residential area since last week,High,Town Planning Department
Encroachment on public land near hospital during night hours,High,Town Planning Department
Ownership change not updated near junction during night hours,High,Revenue Department
Frequent power failure near main road after heavy rainfall,Medium,Electrical Department
Improper waste disposal in ward 1 after heavy rainfall,Low,Health Department
Bus route information missing in commercial area after heavy rainfall,High,Public Transport Department
Water valve damaged near junction for the past few days,Medium,Water Supply Department
Poor condition of bus shelter roof near market for more than a week,Low,Public Transport Department
Sewage overflow causing public inconvenience since last week,Medium,Health Department
Broken footpath near school frequently occurring,High,Engineering Department
Burning of waste in open area near school repeatedly reported,Medium,Solid Waste Management
No water supply in ward 3 frequently occurring,High,Water Supply Department
Building number not assigned in ward 1 for the past few days,High,Engineering Department
Unsafe building structure causing public inconvenience for the past few days,Medium,Engineering Department
Blocked drain near park since last week,Medium,Health Department
Cracks in public building near junction repeatedly reported,High,Engineering Department
Water pipeline leakage near residential area repeatedly reported,Low,Water Supply Department
Building number not assigned near school frequently occurring,High,Engineering Department
Stray dog nuisance near residential area during night hours,High,Health Department
Electric pole damaged in ward 2 after heavy rainfall,Low,Electrical Department
Broken play equipment in park near main road for more than a week,Low,Parks and Recreation Department
Vacant land tax issue near junction for more than a week,Medium,Revenue Department
Broken play equipment in park near hospital for more than a week,Low,Parks and Recreation Department
Garbage not collected near park since last week,Medium,Health Department
Door number mismatch near apartment complex for the past few days,Medium,Revenue Department
Incorrect property classification near school during night hours,Low,Revenue Department
Damaged drainage system near market for the past few days,Low,Engineering Department
Garbage bin overflow near apartment complex for more than a week,High,Solid Waste Management
Broken play equipment in park near bus stop after heavy rainfall,Low,Parks and Recreation Department
Broken play equipment in park near market frequently occurring,Medium,Parks and Recreation Department
Illegal parking near bus stop near residential area for the past few days,Low,Public Transport Department
Error in ownership certificate near hospital since last week,Medium,Revenue Department
Unsafe building structure causing public inconvenience after heavy rainfall,Low,Engineering Department
Illegal construction in ward 4 frequently occurring,High,Engineering Department
Garbage bin overflow near main road for more than a week,High,Solid Waste Management
Error in ownership certificate in ward 4 after heavy rainfall,Medium,Revenue Department
Incorrect tax arrears in ward 3 during night hours,Low,Revenue Department
Public toilet not cleaned reported by residents for more than a week,Medium,Health Department
Potholes on road in commercial area repeatedly reported,Low,Engineering Department
Poor condition of bus shelter roof in ward 4 during night hours,Medium,Public Transport Department
Broken play equipment in park reported by residents after heavy rainfall,Low,Parks and Recreation Department
Storm water drain blocked near residential area for more than a week,High,Engineering Department
Street light not working in ward 4 frequently occurring,Low,Electrical Department
Food waste causing foul smell reported by residents frequently occurring,Low,Health Department
Poor condition of bus shelter roof in ward 4 during night hours,High,Public Transport Department
Damaged drainage system in commercial area during night hours,Low,Engineering Department
Water pipeline leakage near school during night hours,Medium,Water Supply Department
Potholes on road causing public inconvenience frequently occurring,Low,Engineering Department
Incorrect property classification near bus stop for more than a week,High,Revenue Department
Blocked drain near park for more than a week,Low,Health Department
Garbage not collected causing public inconvenience for the past few days,High,Health Department
Road repair delayed near school during night hours,Low,Engineering Department
Burning of waste in open area in ward 2 since last week,Medium,Solid Waste Management
No water supply reported by residents after heavy rainfall,Medium,Water Supply Department
Potholes on road near bus stop for more than a week,Low,Engineering Department
Waste collection vehicle not arriving in ward 1 for more than a week,Low,Solid Waste Management
Loose street light connection in ward 1 for more than a week,High,Electrical Department
Garbage not collected near hospital repeatedly reported,High,Health Department
Water valve damaged near bus stop repeatedly reported,Medium,Water Supply Department
Encroachment on public land near junction since last week,Medium,Town Planning Department
Overgrown bushes in park in ward 2 frequently occurring,Medium,Parks and Recreation Department
Storm water drain blocked near apartment complex after heavy rainfall,Low,Engineering Department
Electric pole damaged in commercial area frequently occurring,Low,Electrical Department
Blocked drain near apartment complex for more than a week,Medium,Health Department
Bus route information missing near school frequently occurring,Medium,Public Transport Department
Public park not maintained in ward 4 frequently occurring,Medium,Parks and Recreation Department
Open dumping of waste near park after heavy rainfall,Medium,Health Department
Bus route information missing near bus stop during night hours,Medium,Public Transport Department
Vacant land tax issue causing public inconvenience for the past few days,High,Revenue Department
Incorrect property classification in commercial area for the past few days,High,Revenue Department
Incorrect tax arrears in ward 2 frequently occurring,Low,Revenue Department
Sewage overflow causing public inconvenience for the past few days,Low,Health Department
Open dumping of waste near residential area for the past few days,High,Health Department
Wrong property tax amount near apartment complex frequently occurring,Low,Revenue Department
Blocked drain near main road repeatedly reported,Low,Health Department
Loose street light connection near market for the past few days,High,Electrical Department
Dead animal not removed near apartment complex for the past few days,Low,Health Department
Burning of waste in open area near apartment complex during night hours,Medium,Solid Waste Management
Poor condition of bus shelter roof reported by residents during night hours,High,Public Transport Department
Improper waste disposal causing public inconvenience after heavy rainfall,High,Health Department
Water valve damaged causing public inconvenience repeatedly reported,Low,Water Supply Department
Incorrect property classification near residential area since last week,Low,Revenue Department
Stray dog nuisance in ward 3 for more than a week,Low,Health Department
Mosquito breeding near junction for the past few days,Low,Health Department
Low water pressure in commercial area frequently occurring,Low,Water Supply Department
Low water pressure near market since last week,Medium,Water Supply Department
Improper waste disposal near market after heavy rainfall,High,Health Department
Blocked drain near bus stop since last week,Low,Health Department
Mutation delayed in commercial area for the past few days,Medium,Revenue Department
Damaged drainage system near market since last week,High,Engineering Department
Garbage not collected near park after heavy rainfall,Low,Health Department
Lack of drinking water in park in commercial area after heavy rainfall,High,Parks and Recreation Department
Storm water drain blocked near school after heavy rainfall,Medium,Engineering Department
Mosquito breeding in ward 1 frequently occurring,Medium,Health Department
Vacant land tax issue near main road after heavy rainfall,High,Revenue Department
Illegal construction near market repeatedly reported,Medium,Engineering Department
Improper waste disposal near apartment complex for the past few days,Low,Health Department
Road repair delayed near junction frequently occurring,Low,Engineering Department
Dead animal not removed reported by residents after heavy rainfall,Low,Health Department
Mosquito breeding reported by residents for more than a week,Low,Health Department
Waste segregation not followed near junction for more than a week,Low,Solid Waste Management
Illegal parking near bus stop near hospital during night hours,High,Public Transport Department
Public park not maintained near market repeatedly reported,High,Parks and Recreation Department
Lack of drinking water in park near park for the past few days,High,Parks and Recreation Department
Mosquito breeding in ward 3 repeatedly reported,High,Health Department
Public toilet not cleaned near park repeatedly reported,Medium,Health Department
Damaged drainage system near residential area after heavy rainfall,Medium,Engineering Department
Broken footpath near apartment complex for more than a week,Medium,Engineering Department
Bus route information missing near school since last week,High,Public Transport Department
Garbage bin overflow near junction for the past few days,Low,Solid Waste Management
Garbage bin overflow near residential area repeatedly reported,Low,Solid Waste Management
Garbage not collected near junction after heavy rainfall,High,Health Department
Low water pressure near junction frequently occurring,Low,Water Supply Department
Building permit delayed in commercial area for more than a week,Medium,Town Planning Department
Wrong property tax amount in ward 2 since last week,Medium,Revenue Department
Stray dog nuisance reported by residents for the past few days,Medium,Health Department
Water pipeline leakage reported by residents after heavy rainfall,Low,Water Supply Department
Incorrect tax arrears near main road after heavy rainfall,Low,Revenue Department
Frequent power failure near apartment complex since last week,High,Electrical Department
Poor condition of bus shelter roof near junction since last week,High,Public Transport Department
Property tax not assessed near apartment complex for more than a week,High,Revenue Department
Wrong property tax amount in commercial area frequently occurring,Medium,Revenue Department
Garbage bin overflow in commercial area for more than a week,High,Solid Waste Management
Cracks in public building in ward 2 during night hours,High,Engineering Department
Food waste causing foul smell near bus stop for more than a week,High,Health Department
Wrong property tax amount near apartment complex for more than a week,Medium,Revenue Department
Layout approval pending reported by residents frequently occurring,High,Town Planning Department
Error in ownership certificate near residential area during night hours,Low,Revenue Department
Potholes on road near hospital frequently occurring,Low,Engineering Department
Garbage not collected near junction repeatedly reported,Medium,Health Department
Illegal construction near bus stop repeatedly reported,Low,Engineering Department
Water valve damaged near bus stop frequently occurring,Medium,Water Supply Department
Contaminated drinking water near residential area repeatedly reported,Medium,Water Supply Department
Broken footpath in ward 2 since last week,High,Engineering Department
Garbage not collected in ward 4 for more than a week,Medium,Health Department
Unsafe building structure in ward 2 frequently occurring,Low,Engineering Department
Wrong property tax amount near park for more than a week,High,Revenue Department
Contaminated drinking water in ward 1 for more than a week,Low,Water Supply Department
Frequent power failure in commercial area after heavy rainfall,High,Electrical Department
Exposed electric wire near apartment complex after heavy rainfall,Low,Electrical Department
Broken play equipment in park near apartment complex after heavy rainfall,Medium,Parks and Recreation Department
Stray dog nuisance in ward 4 after heavy rainfall,High,Health Department
Culvert damaged near bus stop after heavy rainfall,Low,Engineering Department
Building number not assigned near apartment complex for more than a week,Low,Engineering Department
Waste segregation not followed in ward 3 for more than a week,High,Solid Waste Management
Stray dog nuisance reported by residents after heavy rainfall,Medium,Health Department
Broken footpath in ward 2 during night hours,Medium,Engineering Department
Waste segregation not followed near hospital for more than a week,Low,Solid Waste Management
Water valve damaged near bus stop since last week,High,Water Supply Department
Illegal parking near bus stop reported by residents since last week,Low,Public Transport Department
Low water pressure near market repeatedly reported,Medium,Water Supply Department
Sewage overflow near junction for more than a week,Medium,Health Department
Stray dog nuisance near bus stop repeatedly reported,Medium,Health Department
Street light not working near school since last week,High,Electrical Department
Cracks in public building near park for more than a week,Medium,Engineering Department
Water pipeline leakage in ward 1 frequently occurring,Medium,Water Supply Department
Food waste causing foul smell near apartment complex during night hours,Low,Health Department
Illegal construction reported by residents after heavy rainfall,Medium,Engineering Department
Stray dog nuisance near market since last week,High,Health Department
Low water pressure near apartment complex since last week,High,Water Supply Department
Loose street light connection in ward 4 after heavy rainfall,High,Electrical Department
Blocked drain near apartment complex frequently occurring,Medium,Health Department
Unsafe building structure near residential area for the past few days,Medium,Engineering Department
Blocked drain in ward 2 during night hours,Low,Health Department
Frequent power failure in ward 3 for the past few days,Low,Electrical Department
Damaged drainage system in ward 3 after heavy rainfall,High,Engineering Department
Public toilet not cleaned reported by residents since last week,High,Health Department
Garbage not collected near school frequently occurring,High,Health Department
Potholes on road near bus stop after heavy rainfall,High,Engineering Department
Potholes on road in ward 1 during night hours,Medium,Engineering Department
No water supply causing public inconvenience during night hours,High,Water Supply Department
Food waste causing foul smell near residential area after heavy rainfall,Medium,Health Department
Blocked drain in ward 3 for more than a week,Low,Health Department
Broken play equipment in park in ward 3 for more than a week,High,Parks and Recreation Department
Electric pole damaged near residential area after heavy rainfall,High,Electrical Department
Building number not assigned near market repeatedly reported,Medium,Engineering Department
Electric pole damaged in ward 2 repeatedly reported,High,Electrical Department
Exposed electric wire in ward 4 during night hours,High,Electrical Department
Illegal parking near bus stop near park for more than a week,High,Public Transport Department
Frequent power failure near hospital during night hours,Low,Electrical Department
Open dumping of waste causing public inconvenience after heavy rainfall,Low,Health Department
Poor condition of bus shelter roof near hospital during night hours,Medium,Public Transport Department
Mutation delayed near apartment complex for more than a week,High,Revenue Department
Plastic waste accumulation near main road repeatedly reported,High,Solid Waste Management
No water supply near junction repeatedly reported,Low,Water Supply Department
Exposed electric wire in ward 2 since last week,Low,Electrical Department
Plastic waste accumulation near main road frequently occurring,Medium,Solid Waste Management
Duplicate tax demand reported by residents frequently occurring,High,Revenue Department
Stray dog nuisance near market after heavy rainfall,Medium,Health Department
Error in ownership certificate near market repeatedly reported,Medium,Revenue Department
Food waste causing foul smell near hospital for more than a week,High,Health Department
Sewage overflow near hospital since last week,High,Health Department
Burning of waste in open area in ward 2 for more than a week,High,Solid Waste Management
Sewage overflow near market repeatedly reported,High,Health Department
Damaged drainage system near main road during night hours,High,Engineering Department
Bus route information missing in ward 2 during night hours,Medium,Public Transport Department
Unsafe building structure causing public inconvenience frequently occurring,High,Engineering Department
Building permit delayed near market frequently occurring,High,Town Planning Department
Lack of drinking water in park causing public inconvenience frequently occurring,Medium,Parks and Recreation Department
Wrong property tax amount near residential area since last week,High,Revenue Department
Vacant land tax issue near school since last week,High,Revenue Department
Illegal construction near hospital repeatedly reported,High,Engineering Department
Illegal construction near hospital frequently occurring,Medium,Engineering Department
Mutation delayed near park frequently occurring,High,Revenue Department
Building number not assigned near park for the past few days,Medium,Engineering Department
No water supply near school repeatedly reported,Low,Water Supply Department
Damaged drainage system in commercial area repeatedly reported,Low,Engineering Department
Blocked drain near hospital for the past few days,High,Health Department
Low water pressure near market for the past few days,Low,Water Supply Department
Garbage not collected near apartment complex since last week,High,Health Department
Waste collection vehicle not arriving in ward 2 for the past few days,High,Solid Waste Management
Bus stop without seating near residential area during night hours,Medium,Public Transport Department
Ownership change not updated near hospital frequently occurring,High,Revenue Department
No water supply near school after heavy rainfall,Low,Water Supply Department
Bus shelter damaged near park during night hours,High,Public Transport Department
Incorrect property classification near bus stop for the past few days,High,Revenue Department
Loose street light connection in ward 2 during night hours,Medium,Electrical Department
Food waste causing foul smell reported by residents during night hours,Medium,Health Department
Garbage not collected near apartment complex for more than a week,Low,Health Department
Open dumping of waste near apartment complex since last week,High,Health Department
Improper waste disposal in ward 3 after heavy rainfall,High,Health Department
Stray dog nuisance near junction for more than a week,High,Health Department
Electric pole damaged near hospital for more than a week,High,Electrical Department
Water pipeline leakage near apartment complex for more than a week,Medium,Water Supply Department
Duplicate tax demand near school for more than a week,Low,Revenue Department
Low water pressure near school during night hours,Low,Water Supply Department
Plastic waste accumulation causing public inconvenience repeatedly reported,Medium,Solid Waste Management
Water pipeline leakage in ward 4 after heavy rainfall,High,Water Supply Department
Vacant land tax issue near park after heavy rainfall,Low,Revenue Department
Open dumping of waste near junction for the past few days,Low,Health Department
Building number not assigned reported by residents repeatedly reported,High,Engineering Department
Unsafe building structure near apartment complex for more than a week,Medium,Engineering Department
Broken footpath in ward 3 frequently occurring,Medium,Engineering Department
Broken footpath reported by residents during night hours,High,Engineering Department
Road repair delayed in ward 2 since last week,Low,Engineering Department
Mosquito breeding near school since last week,High,Health Department
Broken play equipment in park near junction for the past few days,High,Parks and Recreation Department
Public toilet not cleaned causing public inconvenience for more than a week,High,Health Department
Bus stop without seating reported by residents after heavy rainfall,Medium,Public Transport Department
Duplicate tax demand in commercial area frequently occurring,Medium,Revenue Department
Unsafe building structure near hospital repeatedly reported,Medium,Engineering Department
Low water pressure in commercial area for the past few days,High,Water Supply Department
Food waste causing foul smell in ward 4 for the past few days,High,Health Department
Illegal parking near bus stop near main road for the past few days,High,Public Transport Department
Food waste causing foul smell near school for the past few days,Low,Health Department
Blocked drain in ward 4 frequently occurring,Medium,Health Department
Door number mismatch near market for the past few days,High,Revenue Department
Potholes on road near junction since last week,Low,Engineering Department
Property tax not assessed near main road since last week,Medium,Revenue Department
Frequent power failure in commercial area for more than a week,High,Electrical Department
Waste segregation not followed near school for the past few days,Medium,Solid Waste Management
Poor condition of bus shelter roof in ward 3 for the past few days,Low,Public Transport Department
Mutation delayed in ward 1 repeatedly reported,Medium,Revenue Department
Vacant land tax issue in ward 4 for the past few days,Medium,Revenue Department
Open dumping of waste near junction repeatedly reported,Low,Health Department
Bus stop without seating near school frequently occurring,Medium,Public Transport Department
Unsafe building structure near market for more than a week,Medium,Engineering Department
Ownership change not updated near park frequently occurring,Low,Revenue Department
Blocked drain near school for the past few days,Medium,Health Department
Exposed electric wire causing public inconvenience after heavy rainfall,Low,Electrical Department
Mosquito breeding near apartment complex after heavy rainfall,High,Health Department
Cracks in public building causing public inconvenience during night hours,Medium,Engineering Department
Contaminated drinking water near bus stop frequently occurring,Medium,Water Supply Department
Broken footpath in ward 4 since last week,Medium,Engineering Department
Lack of drinking water in park near junction during night hours,Low,Parks and Recreation Department
Incorrect property classification near market frequently occurring,Medium,Revenue Department
No water supply in ward 1 since last week,High,Water Supply Department
Property tax not assessed in ward 4 frequently occurring,High,Revenue Department
Culvert damaged near hospital since last week,High,Engineering Department
Ownership change not updated near park for the past few days,High,Revenue Department
Burning of waste in open area near market frequently occurring,Low,Solid Waste Management
Incorrect tax arrears near apartment complex for more than a week,Low,Revenue Department
Bus route information missing in ward 3 frequently occurring,Low,Public Transport Department
Open dumping of waste in ward 1 after heavy rainfall,Low,Health Department
Garbage bin overflow near main road during night hours,Medium,Solid Waste Management
Dead animal not removed near park for the past few days,High,Health Department
Illegal parking near bus stop in ward 4 after heavy rainfall,Low,Public Transport Department
Vacant land tax issue near residential area frequently occurring,Medium,Revenue Department
Improper waste disposal in commercial area repeatedly reported,Medium,Health Department
Contaminated drinking water in ward 3 repeatedly reported,Medium,Water Supply Department
Illegal construction near main road for the past few days,High,Engineering Department
Burning of waste in open area near apartment complex for the past few days,High,Solid Waste Management
Sewage overflow near residential area for the past few days,Low,Health Department
Building permit delayed in ward 3 for more than a week,High,Town Planning Department
Electric pole damaged in ward 2 frequently occurring,High,Electrical Department
Poor condition of bus shelter roof near park after heavy rainfall,Medium,Public Transport Department
No water supply in ward 4 for the past few days,Medium,Water Supply Department
Street light not working near bus stop since last week,Low,Electrical Department
Food waste causing foul smell in commercial area for more than a week,Low,Health Department
Low water pressure in commercial area during night hours,High,Water Supply Department
Vacant land tax issue near market during night hours,High,Revenue Department
Water pipeline leakage near park during night hours,Medium,Water Supply Department
Zoning regulation violation in ward 1 after heavy rainfall,Low,Town Planning Department
Incorrect property classification near main road frequently occurring,Medium,Revenue Department
Waste collection vehicle not arriving near apartment complex frequently occurring,High,Solid Waste Management
Mutation delayed near market for the past few days,Medium,Revenue Department
Potholes on road near school frequently occurring,High,Engineering Department
Vacant land tax issue reported by residents frequently occurring,Medium,Revenue Department
Dead animal not removed near school since last week,Low,Health Department
Electric pole damaged in ward 2 for the past few days,High,Electrical Department
Unsafe building structure causing public inconvenience frequently occurring,Low,Engineering Department
Dead animal not removed in ward 2 during night hours,High,Health Department
Unsafe building structure near bus stop after heavy rainfall,Medium,Engineering Department
No water supply reported by residents since last week,Low,Water Supply Department
Blocked drain in ward 4 repeatedly reported,Medium,Health Department
Overgrown bushes in park near park frequently occurring,High,Parks and Recreation Department
Blocked drain in ward 2 for the past few days,High,Health Department
Electric pole damaged in commercial area for the past few days,Low,Electrical Department
Loose street light connection near junction frequently occurring,Low,Electrical Department
Food waste causing foul smell near junction during night hours,Medium,Health Department
Road repair delayed near park for more than a week,Low,Engineering Department
Garbage bin overflow in ward 4 repeatedly reported,Medium,Solid Waste Management
Mutation delayed reported by residents during night hours,Low,Revenue Department
Garbage bin overflow near hospital since last week,Low,Solid Waste Management
Electric pole damaged near school for more than a week,High,Electrical Department
Damaged drainage system reported by residents after heavy rainfall,High,Engineering Department
Plastic waste accumulation near market since last week,High,Solid Waste Management
Illegal construction near residential area repeatedly reported,High,Engineering Department
Building number not assigned near bus stop repeatedly reported,Low,Engineering Department
No water supply in ward 1 for the past few days,Low,Water Supply Department
Stray dog nuisance causing public inconvenience since last week,Low,Health Department
Culvert damaged in commercial area frequently occurring,High,Engineering Department
Vacant land tax issue reported by residents for more than a week,Low,Revenue Department
Waste collection vehicle not arriving in ward 1 for more than a week,Medium,Solid Waste Management
Vacant land tax issue near hospital for the past few days,Low,Revenue Department
Waste collection vehicle not arriving near main road since last week,Medium,Solid Waste Management
Plastic waste accumulation in ward 4 frequently occurring,High,Solid Waste Management
Error in ownership certificate near park since last week,Medium,Revenue Department
No water supply in ward 4 repeatedly reported,Medium,Water Supply Department
Bus route information missing reported by residents during night hours,Low,Public Transport Department
Incorrect tax arrears reported by residents frequently occurring,Medium,Revenue Department
Low water pressure causing public inconvenience for more than a week,Medium,Water Supply Department
Food waste causing foul smell near junction during night hours,High,Health Department
Wrong property tax amount near school frequently occurring,Medium,Revenue Department
Broken play equipment in park near hospital for the past few days,Low,Parks and Recreation Department
Garbage bin overflow near apartment complex for the past few days,High,Solid Waste Management
Wrong property tax amount near apartment complex since last week,Low,Revenue Department
Potholes on road in ward 2 after heavy rainfall,Low,Engineering Department
Building number not assigned in ward 4 repeatedly reported,Medium,Engineering Department
Open dumping of waste causing public inconvenience repeatedly reported,Medium,Health Department
Road repair delayed near bus stop since last week,High,Engineering Department
Ownership change not updated near main road frequently occurring,Medium,Revenue Department
Error in ownership certificate in ward 1 during night hours,Low,Revenue Department
Frequent power failure in ward 3 during night hours,High,Electrical Department
Food waste causing foul smell near apartment complex after heavy rainfall,Low,Health Department
Food waste causing foul smell near park for the past few days,Medium,Health Department
Electric pole damaged reported by residents repeatedly reported,Low,Electrical Department
Street light not working near market since last week,High,Electrical Department
Vacant land tax issue reported by residents for the past few days,Low,Revenue Department
Plastic waste accumulation near bus stop repeatedly reported,High,Solid Waste Management
Garbage not collected near school since last week,Low,Health Department
Garbage bin overflow near school for the past few days,Medium,Solid Waste Management
Property tax not assessed in ward 1 repeatedly reported,High,Revenue Department
Ownership change not updated reported by residents for more than a week,Low,Revenue Department
Damaged drainage system near park for more than a week,Medium,Engineering Department
Electric pole damaged near market repeatedly reported,Medium,Electrical Department
Park lights not working near apartment complex for the past few days,High,Parks and Recreation Department
Damaged drainage system in commercial area after heavy rainfall,Medium,Engineering Department
Vacant land tax issue in commercial area after heavy rainfall,Low,Revenue Department
Road repair delayed near school frequently occurring,Low,Engineering Department
Blocked drain near apartment complex since last week,Medium,Health Department
Low water pressure near main road during night hours,Medium,Water Supply Department
Mutation delayed near market frequently occurring,High,Revenue Department
Bus stop without seating in ward 4 since last week,Medium,Public Transport Department
Cracks in public building near park repeatedly reported,Medium,Engineering Department
Stray dog nuisance near school repeatedly reported,Low,Health Department
Garbage not collected in ward 2 since last week,Medium,Health Department
Street light not working in ward 3 for more than a week,Medium,Electrical Department
Building permit delayed near market since last week,High,Town Planning Department
Garbage not collected near main road for more than a week,Low,Health Department
Public park not maintained near bus stop frequently occurring,Low,Parks and Recreation Department
Potholes on road near junction after heavy rainfall,Medium,Engineering Department
Water pipeline leakage near residential area frequently occurring,Medium,Water Supply Department
Illegal parking near bus stop causing public inconvenience after heavy rainfall,High,Public Transport Department
Unauthorized land use near main road for the past few days,Medium,Town Planning Department
Poor condition of bus shelter roof near market for the past few days,Medium,Public Transport Department
Incorrect property classification near school since last week,Medium,Revenue Department
Damaged drainage system in ward 2 repeatedly reported,Medium,Engineering Department
Food waste causing foul smell near main road for more than a week,Low,Health Department
Duplicate tax demand in ward 2 repeatedly reported,Low,Revenue Department
Unsafe building structure in ward 2 during night hours,Low,Engineering Department
Vacant land tax issue near apartment complex during night hours,Low,Revenue Department
Poor condition of bus shelter roof near park frequently occurring,Medium,Public Transport Department
Storm water drain blocked near hospital for the past few days,Medium,Engineering Department
Burning of waste in open area near junction for the past few days,High,Solid Waste Management
Garbage not collected in ward 3 for more than a week,Medium,Health Department
Water valve damaged in commercial area since last week,Medium,Water Supply Department
Mutation delayed in ward 1 after heavy rainfall,High,Revenue Department
Ownership change not updated in commercial area during night hours,Low,Revenue Department
Street light not working in ward 1 during night hours,Medium,Electrical Department
Mutation delayed causing public inconvenience for the past few days,Low,Revenue Department
Waste segregation not followed near park since last week,Low,Solid Waste Management
Waste collection vehicle not arriving in commercial area repeatedly reported,Low,Solid Waste Management
Ownership change not updated near bus stop after heavy rainfall,Low,Revenue Department
Storm water drain blocked near park frequently occurring,Medium,Engineering Department
Plastic waste accumulation near hospital during night hours,High,Solid Waste Management
Broken footpath in ward 1 for more than a week,Low,Engineering Department
Ownership change not updated in ward 4 during night hours,Low,Revenue Department
Road repair delayed near main road during night hours,High,Engineering Department
Vacant land tax issue near residential area after heavy rainfall,Low,Revenue Department
Waste segregation not followed causing public inconvenience frequently occurring,Low,Solid Waste Management
Lack of drinking water in park in ward 2 frequently occurring,High,Parks and Recreation Department
Bus route information missing near bus stop since last week,Medium,Public Transport Department
Incorrect tax arrears near junction for the past few days,Low,Revenue Department
Wrong property tax amount near hospital for more than a week,High,Revenue Department
Burning of waste in open area near hospital repeatedly reported,Medium,Solid Waste Management
Unauthorized land use near residential area since last week,Low,Town Planning Department
Mosquito breeding near school repeatedly reported,Medium,Health Department
Wrong property tax amount in ward 3 for the past few days,Low,Revenue Department
Zoning regulation violation in ward 4 during night hours,Medium,Town Planning Department
Broken play equipment in park near junction repeatedly reported,High,Parks and Recreation Department
Sewage overflow in ward 1 for the past few days,Low,Health Department
Blocked drain causing public inconvenience for the past few days,High,Health Department
No water supply near residential area for more than a week,Low,Water Supply Department
Mutation delayed near residential area repeatedly reported,High,Revenue Department
Burning of waste in open area reported by residents during night hours,Low,Solid Waste Management
Unsafe building structure near hospital frequently occurring,Low,Engineering Department
Road repair delayed near residential area for more than a week,High,Engineering Department
Sewage overflow near residential area after heavy rainfall,High,Health Department
Water valve damaged causing public inconvenience since last week,Medium,Water Supply Department
Water pipeline leakage reported by residents since last week,Medium,Water Supply Department
Error in ownership certificate near bus stop frequently occurring,High,Revenue Department
Bus shelter damaged near junction during night hours,Low,Public Transport Department
Encroachment on public land near main road frequently occurring,Medium,Town Planning Department
Water pipeline leakage causing public inconvenience for the past few days,Low,Water Supply Department
No water supply near bus stop repeatedly reported,High,Water Supply Department
Vacant land tax issue near hospital since last week,High,Revenue Department
Wrong property tax amount near market for the past few days,Low,Revenue Department
Contaminated drinking water near park for more than a week,High,Water Supply Department
Potholes on road in ward 3 for the past few days,High,Engineering Department
Broken footpath near junction for the past few days,Low,Engineering Department
Ownership change not updated near apartment complex for the past few days,Low,Revenue Department
Improper waste disposal near park during night hours,Low,Health Department
Potholes on road near residential area for more than a week,Medium,Engineering Department
Unsafe building structure near apartment complex frequently occurring,Low,Engineering Department
No water supply reported by residents repeatedly reported,Medium,Water Supply Department
Ownership change not updated near main road during night hours,High,Revenue Department
Garbage not collected near hospital after heavy rainfall,Low,Health Department
Waste collection vehicle not arriving causing public inconvenience repeatedly reported,Medium,Solid Waste Management
Mutation delayed in ward 2 for more than a week,Low,Revenue Department
Loose street light connection near market during night hours,High,Electrical Department
Broken play equipment in park in ward 2 since last week,Medium,Parks and Recreation Department
Contaminated drinking water in ward 1 since last week,High,Water Supply Department
Unsafe building structure near market frequently occurring,Medium,Engineering Department
Road repair delayed near market since last week,High,Engineering Department
Contaminated drinking water reported by residents repeatedly reported,Medium,Water Supply Department
Improper waste disposal in ward 2 repeatedly reported,Medium,Health Department
Road repair delayed causing public inconvenience since last week,High,Engineering Department
Garbage bin overflow near bus stop for the past few days,High,Solid Waste Management
Cracks in public building near school after heavy rainfall,High,Engineering Department
Stray dog nuisance in ward 2 for the past few days,High,Health Department
Wrong property tax amount near school for more than a week,Medium,Revenue Department
Zoning regulation violation near residential area during night hours,High,Town Planning Department
Illegal construction near residential area since last week,Medium,Engineering Department
Illegal parking near bus stop in ward 4 during night hours,Medium,Public Transport Department
Waste segregation not followed in ward 3 for more than a week,Medium,Solid Waste Management
Open dumping of waste near apartment complex since last week,Medium,Health Department
Burning of waste in open area near residential area during night hours,High,Solid Waste Management
Culvert damaged in ward 2 for more than a week,Medium,Engineering Department
Loose street light connection in commercial area after heavy rainfall,High,Electrical Department
Burning of waste in open area near bus stop during night hours,High,Solid Waste Management
Unsafe building structure near residential area during night hours,Low,Engineering Department
Broken footpath near school frequently occurring,Low,Engineering Department
Exposed electric wire near market since last week,Low,Electrical Department
Illegal construction causing public inconvenience for more than a week,Medium,Engineering Department
Stray dog nuisance near main road for the past few days,High,Health Department
Error in ownership certificate in ward 2 frequently occurring,High,Revenue Department
Electric pole damaged in ward 2 for more than a week,Low,Electrical Department
Broken footpath near bus stop after heavy rainfall,High,Engineering Department
Bus stop without seating in ward 3 after heavy rainfall,High,Public Transport Department
Garbage not collected near hospital during night hours,Low,Health Department
Ownership change not updated near main road since last week,High,Revenue Department
Low water pressure in ward 1 during night hours,Low,Water Supply Department
Sewage overflow in ward 2 during night hours,Medium,Health Department
Loose street light connection near apartment complex since last week,Medium,Electrical Department
Mutation delayed near bus stop during night hours,Low,Revenue Department
Sewage overflow in commercial area after heavy rainfall,High,Health Department
No water supply in ward 3 after heavy rainfall,Low,Water Supply Department
Unauthorized land use near school frequently occurring,High,Town Planning Department
Water valve damaged in commercial area during night hours,High,Water Supply Department
Vacant land tax issue in commercial area since last week,High,Revenue Department
Layout approval pending near school for the past few days,Low,Town Planning Department
Blocked drain near bus stop during night hours,High,Health Department
No water supply causing public inconvenience after heavy rainfall,High,Water Supply Department
Unauthorized land use reported by residents frequently occurring,Medium,Town Planning Department
Food waste causing foul smell in commercial area for the past few days,Medium,Health Department
Culvert damaged near junction since last week,Medium,Engineering Department
Loose street light connection near park after heavy rainfall,Low,Electrical Department
Food waste causing foul smell causing public inconvenience for more than a week,Medium,Health Department
Overgrown bushes in park near market during night hours,Medium,Parks and Recreation Department
Mosquito breeding in ward 2 for more than a week,Medium,Health Department
Garbage not collected near market repeatedly reported,High,Health Department
Culvert damaged near bus stop after heavy rainfall,Medium,Engineering Department
Unsafe building structure near junction during night hours,Low,Engineering Department
Plastic waste accumulation near apartment complex for more than a week,High,Solid Waste Management
Broken footpath near junction frequently occurring,High,Engineering Department
Road repair delayed in ward 2 during night hours,Medium,Engineering Department
Exposed electric wire near hospital since last week,Medium,Electrical Department
Loose street light connection near park repeatedly reported,High,Electrical Department
Incorrect tax arrears in ward 2 after heavy rainfall,Medium,Revenue Department
Unauthorized land use in ward 3 for more than a week,Medium,Town Planning Department
Sewage overflow near school since last week,Low,Health Department
Waste segregation not followed in commercial area for the past few days,Medium,Solid Waste Management
Ownership change not updated in ward 3 since last week,High,Revenue Department
Incorrect tax arrears near junction during night hours,High,Revenue Department
Low water pressure in ward 3 frequently occurring,Medium,Water Supply Department
Mutation delayed in ward 3 for more than a week,Medium,Revenue Department
Duplicate tax demand in commercial area during night hours,High,Revenue Department
Waste segregation not followed in commercial area repeatedly reported,Medium,Solid Waste Management
Illegal construction near school after heavy rainfall,Medium,Engineering Department
Electric pole damaged near bus stop after heavy rainfall,Medium,Electrical Department
Wrong property tax amount near hospital since last week,Low,Revenue Department
Food waste causing foul smell in ward 1 for more than a week,High,Health Department
Loose street light connection near bus stop for more than a week,Medium,Electrical Department
Incorrect tax arrears in ward 2 repeatedly reported,High,Revenue Department
Exposed electric wire in ward 2 repeatedly reported,Low,Electrical Department
Contaminated drinking water in commercial area repeatedly reported,Low,Water Supply Department
Ownership change not updated near main road after heavy rainfall,Medium,Revenue Department
Water valve damaged near junction after heavy rainfall,Medium,Water Supply Department
Vacant land tax issue near school during night hours,Medium,Revenue Department
Property tax not assessed near market during night hours,Medium,Revenue Department
Overgrown bushes in park near main road frequently occurring,Low,Parks and Recreation Department
Duplicate tax demand in ward 3 for the past few days,Medium,Revenue Department
Cracks in public building near apartment complex for more than a week,High,Engineering Department
Incorrect property classification near school repeatedly reported,High,Revenue Department
Open dumping of waste near junction frequently occurring,Low,Health Department
Stray dog nuisance in ward 1 during night hours,Medium,Health Department
Illegal construction in commercial area for more than a week,Medium,Engineering Department
Park lights not working near park for the past few days,Medium,Parks and Recreation Department
Mosquito breeding in commercial area after heavy rainfall,Low,Health Department
Poor condition of bus shelter roof near bus stop for more than a week,High,Public Transport Department
Food waste causing foul smell near hospital frequently occurring,High,Health Department
Open dumping of waste in ward 4 after heavy rainfall,Medium,Health Department
Duplicate tax demand near main road for more than a week,Low,Revenue Department
Bus shelter damaged near junction after heavy rainfall,Medium,Public Transport Department
Blocked drain near school frequently occurring,Medium,Health Department
Frequent power failure near junction during night hours,High,Electrical Department
Ownership change not updated near main road during night hours,Medium,Revenue Department
Storm water drain blocked near hospital for more than a week,High,Engineering Department
Unauthorized land use in ward 2 frequently occurring,Medium,Town Planning Department
Unsafe building structure near market for the past few days,Medium,Engineering Department
Layout approval pending in commercial area for more than a week,Low,Town Planning Department
Blocked drain near hospital repeatedly reported,High,Health Department
Contaminated drinking water near hospital frequently occurring,Low,Water Supply Department
Error in ownership certificate near residential area since last week,Medium,Revenue Department
Unauthorized land use near hospital since last week,Low,Town Planning Department
Bus stop without seating near park frequently occurring,High,Public Transport Department
Damaged drainage system near park repeatedly reported,Medium,Engineering Department
Damaged drainage system in commercial area for more than a week,High,Engineering Department
Stray dog nuisance in ward 1 frequently occurring,Medium,Health Department
Duplicate tax demand near market for more than a week,Low,Revenue Department
Bus route information missing reported by residents frequently occurring,Low,Public Transport Department
Mutation delayed causing public inconvenience frequently occurring,Medium,Revenue Department
Culvert damaged near school after heavy rainfall,Medium,Engineering Department
Food waste causing foul smell near bus stop after heavy rainfall,Medium,Health Department
Road repair delayed near hospital frequently occurring,High,Engineering Department
Public park not maintained near residential area frequently occurring,Low,Parks and Recreation Department
Water pipeline leakage in ward 1 since last week,Low,Water Supply Department
Garbage bin overflow near residential area for the past few days,Medium,Solid Waste Management
Unsafe building structure near hospital frequently occurring,Medium,Engineering Department
Stray dog nuisance near residential area for more than a week,High,Health Department
Unsafe building structure in ward 4 for the past few days,Medium,Engineering Department
Frequent power failure near main road during night hours,Medium,Electrical Department
Dead animal not removed in ward 4 since last week,Low,Health Department
Exposed electric wire in ward 1 for more than a week,Low,Electrical Department
Road repair delayed near hospital frequently occurring,Medium,Engineering Department
Garbage not collected near hospital after heavy rainfall,High,Health Department
Culvert damaged near hospital repeatedly reported,High,Engineering Department
Cracks in public building near school after heavy rainfall,Low,Engineering Department
Bus shelter damaged near market after heavy rainfall,High,Public Transport Department
Encroachment on public land near market during night hours,Medium,Town Planning Department
Property tax not assessed near apartment complex during night hours,Medium,Revenue Department
Food waste causing foul smell in commercial area since last week,Low,Health Department
Frequent power failure near apartment complex for the past few days,High,Electrical Department
Public toilet not cleaned near junction repeatedly reported,Low,Health Department
Waste collection vehicle not arriving causing public inconvenience for more than a week,Low,Solid Waste Management
Bus shelter damaged near market after heavy rainfall,Medium,Public Transport Department
Encroachment on public land near main road during night hours,Medium,Town Planning Department
Unsafe building structure in ward 1 during night hours,High,Engineering Department
Property tax not assessed near main road since last week,High,Revenue Department
Mutation delayed in ward 1 repeatedly reported,Low,Revenue Department
Lack of drinking water in park in ward 3 during night hours,Low,Parks and Recreation Department
Electric pole damaged near apartment complex for the past few days,Medium,Electrical Department
Broken play equipment in park near main road during night hours,Medium,Parks and Recreation Department
Damaged drainage system near hospital repeatedly reported,High,Engineering Department
Building number not assigned near school for more than a week,Low,Engineering Department
Frequent power failure near apartment complex during night hours,Medium,Electrical Department
Low water pressure near main road repeatedly reported,High,Water Supply Department
Food waste causing foul smell near main road frequently occurring,High,Health Department
Encroachment on public land reported by residents since last week,Medium,Town Planning Department
Dead animal not removed in ward 2 for the past few days,Medium,Health Department
Unsafe building structure near junction for more than a week,High,Engineering Department
Door number mismatch causing public inconvenience repeatedly reported,Low,Revenue Department
Improper waste disposal near junction since last week,High,Health Department
Incorrect tax arrears near residential area for more than a week,Medium,Revenue Department
Exposed electric wire in ward 2 during night hours,High,Electrical Department
Wrong property tax amount near market repeatedly reported,Medium,Revenue Department
Exposed electric wire in ward 1 frequently occurring,Medium,Electrical Department
Contaminated drinking water near junction for more than a week,Medium,Water Supply Department
Food waste causing foul smell near main road during night hours,High,Health Department
Door number mismatch near market after heavy rainfall,High,Revenue Department
Plastic waste accumulation near market for more than a week,Medium,Solid Waste Management
Building number not assigned near hospital after heavy rainfall,Medium,Engineering Department
Zoning regulation violation in ward 4 after heavy rainfall,Low,Town Planning Department
Unsafe building structure in ward 3 for more than a week,High,Engineering Department
Water pipeline leakage near main road for more than a week,Low,Water Supply Department
No water supply near market since last week,Low,Water Supply Department
Food waste causing foul smell near residential area repeatedly reported,High,Health Department
Mosquito breeding in ward 2 during night hours,Medium,Health Department
Storm water drain blocked near main road since last week,Medium,Engineering Department
Layout approval pending near park during night hours,High,Town Planning Department
Bus route information missing near apartment complex frequently occurring,Low,Public Transport Department
Storm water drain blocked near main road since last week,High,Engineering Department
Contaminated drinking water near main road for the past few days,Medium,Water Supply Department
Contaminated drinking water in ward 1 repeatedly reported,High,Water Supply Department
Road repair delayed near apartment complex for more than a week,High,Engineering Department
Loose street light connection near park for more than a week,High,Electrical Department
Duplicate tax demand causing public inconvenience since last week,High,Revenue Department
Illegal construction near main road since last week,High,Engineering Department
Water valve damaged near school frequently occurring,Medium,Water Supply Department
Illegal construction near junction after heavy rainfall,Low,Engineering Department
Water valve damaged near main road for more than a week,High,Water Supply Department
Waste segregation not followed in commercial area during night hours,Medium,Solid Waste Management
Frequent power failure in ward 1 after heavy rainfall,Low,Electrical Department
Illegal construction near main road after heavy rainfall,Low,Engineering Department
Wrong property tax amount near park for the past few days,Low,Revenue Department
Loose street light connection reported by residents since last week,Medium,Electrical Department
Road repair delayed reported by residents for the past few days,Low,Engineering Department
Garbage bin overflow in ward 3 for the past few days,Low,Solid Waste Management
Dead animal not removed in ward 1 for the past few days,High,Health Department
Electric pole damaged near apartment complex for more than a week,Medium,Electrical Department
Waste collection vehicle not arriving near park since last week,Medium,Solid Waste Management
Culvert damaged near junction for more than a week,Low,Engineering Department
Low water pressure near apartment complex frequently occurring,Medium,Water Supply Department
Unsafe building structure near bus stop repeatedly reported,High,Engineering Department
Public park not maintained reported by residents after heavy rainfall,Medium,Parks and Recreation Department
Door number mismatch near apartment complex frequently occurring,Low,Revenue Department
Wrong property tax amount near residential area after heavy rainfall,Low,Revenue Department
Cracks in public building reported by residents for the past few days,Low,Engineering Department
Exposed electric wire near school for more than a week,Medium,Electrical Department
Waste segregation not followed reported by residents after heavy rainfall,Medium,Solid Waste Management
Incorrect tax arrears in commercial area repeatedly reported,High,Revenue Department
Sewage overflow in ward 2 after heavy rainfall,Low,Health Department
Dead animal not removed near junction after heavy rainfall,Medium,Health Department
Door number mismatch near school since last week,Medium,Revenue Department
Vacant land tax issue in commercial area during night hours,High,Revenue Department
Blocked drain near bus stop for the past few days,Medium,Health Department
Door number mismatch in ward 1 repeatedly reported,Low,Revenue Department
Loose street light connection near bus stop for the past few days,Low,Electrical Department
Frequent power failure near apartment complex for more than a week,High,Electrical Department
Storm water drain blocked reported by residents after heavy rainfall,Low,Engineering Department
Public park not maintained near market during night hours,Medium,Parks and Recreation Department
Property tax not assessed in ward 4 for the past few days,High,Revenue Department
Poor condition of bus shelter roof near bus stop repeatedly reported,High,Public Transport Department
Electric pole damaged in ward 2 for the past few days,Low,Electrical Department
Sewage overflow near main road repeatedly reported,High,Health Department
Poor condition of bus shelter roof near park repeatedly reported,Medium,Public Transport Department
Building permit delayed near school since last week,Medium,Town Planning Department
No water supply in commercial area frequently occurring,Low,Water Supply Department
Burning of waste in open area reported by residents repeatedly reported,High,Solid Waste Management
Low water pressure near hospital during night hours,Medium,Water Supply Department
Food waste causing foul smell in ward 4 after heavy rainfall,Medium,Health Department
Street light not working in ward 3 for the past few days,Medium,Electrical Department
Mutation delayed in commercial area after heavy rainfall,High,Revenue Department
Mosquito breeding in ward 4 for the past few days,Medium,Health Department
Waste segregation not followed near main road for more than a week,Low,Solid Waste Management
Unauthorized land use near bus stop since last week,High,Town Planning Department
Broken play equipment in park reported by residents for the past few days,High,Parks and Recreation Department
Building number not assigned in commercial area since last week,Low,Engineering Department
Lack of drinking water in park in commercial area for more than a week,Medium,Parks and Recreation Department
Bus route information missing near main road after heavy rainfall,High,Public Transport Department
Plastic waste accumulation near main road for the past few days,Low,Solid Waste Management
Electric pole damaged near bus stop during night hours,Low,Electrical Department
Broken footpath in ward 1 during night hours,High,Engineering Department
Damaged drainage system reported by residents for more than a week,Medium,Engineering Department
Zoning regulation violation near residential area frequently occurring,Low,Town Planning Department
Duplicate tax demand near residential area during night hours,Medium,Revenue Department
Cracks in public building in commercial area frequently occurring,High,Engineering Department
Burning of waste in open area in ward 1 for the past few days,Medium,Solid Waste Management
Error in ownership certificate near market after heavy rainfall,Low,Revenue Department
Water pipeline leakage near residential area repeatedly reported,Medium,Water Supply Department
Loose street light connection near apartment complex during night hours,Medium,Electrical Department
Door number mismatch in commercial area since last week,Low,Revenue Department
Garbage not collected in ward 1 for more than a week,Medium,Health Department
Low water pressure near apartment complex during night hours,Low,Water Supply Department
Property tax not assessed near main road for more than a week,Low,Revenue Department
Garbage not collected in ward 3 after heavy rainfall,High,Health Department
Potholes on road near apartment complex during night hours,High,Engineering Department
Unsafe building structure in ward 2 for more than a week,Low,Engineering Department
Door number mismatch near school for the past few days,High,Revenue Department
Open dumping of waste reported by residents for the past few days,Medium,Health Department
Culvert damaged near market frequently occurring,Low,Engineering Department
Encroachment on public land near main road frequently occurring,Low,Town Planning Department
Water pipeline leakage in ward 2 during night hours,High,Water Supply Department
Street light not working in ward 2 frequently occurring,High,Electrical Department
Property tax not assessed in commercial area during night hours,Low,Revenue Department
Frequent power failure in ward 4 since last week,Low,Electrical Department
Cracks in public building reported by residents for more than a week,High,Engineering Department
Property tax not assessed near bus stop since last week,Low,Revenue Department
Damaged drainage system in ward 2 frequently occurring,Medium,Engineering Department
Exposed electric wire in commercial area for more than a week,High,Electrical Department
Mutation delayed near main road after heavy rainfall,Medium,Revenue Department
Plastic waste accumulation causing public inconvenience frequently occurring,High,Solid Waste Management
Wrong property tax amount in commercial area for the past few days,High,Revenue Department
Public toilet not cleaned near main road for more than a week,High,Health Department
Damaged drainage system near school during night hours,Medium,Engineering Department
Garbage bin overflow near junction for the past few days,Medium,Solid Waste Management
Dead animal not removed near residential area after heavy rainfall,High,Health Department
Duplicate tax demand in ward 4 repeatedly reported,Medium,Revenue Department
Door number mismatch causing public inconvenience after heavy rainfall,High,Revenue Department
Garbage bin overflow near junction for the past few days,High,Solid Waste Management
Door number mismatch near apartment complex repeatedly reported,Medium,Revenue Department
Low water pressure in ward 1 since last week,Low,Water Supply Department
Garbage not collected in ward 4 during night hours,Medium,Health Department
Road repair delayed near market repeatedly reported,Low,Engineering Department
Poor condition of bus shelter roof in ward 1 after heavy rainfall,Low,Public Transport Department
Illegal construction near apartment complex since last week,Medium,Engineering Department
Zoning regulation violation near junction during night hours,High,Town Planning Department
Duplicate tax demand near park frequently occurring,High,Revenue Department
Incorrect tax arrears causing public inconvenience for the past few days,Low,Revenue Department
Plastic waste accumulation near bus stop frequently occurring,High,Solid Waste Management
Building number not assigned near market frequently occurring,Low,Engineering Department
Wrong property tax amount in ward 1 for the past few days,Low,Revenue Department
Loose street light connection near park after heavy rainfall,Medium,Electrical Department
Error in ownership certificate in ward 3 during night hours,High,Revenue Department
Broken footpath near school after heavy rainfall,High,Engineering Department
Contaminated drinking water causing public inconvenience for more than a week,Medium,Water Supply Department
Broken play equipment in park near park during night hours,Low,Parks and Recreation Department
Low water pressure near junction after heavy rainfall,Low,Water Supply Department
Waste segregation not followed near market frequently occurring,High,Solid Waste Management
Improper waste disposal in ward 1 for more than a week,Low,Health Department
Damaged drainage system in ward 4 for the past few days,Low,Engineering Department
Incorrect tax arrears near school for more than a week,Medium,Revenue Department
Mosquito breeding in ward 2 for the past few days,Medium,Health Department
Dead animal not removed near hospital for more than a week,Medium,Health Department
Illegal construction in ward 1 during night hours,Low,Engineering Department
Blocked drain in ward 1 repeatedly reported,High,Health Department
Broken play equipment in park near main road repeatedly reported,Low,Parks and Recreation Department
Door number mismatch in ward 2 after heavy rainfall,Low,Revenue Department
Water valve damaged in ward 1 during night hours,Medium,Water Supply Department
Open dumping of waste near bus stop during night hours,Low,Health Department
Improper waste disposal near residential area repeatedly reported,Medium,Health Department
Blocked drain in ward 2 since last week,Medium,Health Department
Public toilet not cleaned near junction during night hours,Medium,Health Department
Property tax not assessed in ward 3 since last week,High,Revenue Department
Potholes on road in ward 1 repeatedly reported,Medium,Engineering Department
Garbage bin overflow near market since last week,High,Solid Waste Management
Cracks in public building near park after heavy rainfall,Low,Engineering Department
Ownership change not updated near bus stop for the past few days,High,Revenue Department
Bus stop without seating near residential area during night hours,Low,Public Transport Department
Improper waste disposal causing public inconvenience repeatedly reported,Medium,Health Department
Loose street light connection near main road after heavy rainfall,Low,Electrical Department
Cracks in public building in ward 3 for the past few days,High,Engineering Department
Street light not working in ward 4 during night hours,Medium,Electrical Department
Poor condition of bus shelter roof near apartment complex for the past few days,High,Public Transport Department
Broken footpath in ward 4 for more than a week,High,Engineering Department
Street light not working near park for more than a week,High,Electrical Department
Overgrown bushes in park near school after heavy rainfall,High,Parks and Recreation Department
Water valve damaged near bus stop for more than a week,Medium,Water Supply Department
Door number mismatch in ward 4 frequently occurring,Medium,Revenue Department
Damaged drainage system near apartment complex repeatedly reported,Medium,Engineering Department
Loose street light connection in ward 4 for the past few days,High,Electrical Department
Frequent power failure near bus stop frequently occurring,Medium,Electrical Department
Water pipeline leakage in ward 3 repeatedly reported,Low,Water Supply Department
Garbage bin overflow near hospital for more than a week,Medium,Solid Waste Management
Bus shelter damaged causing public inconvenience repeatedly reported,High,Public Transport Department
Exposed electric wire near main road frequently occurring,High,Electrical Department
Garbage bin overflow in commercial area for more than a week,Medium,Solid Waste Management
Garbage not collected in ward 2 after heavy rainfall,Medium,Health Department
Bus stop without seating near school repeatedly reported,Low,Public Transport Department
Plastic waste accumulation near park during night hours,Low,Solid Waste Management
Improper waste disposal near park after heavy rainfall,High,Health Department
Incorrect property classification causing public inconvenience during night hours,Low,Revenue Department
Water pipeline leakage in ward 3 frequently occurring,Low,Water Supply Department
Improper waste disposal in ward 3 for more than a week,Low,Health Department
Open dumping of waste near school for the past few days,Low,Health Department
Unsafe building structure in ward 2 for more than a week,High,Engineering Department
Wrong property tax amount near school during night hours,Medium,Revenue Department
Error in ownership certificate near main road repeatedly reported,Low,Revenue Department
Culvert damaged near school repeatedly reported,Low,Engineering Department
Waste segregation not followed reported by residents for the past few days,Medium,Solid Waste Management
Street light not working near apartment complex during night hours,Low,Electrical Department
Exposed electric wire near junction after heavy rainfall,Low,Electrical Department
Storm water drain blocked near junction since last week,Medium,Engineering Department
Waste collection vehicle not arriving near main road for more than a week,Medium,Solid Waste Management
Mutation delayed in commercial area for the past few days,High,Revenue Department
Illegal construction near hospital for more than a week,Low,Engineering Department
Plastic waste accumulation near school frequently occurring,Medium,Solid Waste Management
Overgrown bushes in park near junction during night hours,Medium,Parks and Recreation Department
Loose street light connection reported by residents for more than a week,Low,Electrical Department
Low water pressure near market during night hours,Low,Water Supply Department
Park lights not working in ward 2 after heavy rainfall,Medium,Parks and Recreation Department
Mutation delayed near apartment complex for the past few days,Medium,Revenue Department
Contaminated drinking water near park frequently occurring,High,Water Supply Department
Open dumping of waste near park for more than a week,Medium,Health Department
Building number not assigned in commercial area after heavy rainfall,Low,Engineering Department
Public toilet not cleaned near hospital since last week,Low,Health Department
Culvert damaged near park for more than a week,High,Engineering Department
Water valve damaged near junction repeatedly reported,High,Water Supply Department
Encroachment on public land near apartment complex for the past few days,Medium,Town Planning Department
Waste segregation not followed near apartment complex since last week,High,Solid Waste Management
Improper waste disposal near school for more than a week,Low,Health Department
Damaged drainage system in ward 4 during night hours,High,Engineering Department
Duplicate tax demand near bus stop since last week,Medium,Revenue Department
Open dumping of waste near bus stop since last week,High,Health Department
Overgrown bushes in park causing public inconvenience during night hours,High,Parks and Recreation Department
Mutation delayed near main road for more than a week,Medium,Revenue Department
Loose street light connection causing public inconvenience after heavy rainfall,Medium,Electrical Department
Broken play equipment in park near park repeatedly reported,Medium,Parks and Recreation Department
Water pipeline leakage near main road for the past few days,High,Water Supply Department
Zoning regulation violation near school for the past few days,Medium,Town Planning Department
Plastic waste accumulation near market after heavy rainfall,Low,Solid Waste Management
Damaged drainage system near apartment complex during night hours,High,Engineering Department
Waste segregation not followed near school after heavy rainfall,Low,Solid Waste Management
Park lights not working near residential area for the past few days,Low,Parks and Recreation Department
Stray dog nuisance near park since last week,Medium,Health Department
No water supply near junction after heavy rainfall,Low,Water Supply Department
Broken footpath near hospital for the past few days,Medium,Engineering Department
Overgrown bushes in park causing public inconvenience after heavy rainfall,High,Parks and Recreation Department
Blocked drain reported by residents frequently occurring,Low,Health Department
Incorrect property classification near hospital for more than a week,Low,Revenue Department
Frequent power failure near junction after heavy rainfall,Low,Electrical Department
Bus stop without seating near market for the past few days,Low,Public Transport Department
Exposed electric wire reported by residents for more than a week,Medium,Electrical Department
Door number mismatch reported by residents after heavy rainfall,Medium,Revenue Department
Electric pole damaged causing public inconvenience since last week,Low,Electrical Department
Duplicate tax demand in ward 1 for the past few days,High,Revenue Department
Broken play equipment in park near market since last week,Low,Parks and Recreation Department
Bus stop without seating in ward 4 for the past few days,Medium,Public Transport Department
Ownership change not updated near bus stop for the past few days,Low,Revenue Department
Public park not maintained near park repeatedly reported,High,Parks and Recreation Department
Public toilet not cleaned in commercial area after heavy rainfall,High,Health Department
Mosquito breeding near main road frequently occurring,Medium,Health Department
Wrong property tax amount near residential area since last week,Medium,Revenue Department
No water supply near main road since last week,High,Water Supply Department
Stray dog nuisance near school since last week,High,Health Department
Water valve damaged in ward 1 after heavy rainfall,Low,Water Supply Department
Incorrect property classification in ward 3 after heavy rainfall,Low,Revenue Department
Building permit delayed near apartment complex after heavy rainfall,Medium,Town Planning Department
Waste segregation not followed in ward 3 during night hours,Low,Solid Waste Management
Building permit delayed in ward 3 during night hours,Medium,Town Planning Department
Broken footpath near hospital repeatedly reported,Low,Engineering Department
Incorrect property classification in ward 2 for the past few days,High,Revenue Department
Burning of waste in open area near park after heavy rainfall,Low,Solid Waste Management
Garbage bin overflow in ward 2 for more than a week,High,Solid Waste Management
Zoning regulation violation in ward 4 for the past few days,High,Town Planning Department
Park lights not working causing public inconvenience frequently occurring,Low,Parks and Recreation Department
Garbage not collected near market during night hours,High,Health Department
Stray dog nuisance near market frequently occurring,High,Health Department
Vacant land tax issue reported by residents repeatedly reported,High,Revenue Department
Electric pole damaged in ward 2 during night hours,Medium,Electrical Department
Poor condition of bus shelter roof near hospital during night hours,High,Public Transport Department
Bus shelter damaged in commercial area repeatedly reported,High,Public Transport Department
Culvert damaged near market frequently occurring,High,Engineering Department
Dead animal not removed near bus stop frequently occurring,Low,Health Department
Low water pressure near school after heavy rainfall,High,Water Supply Department
Stray dog nuisance reported by residents after heavy rainfall,Low,Health Department
Incorrect tax arrears near hospital frequently occurring,Low,Revenue Department
Mutation delayed causing public inconvenience repeatedly reported,Low,Revenue Department
Exposed electric wire near residential area since last week,Medium,Electrical Department
Loose street light connection causing public inconvenience for the past few days,High,Electrical Department
Park lights not working in ward 3 repeatedly reported,High,Parks and Recreation Department
Garbage not collected in ward 3 repeatedly reported,High,Health Department
Stray dog nuisance near park repeatedly reported,Medium,Health Department
Mutation delayed near park for more than a week,Low,Revenue Department
Illegal construction in ward 2 frequently occurring,High,Engineering Department
Loose street light connection in ward 4 for more than a week,Low,Electrical Department
No water supply causing public inconvenience for more than a week,High,Water Supply Department
Incorrect tax arrears in ward 1 after heavy rainfall,High,Revenue Department
Broken footpath near school for more than a week,Low,Engineering Department
Water pipeline leakage causing public inconvenience repeatedly reported,High,Water Supply Department
Loose street light connection in ward 2 for more than a week,High,Electrical Department
Bus stop without seating near school for the past few days,Low,Public Transport Department
Road repair delayed near market since last week,Low,Engineering Department
Illegal construction near market for the past few days,Low,Engineering Department
Road repair delayed near market during night hours,Low,Engineering Department
Mosquito breeding in ward 3 for the past few days,Low,Health Department
Garbage bin overflow in commercial area since last week,Low,Solid Waste Management
Garbage not collected causing public inconvenience for the past few days,Low,Health Department
Storm water drain blocked near bus stop after heavy rainfall,Medium,Engineering Department
Potholes on road in ward 1 for the past few days,High,Engineering Department
Ownership change not updated in commercial area frequently occurring,Medium,Revenue Department
Unsafe building structure reported by residents since last week,Low,Engineering Department
Unauthorized land use in ward 1 during night hours,Low,Town Planning Department
Frequent power failure near market repeatedly reported,Medium,Electrical Department
Plastic waste accumulation in commercial area repeatedly reported,High,Solid Waste Management
Culvert damaged near market during night hours,High,Engineering Department
Building number not assigned near residential area for more than a week,Medium,Engineering Department
Mutation delayed near bus stop for the past few days,Low,Revenue Department
Water valve damaged near park after heavy rainfall,Medium,Water Supply Department
Illegal construction near residential area after heavy rainfall,High,Engineering Department
Potholes on road near park during night hours,High,Engineering Department
Property tax not assessed near junction after heavy rainfall,High,Revenue Department
Exposed electric wire near main road for more than a week,Medium,Electrical Department
Low water pressure in ward 2 since last week,Medium,Water Supply Department
Garbage not collected near junction frequently occurring,Low,Health Department
Unauthorized land use near residential area frequently occurring,Medium,Town Planning Department
Storm water drain blocked near main road during night hours,High,Engineering Department
Vacant land tax issue near bus stop since last week,High,Revenue Department
Potholes on road in commercial area repeatedly reported,High,Engineering Department
Road repair delayed near school since last week,Low,Engineering Department
Incorrect property classification near main road for more than a week,High,Revenue Department
Property tax not assessed in ward 1 during night hours,High,Revenue Department
Encroachment on public land near hospital during night hours,Low,Town Planning Department
Plastic waste accumulation near main road repeatedly reported,Low,Solid Waste Management
Incorrect tax arrears in ward 4 for more than a week,Medium,Revenue Department
Garbage bin overflow in ward 3 during night hours,Medium,Solid Waste Management
Duplicate tax demand in commercial area after heavy rainfall,Low,Revenue Department
Broken play equipment in park near park repeatedly reported,High,Parks and Recreation Department
Unauthorized land use near park for more than a week,High,Town Planning Department
Dead animal not removed near residential area after heavy rainfall,Medium,Health Department
Food waste causing foul smell near apartment complex for more than a week,Low,Health Department
Mosquito breeding near main road since last week,High,Health Department
Incorrect tax arrears reported by residents for the past few days,High,Revenue Department
Mosquito breeding near park since last week,High,Health Department
Contaminated drinking water reported by residents during night hours,High,Water Supply Department
Error in ownership certificate in ward 1 for the past few days,Medium,Revenue Department
Incorrect tax arrears near residential area for more than a week,High,Revenue Department
Frequent power failure reported by residents during night hours,Medium,Electrical Department
Loose street light connection near residential area repeatedly reported,Low,Electrical Department
Stray dog nuisance near school for more than a week,Low,Health Department
Culvert damaged near apartment complex for the past few days,Medium,Engineering Department
Wrong property tax amount near hospital for more than a week,Medium,Revenue Department
Public toilet not cleaned in ward 3 frequently occurring,High,Health Department
Vacant land tax issue near park during night hours,Low,Revenue Department
Culvert damaged in ward 2 repeatedly reported,High,Engineering Department
Plastic waste accumulation near park since last week,Low,Solid Waste Management
Garbage not collected in ward 2 repeatedly reported,High,Health Department
Building number not assigned near junction after heavy rainfall,Medium,Engineering Department
Mosquito breeding near market for the past few days,Low,Health Department
Damaged drainage system in ward 3 since last week,Low,Engineering Department
Vacant land tax issue in ward 2 frequently occurring,Low,Revenue Department
Broken footpath causing public inconvenience during night hours,High,Engineering Department
Damaged drainage system near apartment complex for the past few days,Low,Engineering Department
Mosquito breeding near park for more than a week,Low,Health Department
Culvert damaged near residential area repeatedly reported,High,Engineering Department
Loose street light connection in ward 2 frequently occurring,Low,Electrical Department
Illegal construction near market since last week,High,Engineering Department
Broken play equipment in park causing public inconvenience for the past few days,Medium,Parks and Recreation Department
Public toilet not cleaned in ward 3 during night hours,Low,Health Department
Electric pole damaged near school frequently occurring,Low,Electrical Department
Plastic waste accumulation near junction since last week,High,Solid Waste Management
Loose street light connection near market during night hours,Medium,Electrical Department
Ownership change not updated near residential area for more than a week,Medium,Revenue Department
Property tax not assessed reported by residents for the past few days,Medium,Revenue Department
Bus route information missing in ward 4 for more than a week,Low,Public Transport Department
Property tax not assessed in ward 2 for more than a week,Low,Revenue Department
Burning of waste in open area near bus stop after heavy rainfall,Low,Solid Waste Management
Property tax not assessed near market repeatedly reported,Medium,Revenue Department
Wrong property tax amount in ward 2 repeatedly reported,Medium,Revenue Department
Bus shelter damaged reported by residents for the past few days,Medium,Public Transport Department
Exposed electric wire reported by residents frequently occurring,High,Electrical Department
Wrong property tax amount in ward 2 repeatedly reported,High,Revenue Department
Garbage not collected near bus stop for the past few days,Low,Health Department
Potholes on road near main road during night hours,Medium,Engineering Department
Sewage overflow near junction repeatedly reported,Low,Health Department
Vacant land tax issue near school for more than a week,High,Revenue Department
Layout approval pending in ward 3 since last week,Low,Town Planning Department
Water valve damaged reported by residents since last week,High,Water Supply Department
Property tax not assessed near junction during night hours,High,Revenue Department
Burning of waste in open area in commercial area for more than a week,Low,Solid Waste Management
Building permit delayed near hospital repeatedly reported,Low,Town Planning Department
Incorrect property classification near apartment complex for the past few days,Low,Revenue Department
Incorrect property classification in commercial area after heavy rainfall,Low,Revenue Department
Building number not assigned in ward 1 since last week,Low,Engineering Department
Storm water drain blocked reported by residents since last week,Low,Engineering Department
Water pipeline leakage in ward 4 repeatedly reported,Low,Water Supply Department
Frequent power failure near hospital repeatedly reported,Low,Electrical Department
Improper waste disposal near school repeatedly reported,Low,Health Department
Street light not working near market for the past few days,Low,Electrical Department
Potholes on road in commercial area for the past few days,High,Engineering Department
Loose street light connection in ward 3 frequently occurring,Medium,Electrical Department
Vacant land tax issue near junction frequently occurring,Medium,Revenue Department
Waste collection vehicle not arriving in ward 4 after heavy rainfall,Low,Solid Waste Management
Frequent power failure near bus stop for the past few days,Medium,Electrical Department
Building permit delayed near main road during night hours,High,Town Planning Department
Electric pole damaged near residential area during night hours,Medium,Electrical Department
Contaminated drinking water causing public inconvenience for the past few days,Medium,Water Supply Department
Broken footpath in ward 4 after heavy rainfall,High,Engineering Department
Sewage overflow near bus stop for more than a week,Low,Health Department
Wrong property tax amount near bus stop during night hours,Medium,Revenue Department
Wrong property tax amount near hospital for more than a week,Low,Revenue Department
Error in ownership certificate in ward 2 frequently occurring,Medium,Revenue Department
Garbage not collected near market repeatedly reported,Low,Health Department
Mutation delayed near bus stop repeatedly reported,High,Revenue Department
Stray dog nuisance in ward 2 repeatedly reported,Medium,Health Department
Potholes on road in ward 3 frequently occurring,High,Engineering Department
Vacant land tax issue near park since last week,High,Revenue Department
Garbage bin overflow near residential area during night hours,High,Solid Waste Management
Street light not working near junction for more than a week,High,Electrical Department
Building number not assigned near residential area since last week,Medium,Engineering Department
Building number not assigned causing public inconvenience repeatedly reported,Medium,Engineering Department
Mosquito breeding near main road since last week,Low,Health Department
Blocked drain near park repeatedly reported,Low,Health Department
Water pipeline leakage near junction after heavy rainfall,Low,Water Supply Department
Door number mismatch near park since last week,High,Revenue Department
No water supply near market frequently occurring,High,Water Supply Department
Blocked drain in ward 4 for the past few days,Medium,Health Department
Plastic waste accumulation near park since last week,High,Solid Waste Management
Road repair delayed in ward 2 after heavy rainfall,Medium,Engineering Department
Bus stop without seating in ward 3 for the past few days,Medium,Public Transport Department
Duplicate tax demand near junction since last week,Medium,Revenue Department
Encroachment on public land causing public inconvenience repeatedly reported,High,Town Planning Department
Burning of waste in open area near main road during night hours,High,Solid Waste Management
Ownership change not updated near park repeatedly reported,Low,Revenue Department
Duplicate tax demand near hospital after heavy rainfall,High,Revenue Department
Improper waste disposal reported by residents repeatedly reported,Low,Health Department
Improper waste disposal in ward 4 for the past few days,Low,Health Department
Unsafe building structure near market after heavy rainfall,High,Engineering Department
Plastic waste accumulation near apartment complex for the past few days,Low,Solid Waste Management
Frequent power failure near junction repeatedly reported,Medium,Electrical Department
Incorrect property classification near park repeatedly reported,Medium,Revenue Department
Broken footpath reported by residents repeatedly reported,High,Engineering Department
Exposed electric wire near apartment complex for more than a week,Low,Electrical Department
Loose street light connection in ward 2 during night hours,Low,Electrical Department
Exposed electric wire in ward 1 for more than a week,Medium,Electrical Department
Lack of drinking water in park in ward 3 for more than a week,Medium,Parks and Recreation Department
Broken footpath near junction after heavy rainfall,Medium,Engineering Department
Unauthorized land use in ward 1 repeatedly reported,Low,Town Planning Department
Garbage bin overflow in ward 2 after heavy rainfall,High,Solid Waste Management
Garbage bin overflow reported by residents repeatedly reported,High,Solid Waste Management
Broken play equipment in park in commercial area for more than a week,Low,Parks and Recreation Department
Garbage not collected near main road after heavy rainfall,High,Health Department
Blocked drain reported by residents after heavy rainfall,Medium,Health Department
Potholes on road reported by residents frequently occurring,Low,Engineering Department
Building number not assigned near market after heavy rainfall,Low,Engineering Department
Improper waste disposal near school for the past few days,Low,Health Department
Blocked drain near residential area since last week,High,Health Department
Error in ownership certificate in ward 1 since last week,Medium,Revenue Department
Contaminated drinking water in ward 4 during night hours,Medium,Water Supply Department
Loose street light connection reported by residents for the past few days,Medium,Electrical Department
Cracks in public building in commercial area since last week,Low,Engineering Department
Water pipeline leakage near park repeatedly reported,Low,Water Supply Department
Damaged drainage system near bus stop during night hours,Medium,Engineering Department
Building permit delayed near junction for more than a week,Low,Town Planning Department
Door number mismatch causing public inconvenience for the past few days,High,Revenue Department
Building number not assigned near main road since last week,Low,Engineering Department
Garbage not collected near school repeatedly reported,High,Health Department
Overgrown bushes in park near apartment complex repeatedly reported,Medium,Parks and Recreation Department
Incorrect property classification reported by residents during night hours,High,Revenue Department
Duplicate tax demand near park frequently occurring,Medium,Revenue Department
Storm water drain blocked near apartment complex repeatedly reported,Low,Engineering Department
Electric pole damaged near main road since last week,Medium,Electrical Department
Culvert damaged in ward 1 during night hours,Low,Engineering Department
Open dumping of waste near junction during night hours,Low,Health Department
Property tax not assessed near junction repeatedly reported,Low,Revenue Department
Water pipeline leakage in ward 2 since last week,Low,Water Supply Department
Improper waste disposal in commercial area frequently occurring,Low,Health Department
Duplicate tax demand near market for the past few days,High,Revenue Department
Incorrect property classification near bus stop for more than a week,Medium,Revenue Department
Mutation delayed near school after heavy rainfall,High,Revenue Department
Public toilet not cleaned near school during night hours,Medium,Health Department
Vacant land tax issue near bus stop for more than a week,Low,Revenue Department
Water valve damaged near residential area frequently occurring,Medium,Water Supply Department
Exposed electric wire in ward 4 repeatedly reported,Low,Electrical Department
Unsafe building structure near school during night hours,High,Engineering Department
Lack of drinking water in park near residential area repeatedly reported,Low,Parks and Recreation Department
Duplicate tax demand near junction for more than a week,Low,Revenue Department
Vacant land tax issue reported by residents repeatedly reported,Low,Revenue Department
Damaged drainage system near hospital for the past few days,Medium,Engineering Department
Cracks in public building reported by residents for the past few days,High,Engineering Department
Dead animal not removed in commercial area repeatedly reported,Low,Health Department
Damaged drainage system in commercial area for more than a week,Medium,Engineering Department
Food waste causing foul smell causing public inconvenience for the past few days,Low,Health Department
Loose street light connection in ward 4 repeatedly reported,Low,Electrical Department
Building number not assigned near hospital since last week,Low,Engineering Department
Illegal construction in ward 3 repeatedly reported,High,Engineering Department
Duplicate tax demand near hospital for the past few days,High,Revenue Department
Bus shelter damaged in ward 3 during night hours,Medium,Public Transport Department
Improper waste disposal in ward 4 repeatedly reported,High,Health Department
Waste segregation not followed near bus stop for the past few days,Low,Solid Waste Management
Unauthorized land use in ward 1 after heavy rainfall,High,Town Planning Department
Building number not assigned in ward 2 for more than a week,Medium,Engineering Department
Park lights not working near market for more than a week,Medium,Parks and Recreation Department
Garbage bin overflow in ward 4 after heavy rainfall,High,Solid Waste Management
Illegal parking near bus stop near market repeatedly reported,High,Public Transport Department
Road repair delayed near junction during night hours,Low,Engineering Department
No water supply causing public inconvenience repeatedly reported,Low,Water Supply Department
Door number mismatch near hospital frequently occurring,High,Revenue Department
Building permit delayed in commercial area frequently occurring,High,Town Planning Department
Garbage bin overflow near junction for more than a week,Medium,Solid Waste Management
Lack of drinking water in park near market frequently occurring,Low,Parks and Recreation Department
Road repair delayed near main road repeatedly reported,Medium,Engineering Department
Encroachment on public land near main road since last week,High,Town Planning Department
Broken footpath near park during night hours,High,Engineering Department
Wrong property tax amount near bus stop frequently occurring,Low,Revenue Department
Dead animal not removed causing public inconvenience for the past few days,High,Health Department
Plastic waste accumulation in commercial area since last week,High,Solid Waste Management
Garbage bin overflow near park after heavy rainfall,Low,Solid Waste Management
Door number mismatch near hospital repeatedly reported,High,Revenue Department
Property tax not assessed near park for more than a week,Low,Revenue Department
Frequent power failure near junction for more than a week,Medium,Electrical Department
Unsafe building structure near park since last week,Medium,Engineering Department
Exposed electric wire near apartment complex after heavy rainfall,High,Electrical Department
Potholes on road near main road for the past few days,High,Engineering Department
Property tax not assessed in ward 1 frequently occurring,Low,Revenue Department
Door number mismatch near main road frequently occurring,High,Revenue Department
Dead animal not removed in ward 4 since last week,Medium,Health Department
Loose street light connection near park for the past few days,High,Electrical Department
Illegal construction in ward 1 for more than a week,High,Engineering Department
Exposed electric wire near park repeatedly reported,Low,Electrical Department
Potholes on road near residential area after heavy rainfall,Medium,Engineering Department
Street light not working in ward 2 during night hours,High,Electrical Department
Potholes on road in ward 1 repeatedly reported,Low,Engineering Department
Bus shelter damaged near market for the past few days,Low,Public Transport Department
Exposed electric wire in commercial area after heavy rainfall,Low,Electrical Department
Blocked drain causing public inconvenience for more than a week,High,Health Department
Mosquito breeding in commercial area frequently occurring,Medium,Health Department
Duplicate tax demand near hospital since last week,Low,Revenue Department
Incorrect tax arrears causing public inconvenience for the past few days,High,Revenue Department
Improper waste disposal near school during night hours,Medium,Health Department
Wrong property tax amount near main road after heavy rainfall,Medium,Revenue Department
Food waste causing foul smell in ward 1 after heavy rainfall,High,Health Department
Poor condition of bus shelter roof reported by residents frequently occurring,High,Public Transport Department
Vacant land tax issue near main road during night hours,High,Revenue Department
Unsafe building structure in ward 3 for more than a week,Low,Engineering Department
Park lights not working near school for the past few days,High,Parks and Recreation Department
Error in ownership certificate near junction for more than a week,High,Revenue Department
No water supply in ward 2 frequently occurring,High,Water Supply Department
Lack of drinking water in park near residential area after heavy rainfall,Medium,Parks and Recreation Department
Vacant land tax issue in ward 4 repeatedly reported,Medium,Revenue Department
Culvert damaged in ward 1 after heavy rainfall,High,Engineering Department
Improper waste disposal in ward 2 for more than a week,Medium,Health Department
Lack of drinking water in park in ward 2 after heavy rainfall,Medium,Parks and Recreation Department
Door number mismatch reported by residents for the past few days,Medium,Revenue Department
Blocked drain near main road for the past few days,Medium,Health Department
Dead animal not removed causing public inconvenience for more than a week,Medium,Health Department
Broken footpath near main road frequently occurring,Low,Engineering Department
Damaged drainage system in commercial area after heavy rainfall,High,Engineering Department
Error in ownership certificate near apartment complex for the past few days,Low,Revenue Department
Duplicate tax demand near apartment complex for more than a week,Medium,Revenue Department
Open dumping of waste in commercial area since last week,Low,Health Department
Waste segregation not followed in ward 1 repeatedly reported,Medium,Solid Waste Management
Loose street light connection near apartment complex since last week,Low,Electrical Department
Illegal construction reported by residents frequently occurring,Medium,Engineering Department
Sewage overflow causing public inconvenience since last week,High,Health Department
Water valve damaged near bus stop since last week,Low,Water Supply Department
Water valve damaged near apartment complex since last week,Medium,Water Supply Department
Low water pressure near market since last week,Low,Water Supply Department
Overgrown bushes in park near bus stop since last week,Medium,Parks and Recreation Department
Ownership change not updated near bus stop frequently occurring,Medium,Revenue Department
Encroachment on public land near park since last week,Medium,Town Planning Department
Incorrect tax arrears near hospital for more than a week,Medium,Revenue Department
Unsafe building structure in ward 1 after heavy rainfall,Low,Engineering Department
Garbage bin overflow near junction frequently occurring,Medium,Solid Waste Management
Low water pressure in commercial area repeatedly reported,Low,Water Supply Department
Vacant land tax issue in ward 1 for the past few days,Low,Revenue Department
Dead animal not removed near main road for more than a week,Medium,Health Department
Cracks in public building causing public inconvenience frequently occurring,Low,Engineering Department
Broken footpath near park for the past few days,Medium,Engineering Department
Layout approval pending in ward 1 for the past few days,Low,Town Planning Department
Layout approval pending in commercial area during night hours,High,Town Planning Department
Water pipeline leakage near bus stop repeatedly reported,High,Water Supply Department
Sewage overflow near residential area repeatedly reported,High,Health Department
Waste collection vehicle not arriving near park for more than a week,Medium,Solid Waste Management
Water pipeline leakage in ward 1 frequently occurring,High,Water Supply Department
Illegal construction near junction after heavy rainfall,Medium,Engineering Department
Culvert damaged near market for the past few days,Low,Engineering Department
Waste segregation not followed in ward 1 after heavy rainfall,High,Solid Waste Management
Ownership change not updated near hospital repeatedly reported,Low,Revenue Department
Contaminated drinking water in ward 3 for more than a week,Low,Water Supply Department
Incorrect property classification causing public inconvenience for more than a week,Medium,Revenue Department
Dead animal not removed in ward 2 since last week,Medium,Health Department
Mutation delayed in ward 3 frequently occurring,Low,Revenue Department
Lack of drinking water in park in ward 2 frequently occurring,Low,Parks and Recreation Department
Error in ownership certificate in ward 2 for the past few days,Low,Revenue Department
Improper waste disposal in ward 2 since last week,Low,Health Department
Low water pressure in ward 3 for the past few days,Low,Water Supply Department
Property tax not assessed in ward 3 since last week,Low,Revenue Department
Ownership change not updated near main road during night hours,Low,Revenue Department
Exposed electric wire near school since last week,Medium,Electrical Department
Door number mismatch in ward 1 for the past few days,High,Revenue Department
Water valve damaged near school frequently occurring,High,Water Supply Department
Waste collection vehicle not arriving reported by residents since last week,Low,Solid Waste Management
Broken footpath in ward 4 for the past few days,Medium,Engineering Department
Zoning regulation violation near main road since last week,High,Town Planning Department
Storm water drain blocked near apartment complex since last week,Low,Engineering Department
Wrong property tax amount near market repeatedly reported,High,Revenue Department
Waste segregation not followed near apartment complex during night hours,Low,Solid Waste Management
Wrong property tax amount causing public inconvenience after heavy rainfall,High,Revenue Department
Door number mismatch near hospital after heavy rainfall,Low,Revenue Department
Bus stop without seating causing public inconvenience for the past few days,High,Public Transport Department
Road repair delayed in ward 3 repeatedly reported,High,Engineering Department
Exposed electric wire near apartment complex frequently occurring,High,Electrical Department
Improper waste disposal in ward 3 frequently occurring,Low,Health Department
Bus shelter damaged near school for the past few days,High,Public Transport Department
Cracks in public building in ward 4 repeatedly reported,Medium,Engineering Department
Water pipeline leakage in commercial area repeatedly reported,Low,Water Supply Department
Unsafe building structure in commercial area frequently occurring,Low,Engineering Department
Water pipeline leakage in ward 4 for more than a week,Medium,Water Supply Department
Encroachment on public land near residential area repeatedly reported,High,Town Planning Department
Blocked drain in ward 4 for the past few days,Low,Health Department
Dead animal not removed reported by residents after heavy rainfall,Medium,Health Department
Food waste causing foul smell near main road after heavy rainfall,High,Health Department
Illegal construction near junction repeatedly reported,Low,Engineering Department
Lack of drinking water in park in ward 2 during night hours,High,Parks and Recreation Department
Broken play equipment in park near hospital for the past few days,Medium,Parks and Recreation Department
Bus route information missing near park since last week,Low,Public Transport Department
Vacant land tax issue in ward 3 repeatedly reported,Medium,Revenue Department
Mosquito breeding reported by residents since last week,Low,Health Department
Electric pole damaged near junction since last week,Low,Electrical Department
Encroachment on public land in commercial area frequently occurring,Low,Town Planning Department
Storm water drain blocked in ward 4 frequently occurring,Low,Engineering Department
Storm water drain blocked causing public inconvenience repeatedly reported,Medium,Engineering Department
Duplicate tax demand in ward 2 for more than a week,High,Revenue Department
Building number not assigned near bus stop during night hours,Low,Engineering Department
Stray dog nuisance near apartment complex for more than a week,High,Health Department
Encroachment on public land reported by residents during night hours,High,Town Planning Department
Illegal parking near bus stop near hospital frequently occurring,Medium,Public Transport Department
Loose street light connection near hospital repeatedly reported,Medium,Electrical Department
Electric pole damaged near apartment complex during night hours,High,Electrical Department
Poor condition of bus shelter roof near main road repeatedly reported,Low,Public Transport Department
Waste segregation not followed in ward 4 during night hours,Low,Solid Waste Management
Low water pressure near junction repeatedly reported,High,Water Supply Department
Property tax not assessed near hospital repeatedly reported,High,Revenue Department
Garbage not collected near bus stop since last week,Low,Health Department
Duplicate tax demand near park since last week,Medium,Revenue Department
Ownership change not updated near residential area repeatedly reported,Low,Revenue Department
Public toilet not cleaned near main road repeatedly reported,High,Health Department
Garbage not collected in ward 4 repeatedly reported,Low,Health Department
Culvert damaged in ward 1 for more than a week,Medium,Engineering Department
Open dumping of waste in ward 3 frequently occurring,Medium,Health Department
Burning of waste in open area near residential area frequently occurring,Medium,Solid Waste Management
No water supply near hospital for the past few days,Low,Water Supply Department
Improper waste disposal near hospital for more than a week,Low,Health Department
Public toilet not cleaned in ward 3 frequently occurring,Medium,Health Department
Culvert damaged in ward 2 frequently occurring,Low,Engineering Department
Bus stop without seating near park for the past few days,High,Public Transport Department
Ownership change not updated causing public inconvenience for more than a week,Low,Revenue Department
Bus route information missing near market since last week,Medium,Public Transport Department
Garbage bin overflow near park during night hours,High,Solid Waste Management
Open dumping of waste near market repeatedly reported,Medium,Health Department
Vacant land tax issue near school for more than a week,Medium,Revenue Department
Public park not maintained near residential area for the past few days,Low,Parks and Recreation Department
Unsafe building structure in ward 2 frequently occurring,Medium,Engineering Department
Storm water drain blocked near residential area frequently occurring,Medium,Engineering Department
Door number mismatch near hospital frequently occurring,Low,Revenue Department
Open dumping of waste near school for more than a week,Low,Health Department
Garbage bin overflow in ward 2 for more than a week,Medium,Solid Waste Management
Contaminated drinking water reported by residents frequently occurring,High,Water Supply Department
Storm water drain blocked near bus stop since last week,Low,Engineering Department
Overgrown bushes in park near market after heavy rainfall,Medium,Parks and Recreation Department
Exposed electric wire in ward 4 after heavy rainfall,Medium,Electrical Department
Plastic waste accumulation near junction after heavy rainfall,High,Solid Waste Management
Door number mismatch in ward 3 for the past few days,High,Revenue Department
Dead animal not removed in ward 4 during night hours,High,Health Department
Duplicate tax demand in ward 4 for the past few days,Low,Revenue Department
Loose street light connection near residential area for more than a week,Medium,Electrical Department
Incorrect property classification near park for the past few days,Low,Revenue Department
Contaminated drinking water near hospital since last week,Low,Water Supply Department
Sewage overflow near park during night hours,Medium,Health Department
Lack of drinking water in park in ward 4 after heavy rainfall,Medium,Parks and Recreation Department
Exposed electric wire near hospital frequently occurring,Medium,Electrical Department
Unauthorized land use near junction after heavy rainfall,Medium,Town Planning Department
Frequent power failure in commercial area repeatedly reported,High,Electrical Department
Ownership change not updated near junction after heavy rainfall,Low,Revenue Department
Illegal parking near bus stop in ward 4 frequently occurring,High,Public Transport Department
Mutation delayed near school during night hours,High,Revenue Department
Garbage bin overflow in commercial area during night hours,Low,Solid Waste Management
Stray dog nuisance in ward 4 after heavy rainfall,Medium,Health Department
Plastic waste accumulation in ward 4 during night hours,High,Solid Waste Management
Waste segregation not followed causing public inconvenience frequently occurring,Medium,Solid Waste Management
Burning of waste in open area near market for more than a week,Low,Solid Waste Management
Mosquito breeding near main road frequently occurring,Low,Health Department
Overgrown bushes in park in ward 1 during night hours,Medium,Parks and Recreation Department
Incorrect property classification near apartment complex repeatedly reported,High,Revenue Department
Incorrect tax arrears near market for more than a week,High,Revenue Department
Water valve damaged in ward 4 for the past few days,High,Water Supply Department
Exposed electric wire near apartment complex repeatedly reported,High,Electrical Department
Frequent power failure near main road for more than a week,Medium,Electrical Department
Cracks in public building near residential area since last week,High,Engineering Department
Illegal construction near park frequently occurring,Low,Engineering Department
Burning of waste in open area near apartment complex for the past few days,Medium,Solid Waste Management
Poor condition of bus shelter roof near apartment complex during night hours,High,Public Transport Department
Damaged drainage system near main road during night hours,Low,Engineering Department
Incorrect property classification in ward 4 during night hours,High,Revenue Department
Road repair delayed in ward 1 for more than a week,Low,Engineering Department
Ownership change not updated reported by residents during night hours,Low,Revenue Department
Frequent power failure near bus stop repeatedly reported,Medium,Electrical Department
Bus route information missing near park after heavy rainfall,Medium,Public Transport Department
Bus shelter damaged in ward 1 for more than a week,Low,Public Transport Department
No water supply causing public inconvenience frequently occurring,Medium,Water Supply Department
Dead animal not removed in ward 3 for the past few days,Medium,Health Department
Open dumping of waste near hospital repeatedly reported,High,Health Department
Exposed electric wire near junction repeatedly reported,Medium,Electrical Department
Building number not assigned in ward 4 for more than a week,Low,Engineering Department
Food waste causing foul smell near bus stop for the past few days,High,Health Department
Public park not maintained causing public inconvenience for more than a week,High,Parks and Recreation Department
Error in ownership certificate near residential area during night hours,High,Revenue Department
Stray dog nuisance in ward 1 after heavy rainfall,High,Health Department
Incorrect tax arrears near apartment complex during night hours,High,Revenue Department
Damaged drainage system near junction since last week,Medium,Engineering Department
Loose street light connection near bus stop repeatedly reported,High,Electrical Department
Water valve damaged near market repeatedly reported,Medium,Water Supply Department
Food waste causing foul smell in ward 3 since last week,Medium,Health Department
Plastic waste accumulation near hospital after heavy rainfall,High,Solid Waste Management
Public toilet not cleaned near market frequently occurring,High,Health Department
Damaged drainage system near school for more than a week,High,Engineering Department
Building permit delayed in ward 1 frequently occurring,Medium,Town Planning Department
Loose street light connection near hospital after heavy rainfall,Low,Electrical Department
Poor condition of bus shelter roof near main road since last week,Medium,Public Transport Department
Road repair delayed reported by residents for more than a week,High,Engineering Department
Ownership change not updated near apartment complex for more than a week,Low,Revenue Department
Mosquito breeding near market since last week,Medium,Health Department
Damaged drainage system causing public inconvenience for more than a week,Medium,Engineering Department
Duplicate tax demand in ward 2 after heavy rainfall,Medium,Revenue Department
Ownership change not updated near junction since last week,Low,Revenue Department
Burning of waste in open area near school after heavy rainfall,Low,Solid Waste Management
Error in ownership certificate near market for the past few days,Low,Revenue Department
Unauthorized land use in ward 2 for the past few days,Medium,Town Planning Department
Electric pole damaged in ward 4 after heavy rainfall,Low,Electrical Department
Water valve damaged near market during night hours,Low,Water Supply Department
Exposed electric wire near main road after heavy rainfall,Medium,Electrical Department
Overgrown bushes in park causing public inconvenience after heavy rainfall,Medium,Parks and Recreation Department
Bus route information missing near main road frequently occurring,Medium,Public Transport Department
Potholes on road near residential area after heavy rainfall,High,Engineering Department
Garbage bin overflow in ward 2 for the past few days,Medium,Solid Waste Management
Waste segregation not followed near junction for the past few days,Low,Solid Waste Management
Plastic waste accumulation near bus stop after heavy rainfall,Medium,Solid Waste Management
Broken footpath reported by residents for the past few days,High,Engineering Department
Loose street light connection in ward 4 after heavy rainfall,Medium,Electrical Department
Incorrect property classification near school for the past few days,Medium,Revenue Department
Plastic waste accumulation near residential area repeatedly reported,Medium,Solid Waste Management
Error in ownership certificate near market during night hours,High,Revenue Department
Open dumping of waste near hospital during night hours,Medium,Health Department
Blocked drain near park after heavy rainfall,High,Health Department
Dead animal not removed in ward 4 frequently occurring,High,Health Department
Incorrect property classification near residential area for more than a week,Low,Revenue Department
Property tax not assessed near apartment complex repeatedly reported,Low,Revenue Department
Culvert damaged near market since last week,Medium,Engineering Department
Food waste causing foul smell near apartment complex for more than a week,High,Health Department
Incorrect tax arrears in ward 4 after heavy rainfall,High,Revenue Department
Illegal parking near bus stop near school for the past few days,Low,Public Transport Department
Incorrect property classification in ward 3 during night hours,Medium,Revenue Department
Loose street light connection near school after heavy rainfall,Medium,Electrical Department
Layout approval pending in commercial area since last week,Low,Town Planning Department
Stray dog nuisance causing public inconvenience for more than a week,High,Health Department
Duplicate tax demand in ward 3 during night hours,High,Revenue Department
Unsafe building structure near park since last week,Low,Engineering Department
Blocked drain near school frequently occurring,High,Health Department
Incorrect property classification near apartment complex repeatedly reported,Low,Revenue Department
Door number mismatch in ward 1 since last week,Medium,Revenue Department
Vacant land tax issue near school after heavy rainfall,High,Revenue Department
Mutation delayed in ward 4 during night hours,Low,Revenue Department
Contaminated drinking water near junction for the past few days,Medium,Water Supply Department
Layout approval pending near residential area for more than a week,High,Town Planning Department
Park lights not working near hospital after heavy rainfall,Medium,Parks and Recreation Department
Lack of drinking water in park in ward 1 for more than a week,Low,Parks and Recreation Department
Blocked drain near junction for more than a week,Medium,Health Department
Bus shelter damaged near apartment complex frequently occurring,Medium,Public Transport Department
Dead animal not removed near school repeatedly reported,High,Health Department
Blocked drain causing public inconvenience frequently occurring,High,Health Department
Blocked drain in ward 1 since last week,Low,Health Department
Blocked drain in ward 1 for more than a week,Medium,Health Department
Bus route information missing in ward 2 frequently occurring,High,Public Transport Department
Ownership change not updated in ward 2 since last week,High,Revenue Department
Contaminated drinking water in commercial area since last week,High,Water Supply Department
Electric pole damaged near main road since last week,High,Electrical Department
Garbage not collected near park after heavy rainfall,High,Health Department
Incorrect tax arrears near park since last week,Low,Revenue Department
Property tax not assessed near main road frequently occurring,High,Revenue Department
Street light not working in ward 1 repeatedly reported,High,Electrical Department
Overgrown bushes in park near school frequently occurring,High,Parks and Recreation Department
Damaged drainage system near main road for the past few days,Medium,Engineering Department
Building permit delayed in ward 3 frequently occurring,Low,Town Planning Department
Dead animal not removed near apartment complex repeatedly reported,Medium,Health Department
Garbage not collected in ward 4 since last week,High,Health Department
Unauthorized land use causing public inconvenience during night hours,Low,Town Planning Department
Property tax not assessed near hospital frequently occurring,Low,Revenue Department
Lack of drinking water in park in ward 3 for the past few days,Low,Parks and Recreation Department
Water valve damaged in commercial area frequently occurring,High,Water Supply Department
Door number mismatch in ward 4 since last week,High,Revenue Department
Duplicate tax demand near residential area after heavy rainfall,High,Revenue Department
Mutation delayed near junction during night hours,Medium,Revenue Department
Door number mismatch near main road after heavy rainfall,Low,Revenue Department
Burning of waste in open area near main road during night hours,Medium,Solid Waste Management
Open dumping of waste near hospital since last week,Medium,Health Department
Food waste causing foul smell reported by residents repeatedly reported,Medium,Health Department
Mutation delayed in ward 4 during night hours,Medium,Revenue Department
Road repair delayed in commercial area repeatedly reported,Medium,Engineering Department
Blocked drain near market after heavy rainfall,Low,Health Department
Blocked drain near junction for more than a week,High,Health Department
Plastic waste accumulation near hospital for the past few days,Low,Solid Waste Management
Electric pole damaged near residential area after heavy rainfall,Medium,Electrical Department
Waste collection vehicle not arriving causing public inconvenience repeatedly reported,Low,Solid Waste Management
Bus stop without seating in ward 4 for the past few days,Low,Public Transport Department
Broken footpath near hospital for the past few days,Low,Engineering Department
Water valve damaged in ward 4 for the past few days,Low,Water Supply Department
Wrong property tax amount in ward 4 during night hours,Low,Revenue Department
Sewage overflow near apartment complex frequently occurring,Low,Health Department
Bus shelter damaged near hospital since last week,High,Public Transport Department
Broken footpath in ward 2 for the past few days,Medium,Engineering Department
Broken footpath near market during night hours,High,Engineering Department
Culvert damaged near hospital repeatedly reported,Medium,Engineering Department
Waste segregation not followed causing public inconvenience during night hours,High,Solid Waste Management
Illegal construction near park for more than a week,Medium,Engineering Department
Plastic waste accumulation near bus stop since last week,Medium,Solid Waste Management
Electric pole damaged near bus stop frequently occurring,Medium,Electrical Department
Incorrect property classification in ward 3 for more than a week,Medium,Revenue Department
Public toilet not cleaned in ward 3 for the past few days,High,Health Department
Park lights not working near hospital for more than a week,High,Parks and Recreation Department
Wrong property tax amount near apartment complex during night hours,High,Revenue Department
Road repair delayed near hospital after heavy rainfall,Medium,Engineering Department
Overgrown bushes in park causing public inconvenience since last week,Medium,Parks and Recreation Department
Incorrect tax arrears near school after heavy rainfall,Low,Revenue Department
Broken footpath near market after heavy rainfall,Medium,Engineering Department
Plastic waste accumulation near bus stop since last week,High,Solid Waste Management
Sewage overflow near bus stop frequently occurring,Medium,Health Department
Loose street light connection in commercial area for more than a week,High,Electrical Department
Illegal parking near bus stop near main road repeatedly reported,Low,Public Transport Department
Burning of waste in open area near junction for more than a week,Low,Solid Waste Management
Sewage overflow in commercial area since last week,Low,Health Department
Public toilet not cleaned near school after heavy rainfall,High,Health Department
Bus route information missing in ward 2 frequently occurring,Medium,Public Transport Department
Low water pressure near park frequently occurring,Medium,Water Supply Department
Broken footpath causing public inconvenience since last week,Low,Engineering Department
Building number not assigned near hospital for more than a week,Low,Engineering Department
Frequent power failure near main road frequently occurring,Medium,Electrical Department
Loose street light connection in commercial area for the past few days,Medium,Electrical Department
Illegal construction near junction for more than a week,Low,Engineering Department
Building number not assigned near apartment complex for the past few days,Medium,Engineering Department
Bus route information missing near bus stop frequently occurring,Medium,Public Transport Department
Storm water drain blocked in ward 4 repeatedly reported,Low,Engineering Department
Public toilet not cleaned near junction since last week,Medium,Health Department
Door number mismatch near main road for more than a week,Low,Revenue Department
Unsafe building structure near park for more than a week,Low,Engineering Department
Overgrown bushes in park reported by residents frequently occurring,Medium,Parks and Recreation Department
Damaged drainage system causing public inconvenience repeatedly reported,Medium,Engineering Department
Electric pole damaged in ward 3 for more than a week,High,Electrical Department
Lack of drinking water in park near school frequently occurring,High,Parks and Recreation Department
Illegal construction near residential area for more than a week,Medium,Engineering Department
Building number not assigned near junction for the past few days,Low,Engineering Department
Overgrown bushes in park near school for more than a week,Medium,Parks and Recreation Department
Burning of waste in open area reported by residents since last week,Low,Solid Waste Management
Property tax not assessed in ward 1 for the past few days,High,Revenue Department
Storm water drain blocked near junction for more than a week,Medium,Engineering Department
Contaminated drinking water near residential area since last week,Medium,Water Supply Department
Improper waste disposal near bus stop since last week,High,Health Department
Mutation delayed near hospital frequently occurring,Medium,Revenue Department
Culvert damaged in ward 3 frequently occurring,Medium,Engineering Department
Burning of waste in open area near junction for more than a week,Medium,Solid Waste Management
Incorrect property classification near junction since last week,Medium,Revenue Department
Stray dog nuisance causing public inconvenience during night hours,Low,Health Department
Door number mismatch near hospital for the past few days,Medium,Revenue Department
Stray dog nuisance near main road for more than a week,High,Health Department
Zoning regulation violation near hospital frequently occurring,High,Town Planning Department
Mutation delayed near school during night hours,Low,Revenue Department
Garbage bin overflow near hospital for the past few days,Low,Solid Waste Management
Incorrect tax arrears near residential area after heavy rainfall,High,Revenue Department
Loose street light connection near junction since last week,Medium,Electrical Department
No water supply in commercial area frequently occurring,Medium,Water Supply Department
Park lights not working near bus stop for the past few days,Low,Parks and Recreation Department
Sewage overflow reported by residents repeatedly reported,High,Health Department
Door number mismatch in ward 1 since last week,Low,Revenue Department
Vacant land tax issue in ward 2 after heavy rainfall,Medium,Revenue Department
Water pipeline leakage near apartment complex repeatedly reported,Low,Water Supply Department
Frequent power failure in ward 1 for more than a week,Low,Electrical Department
Electric pole damaged causing public inconvenience for the past few days,Medium,Electrical Department
Garbage not collected near residential area since last week,High,Health Department
Potholes on road near hospital since last week,Medium,Engineering Department
Loose street light connection near school for the past few days,Medium,Electrical Department
Road repair delayed near residential area during night hours,Low,Engineering Department
Public toilet not cleaned in ward 2 since last week,Low,Health Department
Illegal parking near bus stop near hospital after heavy rainfall,Medium,Public Transport Department
Road repair delayed reported by residents during night hours,High,Engineering Department
Electric pole damaged near hospital during night hours,High,Electrical Department
Damaged drainage system near market repeatedly reported,Medium,Engineering Department
Street light not working reported by residents since last week,Low,Electrical Department
Incorrect property classification near school during night hours,Medium,Revenue Department
Duplicate tax demand in ward 4 since last week,Medium,Revenue Department
Mutation delayed causing public inconvenience during night hours,Low,Revenue Department
Street light not working reported by residents repeatedly reported,High,Electrical Department
Contaminated drinking water in ward 1 during night hours,Medium,Water Supply Department
Electric pole damaged near park repeatedly reported,Low,Electrical Department
Broken footpath near residential area repeatedly reported,Medium,Engineering Department
Water pipeline leakage near school frequently occurring,Low,Water Supply Department
Ownership change not updated near market after heavy rainfall,Medium,Revenue Department
Park lights not working in ward 2 for the past few days,Low,Parks and Recreation Department
Encroachment on public land in commercial area since last week,Low,Town Planning Department
Public toilet not cleaned in ward 1 repeatedly reported,Low,Health Department
Bus shelter damaged near junction for the past few days,High,Public Transport Department
Property tax not assessed in ward 1 repeatedly reported,Medium,Revenue Department
Public toilet not cleaned near hospital after heavy rainfall,High,Health Department
Park lights not working reported by residents during night hours,High,Parks and Recreation Department
Incorrect property classification near market since last week,High,Revenue Department
Vacant land tax issue near residential area after heavy rainfall,High,Revenue Department
No water supply reported by residents during night hours,Low,Water Supply Department
Duplicate tax demand in commercial area during night hours,Medium,Revenue Department
Stray dog nuisance reported by residents repeatedly reported,Low,Health Department
Frequent power failure in ward 3 repeatedly reported,High,Electrical Department
Ownership change not updated in ward 3 since last week,Medium,Revenue Department
Bus route information missing near junction after heavy rainfall,Medium,Public Transport Department
Garbage bin overflow in ward 3 after heavy rainfall,Medium,Solid Waste Management
Cracks in public building reported by residents repeatedly reported,Medium,Engineering Department
Building permit delayed in ward 4 for more than a week,High,Town Planning Department
Error in ownership certificate causing public inconvenience frequently occurring,High,Revenue Department
Water pipeline leakage reported by residents since last week,High,Water Supply Department
Incorrect tax arrears near main road since last week,Medium,Revenue Department
Blocked drain near market for the past few days,Low,Health Department
Vacant land tax issue reported by residents for the past few days,Medium,Revenue Department
Wrong property tax amount near park frequently occurring,High,Revenue Department
Broken play equipment in park in ward 1 frequently occurring,Medium,Parks and Recreation Department
Property tax not assessed in ward 3 during night hours,Medium,Revenue Department
Garbage bin overflow near apartment complex during night hours,High,Solid Waste Management
Bus route information missing in ward 1 during night hours,Medium,Public Transport Department
Garbage bin overflow near park frequently occurring,High,Solid Waste Management
Public toilet not cleaned in ward 3 during night hours,High,Health Department
Incorrect tax arrears near residential area after heavy rainfall,Medium,Revenue Department
Lack of drinking water in park near bus stop for the past few days,High,Parks and Recreation Department
Vacant land tax issue near school for more than a week,Low,Revenue Department
Broken footpath near junction since last week,Medium,Engineering Department
Vacant land tax issue in ward 3 after heavy rainfall,High,Revenue Department
Food waste causing foul smell near school for more than a week,Medium,Health Department
Lack of drinking water in park causing public inconvenience for more than a week,Low,Parks and Recreation Department
Incorrect property classification in ward 1 since last week,High,Revenue Department
Vacant land tax issue in commercial area after heavy rainfall,Medium,Revenue Department
Waste collection vehicle not arriving near junction for the past few days,Low,Solid Waste Management
Dead animal not removed near bus stop repeatedly reported,Low,Health Department
Broken play equipment in park near market repeatedly reported,High,Parks and Recreation Department
Open dumping of waste near junction for more than a week,High,Health Department
Exposed electric wire in commercial area during night hours,Low,Electrical Department
Waste segregation not followed reported by residents since last week,High,Solid Waste Management
Unsafe building structure in commercial area for more than a week,Medium,Engineering Department
Garbage not collected reported by residents during night hours,Low,Health Department
Exposed electric wire near market during night hours,High,Electrical Department
Mosquito breeding near apartment complex for the past few days,Low,Health Department
Vacant land tax issue near bus stop frequently occurring,High,Revenue Department
Building permit delayed near park during night hours,Medium,Town Planning Department
Contaminated drinking water near apartment complex after heavy rainfall,Low,Water Supply Department
Contaminated drinking water near park frequently occurring,Low,Water Supply Department
Electric pole damaged near park repeatedly reported,High,Electrical Department
Door number mismatch near junction frequently occurring,High,Revenue Department
Public park not maintained near residential area for the past few days,High,Parks and Recreation Department
Garbage bin overflow near school repeatedly reported,High,Solid Waste Management
Waste collection vehicle not arriving in commercial area since last week,Low,Solid Waste Management
Improper waste disposal near junction after heavy rainfall,Low,Health Department
Frequent power failure near park frequently occurring,Low,Electrical Department
Incorrect tax arrears near apartment complex repeatedly reported,Medium,Revenue Department
Cracks in public building in ward 3 frequently occurring,Low,Engineering Department
Open dumping of waste near hospital during night hours,Low,Health Department
Poor condition of bus shelter roof near bus stop for more than a week,Low,Public Transport Department
Sewage overflow near hospital after heavy rainfall,Medium,Health Department
Property tax not assessed causing public inconvenience after heavy rainfall,Low,Revenue Department
Public park not maintained in commercial area for the past few days,High,Parks and Recreation Department
Frequent power failure near hospital repeatedly reported,Medium,Electrical Department
Waste segregation not followed in ward 2 during night hours,Medium,Solid Waste Management
No water supply in ward 2 for more than a week,High,Water Supply Department
Water pipeline leakage in commercial area for the past few days,Low,Water Supply Department
Garbage bin overflow near bus stop after heavy rainfall,Low,Solid Waste Management
Cracks in public building near hospital during night hours,High,Engineering Department
Damaged drainage system in ward 2 frequently occurring,Low,Engineering Department
Wrong property tax amount near apartment complex during night hours,Medium,Revenue Department
Blocked drain near hospital since last week,High,Health Department
Food waste causing foul smell reported by residents after heavy rainfall,Medium,Health Department
Door number mismatch reported by residents for more than a week,Low,Revenue Department
Layout approval pending in ward 3 after heavy rainfall,High,Town Planning Department
Contaminated drinking water reported by residents for the past few days,High,Water Supply Department
Unauthorized land use in ward 4 during night hours,High,Town Planning Department
Unsafe building structure near market during night hours,High,Engineering Department
Property tax not assessed near bus stop for more than a week,High,Revenue Department
Broken footpath in ward 2 since last week,Medium,Engineering Department
Storm water drain blocked near junction repeatedly reported,Low,Engineering Department
Water valve damaged in ward 3 since last week,Low,Water Supply Department
Bus shelter damaged in ward 4 since last week,Low,Public Transport Department
Ownership change not updated in commercial area for more than a week,High,Revenue Department
Building permit delayed near park frequently occurring,High,Town Planning Department
Waste collection vehicle not arriving near junction after heavy rainfall,Low,Solid Waste Management
Broken footpath in ward 4 frequently occurring,Medium,Engineering Department
Vacant land tax issue in commercial area during night hours,Low,Revenue Department
Layout approval pending in ward 4 repeatedly reported,Medium,Town Planning Department
Culvert damaged near market for the past few days,Medium,Engineering Department
Unsafe building structure near main road repeatedly reported,Low,Engineering Department
Water pipeline leakage in commercial area for more than a week,Low,Water Supply Department
Exposed electric wire in ward 4 after heavy rainfall,Low,Electrical Department
Public toilet not cleaned near bus stop repeatedly reported,High,Health Department
Storm water drain blocked near apartment complex repeatedly reported,Medium,Engineering Department
Building number not assigned in ward 2 during night hours,Low,Engineering Department
Waste collection vehicle not arriving near school repeatedly reported,Low,Solid Waste Management
Broken play equipment in park reported by residents repeatedly reported,High,Parks and Recreation Department
Public park not maintained in ward 2 since last week,Low,Parks and Recreation Department
Wrong property tax amount in commercial area for more than a week,Low,Revenue Department
Unsafe building structure reported by residents for the past few days,Low,Engineering Department
Potholes on road near school repeatedly reported,High,Engineering Department
Dead animal not removed near park for more than a week,Medium,Health Department
Waste collection vehicle not arriving in ward 3 for the past few days,Medium,Solid Waste Management
Electric pole damaged near bus stop for the past few days,Low,Electrical Department
Stray dog nuisance in commercial area repeatedly reported,Low,Health Department
Burning of waste in open area in ward 1 during night hours,Low,Solid Waste Management
Illegal construction in ward 1 since last week,High,Engineering Department
Garbage not collected in ward 2 for more than a week,Medium,Health Department
Ownership change not updated in ward 2 for more than a week,Low,Revenue Department
Burning of waste in open area near school frequently occurring,High,Solid Waste Management
Duplicate tax demand near residential area for more than a week,Low,Revenue Department
Road repair delayed near apartment complex during night hours,Medium,Engineering Department
Public toilet not cleaned near main road frequently occurring,Low,Health Department
Unauthorized land use near park frequently occurring,High,Town Planning Department
Road repair delayed near bus stop after heavy rainfall,Low,Engineering Department
Open dumping of waste near market for the past few days,Medium,Health Department
Mutation delayed in ward 1 since last week,Low,Revenue Department
Blocked drain near main road during night hours,High,Health Department
Door number mismatch in commercial area after heavy rainfall,Low,Revenue Department
Potholes on road near park for the past few days,High,Engineering Department
Broken footpath near bus stop for more than a week,Low,Engineering Department
Waste collection vehicle not arriving near residential area for the past few days,High,Solid Waste Management
Building permit delayed near apartment complex repeatedly reported,Medium,Town Planning Department
Street light not working in ward 1 during night hours,Low,Electrical Department
Exposed electric wire in ward 4 for the past few days,Low,Electrical Department
Bus route information missing near main road for the past few days,Medium,Public Transport Department
Door number mismatch reported by residents after heavy rainfall,High,Revenue Department
Frequent power failure near junction since last week,Low,Electrical Department
Public park not maintained in ward 3 since last week,High,Parks and Recreation Department
Blocked drain near park after heavy rainfall,Low,Health Department
Improper waste disposal in ward 2 since last week,High,Health Department
Frequent power failure in commercial area since last week,Low,Electrical Department
Waste collection vehicle not arriving causing public inconvenience after heavy rainfall,Medium,Solid Waste Management
Duplicate tax demand in commercial area frequently occurring,High,Revenue Department
Waste collection vehicle not arriving in ward 4 for more than a week,Medium,Solid Waste Management
Plastic waste accumulation in commercial area during night hours,Low,Solid Waste Management
Mosquito breeding in ward 1 after heavy rainfall,Medium,Health Department
Bus stop without seating near market repeatedly reported,Medium,Public Transport Department
Public toilet not cleaned causing public inconvenience during night hours,Medium,Health Department
Water pipeline leakage near apartment complex since last week,Medium,Water Supply Department
Sewage overflow near park frequently occurring,High,Health Department
Frequent power failure near junction after heavy rainfall,High,Electrical Department
Sewage overflow near hospital for the past few days,Medium,Health Department
Incorrect property classification near residential area since last week,Medium,Revenue Department
Waste collection vehicle not arriving near residential area repeatedly reported,High,Solid Waste Management
Property tax not assessed in ward 3 repeatedly reported,Medium,Revenue Department
Stray dog nuisance near school after heavy rainfall,Low,Health Department
Waste collection vehicle not arriving in ward 3 repeatedly reported,Low,Solid Waste Management
Burning of waste in open area near school during night hours,Low,Solid Waste Management
Loose street light connection in ward 3 during night hours,Medium,Electrical Department
Property tax not assessed in ward 2 repeatedly reported,High,Revenue Department
Duplicate tax demand in ward 2 for the past few days,Medium,Revenue Department
Zoning regulation violation in commercial area after heavy rainfall,Low,Town Planning Department
Potholes on road causing public inconvenience for the past few days,High,Engineering Department
Wrong property tax amount in commercial area for more than a week,High,Revenue Department
Damaged drainage system near junction for more than a week,High,Engineering Department
Ownership change not updated near hospital for more than a week,High,Revenue Department
Cracks in public building in commercial area after heavy rainfall,High,Engineering Department
Incorrect tax arrears in ward 1 for more than a week,Low,Revenue Department
Building permit delayed near school frequently occurring,Low,Town Planning Department
Exposed electric wire near bus stop frequently occurring,Medium,Electrical Department
Road repair delayed near market during night hours,High,Engineering Department
Public toilet not cleaned in ward 4 for the past few days,Medium,Health Department
Unauthorized land use near market for more than a week,High,Town Planning Department
Dead animal not removed causing public inconvenience during night hours,High,Health Department
Duplicate tax demand near apartment complex during night hours,Medium,Revenue Department
Ownership change not updated near school for the past few days,Low,Revenue Department
Storm water drain blocked in ward 2 after heavy rainfall,Medium,Engineering Department
Door number mismatch in commercial area for the past few days,Medium,Revenue Department
Street light not working near residential area during night hours,High,Electrical Department
Cracks in public building near market since last week,Low,Engineering Department
Damaged drainage system near hospital repeatedly reported,Medium,Engineering Department
Bus route information missing in commercial area frequently occurring,Low,Public Transport Department
Zoning regulation violation near bus stop repeatedly reported,High,Town Planning Department
Zoning regulation violation near main road repeatedly reported,High,Town Planning Department
Door number mismatch reported by residents during night hours,Medium,Revenue Department
Contaminated drinking water near apartment complex during night hours,Medium,Water Supply Department
Incorrect tax arrears in ward 1 during night hours,Low,Revenue Department
Building number not assigned near hospital since last week,High,Engineering Department
Sewage overflow causing public inconvenience frequently occurring,High,Health Department
Dead animal not removed in ward 2 for the past few days,Low,Health Department
Error in ownership certificate causing public inconvenience during night hours,Low,Revenue Department
Blocked drain near park frequently occurring,High,Health Department
Sewage overflow near junction after heavy rainfall,High,Health Department
Unsafe building structure causing public inconvenience during night hours,Low,Engineering Department
Culvert damaged causing public inconvenience during night hours,High,Engineering Department
Broken play equipment in park causing public inconvenience after heavy rainfall,Low,Parks and Recreation Department
Contaminated drinking water in ward 3 for the past few days,Medium,Water Supply Department
Illegal construction reported by residents for more than a week,Medium,Engineering Department
Low water pressure near park for the past few days,Low,Water Supply Department
Plastic waste accumulation near main road during night hours,Low,Solid Waste Management
Garbage bin overflow in ward 2 repeatedly reported,Low,Solid Waste Management
Bus shelter damaged in ward 3 since last week,High,Public Transport Department
Public park not maintained near park since last week,Low,Parks and Recreation Department
Ownership change not updated in ward 2 after heavy rainfall,Medium,Revenue Department
Unsafe building structure near hospital after heavy rainfall,Medium,Engineering Department
Public toilet not cleaned near hospital frequently occurring,Low,Health Department
Unauthorized land use near residential area for the past few days,Medium,Town Planning Department
Incorrect property classification in ward 2 since last week,High,Revenue Department
Cracks in public building near market for the past few days,High,Engineering Department
Low water pressure near bus stop frequently occurring,Low,Water Supply Department
Bus route information missing in ward 3 for the past few days,High,Public Transport Department
Broken footpath near main road during night hours,Medium,Engineering Department
Vacant land tax issue near hospital for the past few days,High,Revenue Department
Poor condition of bus shelter roof in ward 2 frequently occurring,Low,Public Transport Department
Street light not working near residential area for the past few days,High,Electrical Department
Public toilet not cleaned in ward 3 repeatedly reported,High,Health Department
Duplicate tax demand near park for more than a week,Medium,Revenue Department
Frequent power failure near residential area for the past few days,High,Electrical Department
Blocked drain near market frequently occurring,Medium,Health Department
Poor condition of bus shelter roof in ward 3 during night hours,High,Public Transport Department
Water pipeline leakage causing public inconvenience repeatedly reported,Low,Water Supply Department
Water pipeline leakage in commercial area during night hours,Medium,Water Supply Department
Incorrect tax arrears near main road frequently occurring,High,Revenue Department
Encroachment on public land near junction during night hours,High,Town Planning Department
Cracks in public building near bus stop since last week,High,Engineering Department
Loose street light connection in commercial area repeatedly reported,Medium,Electrical Department
Culvert damaged near hospital for more than a week,Medium,Engineering Department
Dead animal not removed near bus stop since last week,Medium,Health Department
Loose street light connection causing public inconvenience during night hours,High,Electrical Department
Street light not working in ward 2 since last week,High,Electrical Department
Public toilet not cleaned in ward 4 repeatedly reported,High,Health Department
Water pipeline leakage near market for the past few days,Low,Water Supply Department
Dead animal not removed in ward 1 repeatedly reported,Medium,Health Department
Frequent power failure near bus stop for more than a week,High,Electrical Department
Encroachment on public land causing public inconvenience frequently occurring,High,Town Planning Department
Damaged drainage system near market for more than a week,Low,Engineering Department
Sewage overflow near junction for the past few days,Low,Health Department
Road repair delayed near residential area during night hours,High,Engineering Department
Improper waste disposal near park repeatedly reported,Medium,Health Department
Waste segregation not followed in ward 2 since last week,Low,Solid Waste Management
Plastic waste accumulation near bus stop for more than a week,Low,Solid Waste Management
Encroachment on public land in ward 2 for more than a week,Low,Town Planning Department
Low water pressure near apartment complex for more than a week,Medium,Water Supply Department
Improper waste disposal in commercial area after heavy rainfall,High,Health Department
Vacant land tax issue near park during night hours,Medium,Revenue Department
Low water pressure in ward 4 for the past few days,Low,Water Supply Department
Mosquito breeding near hospital for more than a week,Low,Health Department
Wrong property tax amount near apartment complex frequently occurring,Medium,Revenue Department
Layout approval pending in ward 3 for the past few days,Low,Town Planning Department
Garbage not collected near park for more than a week,Low,Health Department
Unsafe building structure near main road after heavy rainfall,Low,Engineering Department
Contaminated drinking water in ward 2 since last week,Medium,Water Supply Department
Building number not assigned causing public inconvenience repeatedly reported,Low,Engineering Department
Mutation delayed near hospital frequently occurring,High,Revenue Department
Water pipeline leakage reported by residents during night hours,Medium,Water Supply Department
Public toilet not cleaned near apartment complex during night hours,Medium,Health Department
Garbage bin overflow in ward 1 since last week,Low,Solid Waste Management
Storm water drain blocked near park during night hours,High,Engineering Department
Unauthorized land use near market since last week,Medium,Town Planning Department
Water valve damaged near junction during night hours,High,Water Supply Department
Error in ownership certificate near main road frequently occurring,Low,Revenue Department
Loose street light connection in ward 1 after heavy rainfall,Medium,Electrical Department
Mosquito breeding reported by residents repeatedly reported,Medium,Health Department
Bus shelter damaged in commercial area during night hours,High,Public Transport Department
Unauthorized land use near hospital after heavy rainfall,Low,Town Planning Department
Public toilet not cleaned in ward 2 since last week,High,Health Department
Stray dog nuisance near main road since last week,Low,Health Department
Potholes on road in ward 4 for the past few days,Low,Engineering Department
Road repair delayed in ward 3 after heavy rainfall,Medium,Engineering Department
Low water pressure near apartment complex after heavy rainfall,High,Water Supply Department
Dead animal not removed in commercial area after heavy rainfall,High,Health Department
Encroachment on public land near apartment complex for more than a week,Low,Town Planning Department
Public toilet not cleaned near residential area frequently occurring,Medium,Health Department
Mosquito breeding near apartment complex for more than a week,Medium,Health Department
Illegal parking near bus stop near residential area frequently occurring,Low,Public Transport Department
Waste collection vehicle not arriving near park frequently occurring,High,Solid Waste Management
Ownership change not updated causing public inconvenience for the past few days,Medium,Revenue Department
Loose street light connection near park after heavy rainfall,High,Electrical Department
Burning of waste in open area near market for the past few days,Medium,Solid Waste Management
Damaged drainage system causing public inconvenience since last week,Medium,Engineering Department
Contaminated drinking water near junction since last week,High,Water Supply Department
Building number not assigned near residential area after heavy rainfall,Low,Engineering Department
Bus route information missing in commercial area after heavy rainfall,Low,Public Transport Department
Open dumping of waste near main road during night hours,Medium,Health Department
Broken play equipment in park near market during night hours,Medium,Parks and Recreation Department
Stray dog nuisance near main road during night hours,Low,Health Department
Broken footpath near park for more than a week,Low,Engineering Department
Water pipeline leakage near residential area for more than a week,High,Water Supply Department
Improper waste disposal in commercial area during night hours,High,Health Department
Illegal construction near market frequently occurring,High,Engineering Department
Public park not maintained reported by residents since last week,High,Parks and Recreation Department
Ownership change not updated in ward 4 after heavy rainfall,Medium,Revenue Department
Damaged drainage system reported by residents for the past few days,Low,Engineering Department
Culvert damaged causing public inconvenience for the past few days,Medium,Engineering Department
Property tax not assessed in commercial area for more than a week,Medium,Revenue Department
Potholes on road near junction for more than a week,Low,Engineering Department
Blocked drain near junction for the past few days,Low,Health Department
Potholes on road in commercial area after heavy rainfall,Medium,Engineering Department
Ownership change not updated near park for more than a week,Low,Revenue Department
Broken play equipment in park near school for the past few days,High,Parks and Recreation Department
Mutation delayed reported by residents frequently occurring,Medium,Revenue Department
Incorrect property classification in ward 3 since last week,Medium,Revenue Department
Illegal construction near residential area repeatedly reported,Medium,Engineering Department
Unsafe building structure in ward 1 repeatedly reported,High,Engineering Department
Door number mismatch in ward 3 since last week,Low,Revenue Department
Open dumping of waste near park during night hours,Low,Health Department
Contaminated drinking water causing public inconvenience during night hours,High,Water Supply Department
Cracks in public building near school for the past few days,Medium,Engineering Department
Illegal construction causing public inconvenience repeatedly reported,Low,Engineering Department
Unsafe building structure reported by residents after heavy rainfall,Low,Engineering Department
Water valve damaged near junction for more than a week,High,Water Supply Department
Mutation delayed near park repeatedly reported,Medium,Revenue Department
Potholes on road in ward 4 for more than a week,High,Engineering Department
Dead animal not removed near main road after heavy rainfall,Medium,Health Department
Vacant land tax issue near main road since last week,Low,Revenue Department
Duplicate tax demand near bus stop during night hours,Low,Revenue Department
Mutation delayed in ward 3 after heavy rainfall,Medium,Revenue Department
Vacant land tax issue near market for more than a week,Medium,Revenue Department
Public toilet not cleaned near main road after heavy rainfall,Medium,Health Department
Blocked drain near residential area frequently occurring,High,Health Department
Sewage overflow near apartment complex frequently occurring,Medium,Health Department
Blocked drain near bus stop during night hours,Medium,Health Department
Road repair delayed near main road for the past few days,High,Engineering Department
Error in ownership certificate in ward 3 repeatedly reported,Medium,Revenue Department
Water pipeline leakage near park for more than a week,Medium,Water Supply Department
Improper waste disposal near main road since last week,Medium,Health Department
Stray dog nuisance near hospital since last week,Low,Health Department
Property tax not assessed near market since last week,Medium,Revenue Department
Building number not assigned near hospital repeatedly reported,Medium,Engineering Department
Waste collection vehicle not arriving near residential area frequently occurring,Low,Solid Waste Management
Illegal construction causing public inconvenience for more than a week,High,Engineering Department
Contaminated drinking water near school for more than a week,Low,Water Supply Department
Dead animal not removed in commercial area for the past few days,Medium,Health Department
Potholes on road near apartment complex frequently occurring,High,Engineering Department
Mutation delayed causing public inconvenience for more than a week,High,Revenue Department
Broken play equipment in park reported by residents during night hours,High,Parks and Recreation Department
Incorrect tax arrears near hospital during night hours,Medium,Revenue Department
Door number mismatch near main road for the past few days,High,Revenue Department
Water valve damaged near bus stop during night hours,Medium,Water Supply Department
Street light not working in ward 3 during night hours,High,Electrical Department
Food waste causing foul smell near school repeatedly reported,Low,Health Department
Electric pole damaged near market for more than a week,Low,Electrical Department
Mosquito breeding near market repeatedly reported,Low,Health Department
Electric pole damaged causing public inconvenience for more than a week,High,Electrical Department
Loose street light connection in ward 2 during night hours,High,Electrical Department
Waste segregation not followed near market after heavy rainfall,Medium,Solid Waste Management
Dead animal not removed in ward 1 during night hours,High,Health Department
Layout approval pending near main road for the past few days,Medium,Town Planning Department
Culvert damaged in ward 3 repeatedly reported,High,Engineering Department
Unauthorized land use near junction for more than a week,High,Town Planning Department
Damaged drainage system near main road after heavy rainfall,High,Engineering Department
Incorrect tax arrears near main road frequently occurring,Medium,Revenue Department
Loose street light connection near main road for more than a week,Low,Electrical Department
Electric pole damaged near school during night hours,Low,Electrical Department
Ownership change not updated near park for more than a week,High,Revenue Department
Ownership change not updated in ward 3 frequently occurring,Low,Revenue Department
Mutation delayed near hospital during night hours,Medium,Revenue Department
Park lights not working in ward 3 after heavy rainfall,High,Parks and Recreation Department
Plastic waste accumulation in ward 3 frequently occurring,Medium,Solid Waste Management
Burning of waste in open area near residential area for more than a week,High,Solid Waste Management
Frequent power failure near residential area for the past few days,Low,Electrical Department
Public park not maintained in ward 2 for the past few days,Low,Parks and Recreation Department
Vacant land tax issue causing public inconvenience after heavy rainfall,Medium,Revenue Department
Damaged drainage system causing public inconvenience for more than a week,High,Engineering Department
Plastic waste accumulation near market during night hours,High,Solid Waste Management
Vacant land tax issue near school since last week,Medium,Revenue Department
Illegal construction in ward 3 repeatedly reported,Low,Engineering Department
Incorrect tax arrears near bus stop after heavy rainfall,High,Revenue Department
Loose street light connection near market for more than a week,Low,Electrical Department
No water supply in ward 2 frequently occurring,Low,Water Supply Department
Open dumping of waste near apartment complex for more than a week,High,Health Department
Potholes on road near main road for more than a week,Low,Engineering Department
Garbage bin overflow in commercial area repeatedly reported,Medium,Solid Waste Management
Burning of waste in open area near bus stop after heavy rainfall,High,Solid Waste Management
Road repair delayed near bus stop after heavy rainfall,Medium,Engineering Department
Unsafe building structure in ward 2 since last week,Medium,Engineering Department
Storm water drain blocked near school for more than a week,Low,Engineering Department
Low water pressure near market for more than a week,Medium,Water Supply Department
Incorrect tax arrears near apartment complex frequently occurring,High,Revenue Department
Broken footpath near park since last week,Medium,Engineering Department
Water valve damaged near hospital since last week,Medium,Water Supply Department
Park lights not working in ward 1 since last week,Medium,Parks and Recreation Department
Broken footpath in ward 3 frequently occurring,High,Engineering Department
Blocked drain in ward 3 after heavy rainfall,High,Health Department
Waste segregation not followed near market repeatedly reported,Low,Solid Waste Management
Road repair delayed near main road after heavy rainfall,Low,Engineering Department
Public park not maintained near main road since last week,High,Parks and Recreation Department
Frequent power failure causing public inconvenience during night hours,Low,Electrical Department
Stray dog nuisance in ward 1 after heavy rainfall,Medium,Health Department
Poor condition of bus shelter roof in ward 4 frequently occurring,Medium,Public Transport Department
Open dumping of waste near hospital since last week,High,Health Department
Building number not assigned near residential area during night hours,High,Engineering Department
Culvert damaged near junction for the past few days,Medium,Engineering Department
Broken footpath near bus stop since last week,Low,Engineering Department
Vacant land tax issue in ward 4 frequently occurring,High,Revenue Department
Water pipeline leakage in ward 1 after heavy rainfall,Medium,Water Supply Department
Storm water drain blocked in ward 3 for the past few days,Medium,Engineering Department
Sewage overflow reported by residents during night hours,High,Health Department
Potholes on road in ward 4 repeatedly reported,High,Engineering Department
Plastic waste accumulation in ward 3 frequently occurring,High,Solid Waste Management
Encroachment on public land near school for the past few days,High,Town Planning Department
Door number mismatch in ward 2 for the past few days,Low,Revenue Department
Incorrect property classification near park during night hours,Medium,Revenue Department
Blocked drain in ward 1 for the past few days,Medium,Health Department
Door number mismatch in commercial area since last week,High,Revenue Department
Public toilet not cleaned near main road after heavy rainfall,Low,Health Department
Unsafe building structure near junction for the past few days,High,Engineering Department
Mosquito breeding in ward 3 since last week,High,Health Department
Loose street light connection near school for more than a week,Low,Electrical Department
Garbage not collected near hospital for the past few days,Medium,Health Department
Waste segregation not followed near market for more than a week,High,Solid Waste Management
Overgrown bushes in park near park for more than a week,Low,Parks and Recreation Department
No water supply near park repeatedly reported,High,Water Supply Department
Plastic waste accumulation in ward 4 during night hours,Medium,Solid Waste Management
Dead animal not removed in ward 4 repeatedly reported,High,Health Department
Water pipeline leakage causing public inconvenience since last week,Low,Water Supply Department
Damaged drainage system causing public inconvenience frequently occurring,Low,Engineering Department
Vacant land tax issue in ward 4 frequently occurring,Low,Revenue Department
Public park not maintained in ward 4 after heavy rainfall,High,Parks and Recreation Department
Garbage not collected reported by residents frequently occurring,Low,Health Department
Illegal parking near bus stop in ward 4 after heavy rainfall,Medium,Public Transport Department
Illegal parking near bus stop in ward 4 during night hours,Low,Public Transport Department
Loose street light connection near hospital frequently occurring,Low,Electrical Department
Water pipeline leakage near residential area for more than a week,Medium,Water Supply Department
Frequent power failure near school for the past few days,High,Electrical Department
Open dumping of waste near apartment complex frequently occurring,Low,Health Department
Cracks in public building near school for the past few days,Low,Engineering Department
Building permit delayed causing public inconvenience since last week,Low,Town Planning Department
Water valve damaged in ward 3 repeatedly reported,Medium,Water Supply Department
Storm water drain blocked near school for the past few days,Medium,Engineering Department
Lack of drinking water in park near park for more than a week,High,Parks and Recreation Department
Incorrect property classification near hospital since last week,Medium,Revenue Department
Burning of waste in open area near park for more than a week,High,Solid Waste Management
Garbage bin overflow near junction since last week,High,Solid Waste Management
No water supply reported by residents since last week,Medium,Water Supply Department
Potholes on road in ward 1 for more than a week,Medium,Engineering Department
Waste segregation not followed in ward 3 after heavy rainfall,Low,Solid Waste Management
Mosquito breeding in ward 1 for the past few days,Low,Health Department
Incorrect property classification near junction during night hours,Low,Revenue Department
Culvert damaged near apartment complex for the past few days,Low,Engineering Department
Waste segregation not followed near main road for the past few days,Medium,Solid Waste Management
Dead animal not removed in ward 3 repeatedly reported,Medium,Health Department
Building permit delayed near school for more than a week,Low,Town Planning Department
Storm water drain blocked near residential area since last week,High,Engineering Department
Open dumping of waste near hospital for more than a week,High,Health Department
Illegal construction in ward 4 for more than a week,Low,Engineering Department
Broken footpath in ward 1 after heavy rainfall,High,Engineering Department
Garbage bin overflow in commercial area after heavy rainfall,Medium,Solid Waste Management
Unsafe building structure near apartment complex since last week,Low,Engineering Department
Contaminated drinking water near bus stop repeatedly reported,Low,Water Supply Department
Frequent power failure in ward 1 since last week,Low,Electrical Department
Open dumping of waste near main road during night hours,Low,Health Department
Encroachment on public land in commercial area for more than a week,Medium,Town Planning Department
Zoning regulation violation near residential area frequently occurring,Medium,Town Planning Department
Ownership change not updated near residential area for the past few days,High,Revenue Department
Stray dog nuisance near residential area frequently occurring,High,Health Department
Electric pole damaged near market frequently occurring,Medium,Electrical Department
Broken footpath causing public inconvenience for more than a week,Low,Engineering Department
Damaged drainage system in commercial area frequently occurring,High,Engineering Department
Ownership change not updated in ward 3 for more than a week,Low,Revenue Department
Sewage overflow in ward 4 frequently occurring,Low,Health Department
Garbage bin overflow in ward 4 for more than a week,Low,Solid Waste Management
Food waste causing foul smell in ward 4 after heavy rainfall,Low,Health Department
No water supply near residential area frequently occurring,Low,Water Supply Department
Building permit delayed in ward 4 repeatedly reported,High,Town Planning Department
Frequent power failure in commercial area frequently occurring,Medium,Electrical Department
Park lights not working near market repeatedly reported,Medium,Parks and Recreation Department
Water pipeline leakage near school after heavy rainfall,Low,Water Supply Department
Dead animal not removed near main road after heavy rainfall,High,Health Department
Vacant land tax issue causing public inconvenience for more than a week,Low,Revenue Department
Plastic waste accumulation near apartment complex since last week,Medium,Solid Waste Management
Error in ownership certificate in ward 4 for more than a week,Medium,Revenue Department
Duplicate tax demand near bus stop frequently occurring,Medium,Revenue Department
Unauthorized land use in commercial area for more than a week,Medium,Town Planning Department
Vacant land tax issue near park during night hours,High,Revenue Department
Low water pressure reported by residents since last week,Medium,Water Supply Department
Improper waste disposal near junction for more than a week,Medium,Health Department
Encroachment on public land near park since last week,Low,Town Planning Department
Garbage not collected in ward 1 repeatedly reported,Medium,Health Department
Storm water drain blocked near park after heavy rainfall,Medium,Engineering Department
Garbage not collected in ward 4 for more than a week,Low,Health Department
Error in ownership certificate near apartment complex for more than a week,High,Revenue Department
Park lights not working causing public inconvenience since last week,Medium,Parks and Recreation Department
Waste segregation not followed in ward 3 for the past few days,High,Solid Waste Management
Incorrect property classification near school repeatedly reported,Medium,Revenue Department
Improper waste disposal near bus stop after heavy rainfall,Low,Health Department
Unauthorized land use near main road frequently occurring,Low,Town Planning Department
Unsafe building structure near bus stop for the past few days,High,Engineering Department
Waste collection vehicle not arriving in ward 4 during night hours,High,Solid Waste Management
Open dumping of waste in ward 3 for more than a week,Medium,Health Department
Cracks in public building near market since last week,Medium,Engineering Department
Street light not working near park since last week,High,Electrical Department
Blocked drain near apartment complex repeatedly reported,High,Health Department
Mutation delayed in commercial area since last week,High,Revenue Department
Mosquito breeding near main road during night hours,High,Health Department
Road repair delayed near market frequently occurring,Medium,Engineering Department
Cracks in public building causing public inconvenience for the past few days,High,Engineering Department
Public toilet not cleaned near junction for the past few days,High,Health Department
Electric pole damaged reported by residents for the past few days,Low,Electrical Department
Broken play equipment in park near residential area for more than a week,Low,Parks and Recreation Department
Illegal construction causing public inconvenience during night hours,Medium,Engineering Department
Public toilet not cleaned in ward 1 for more than a week,Medium,Health Department
Incorrect property classification in ward 1 for more than a week,Medium,Revenue Department
Street light not working reported by residents after heavy rainfall,High,Electrical Department
Electric pole damaged near market after heavy rainfall,High,Electrical Department
Overgrown bushes in park near junction for more than a week,Medium,Parks and Recreation Department
Broken footpath in ward 1 since last week,High,Engineering Department
Frequent power failure in ward 3 since last week,High,Electrical Department
Broken footpath near main road repeatedly reported,High,Engineering Department
Water valve damaged near main road repeatedly reported,Medium,Water Supply Department
Plastic waste accumulation near hospital after heavy rainfall,Medium,Solid Waste Management
Building number not assigned near apartment complex since last week,High,Engineering Department
Bus stop without seating in ward 1 since last week,High,Public Transport Department
Building number not assigned near park since last week,High,Engineering Department
No water supply near main road during night hours,High,Water Supply Department
Garbage not collected in ward 1 during night hours,Medium,Health Department
Electric pole damaged near hospital for the past few days,High,Electrical Department
Cracks in public building near apartment complex after heavy rainfall,Medium,Engineering Department
No water supply near bus stop repeatedly reported,Low,Water Supply Department
Duplicate tax demand near market since last week,Medium,Revenue Department
Waste segregation not followed in ward 4 for the past few days,Low,Solid Waste Management
Open dumping of waste near bus stop frequently occurring,Low,Health Department
Broken footpath near junction after heavy rainfall,High,Engineering Department
Zoning regulation violation in ward 1 after heavy rainfall,Medium,Town Planning Department
Potholes on road near school after heavy rainfall,Medium,Engineering Department
Vacant land tax issue in ward 4 after heavy rainfall,High,Revenue Department
Stray dog nuisance near market for more than a week,Medium,Health Department
Sewage overflow in ward 4 frequently occurring,Medium,Health Department
Illegal parking near bus stop in ward 3 after heavy rainfall,High,Public Transport Department
Cracks in public building in commercial area frequently occurring,Low,Engineering Department
Sewage overflow reported by residents for the past few days,Medium,Health Department
Contaminated drinking water near school since last week,Medium,Water Supply Department
Street light not working near bus stop for more than a week,Medium,Electrical Department
Potholes on road near market frequently occurring,Low,Engineering Department
Stray dog nuisance near junction frequently occurring,High,Health Department
Incorrect property classification near park frequently occurring,Medium,Revenue Department
Bus route information missing near apartment complex repeatedly reported,Medium,Public Transport Department
Illegal parking near bus stop near park since last week,High,Public Transport Department
Plastic waste accumulation near market frequently occurring,High,Solid Waste Management
Garbage bin overflow near market repeatedly reported,Low,Solid Waste Management
Door number mismatch near bus stop repeatedly reported,Low,Revenue Department
Damaged drainage system near junction for the past few days,Low,Engineering Department
Contaminated drinking water in ward 1 frequently occurring,High,Water Supply Department
Public toilet not cleaned near market repeatedly reported,Low,Health Department
Broken footpath causing public inconvenience since last week,High,Engineering Department
Waste segregation not followed near hospital for the past few days,Low,Solid Waste Management
Building permit delayed near hospital after heavy rainfall,Medium,Town Planning Department
Plastic waste accumulation near market frequently occurring,Low,Solid Waste Management
Incorrect property classification in ward 4 frequently occurring,Low,Revenue Department
Burning of waste in open area near hospital since last week,High,Solid Waste Management
Illegal parking near bus stop in ward 4 since last week,High,Public Transport Department
Error in ownership certificate near school repeatedly reported,Medium,Revenue Department
Mutation delayed in ward 4 since last week,Low,Revenue Department
Frequent power failure near school for the past few days,Medium,Electrical Department
Garbage not collected near school frequently occurring,Medium,Health Department
Building permit delayed near residential area for more than a week,Medium,Town Planning Department
Illegal construction near hospital frequently occurring,Low,Engineering Department
Road repair delayed reported by residents since last week,Low,Engineering Department
Unsafe building structure near bus stop frequently occurring,High,Engineering Department
Building number not assigned in commercial area repeatedly reported,Low,Engineering Department
Incorrect property classification in ward 3 repeatedly reported,Medium,Revenue Department
Duplicate tax demand near residential area repeatedly reported,Medium,Revenue Department
Public toilet not cleaned near market for the past few days,Medium,Health Department
Blocked drain in ward 4 since last week,High,Health Department
Unsafe building structure near bus stop after heavy rainfall,Low,Engineering Department
Low water pressure near residential area repeatedly reported,Low,Water Supply Department
Open dumping of waste in ward 2 frequently occurring,Medium,Health Department
Electric pole damaged near park after heavy rainfall,High,Electrical Department
Zoning regulation violation near park for more than a week,Low,Town Planning Department
Water valve damaged near main road after heavy rainfall,Low,Water Supply Department
Park lights not working near apartment complex for more than a week,High,Parks and Recreation Department
Waste collection vehicle not arriving in commercial area after heavy rainfall,High,Solid Waste Management
Open dumping of waste in ward 4 repeatedly reported,Low,Health Department
Door number mismatch near hospital for more than a week,High,Revenue Department
Street light not working reported by residents repeatedly reported,Low,Electrical Department
Plastic waste accumulation near junction for the past few days,Low,Solid Waste Management
Illegal construction near park since last week,Medium,Engineering Department
Unauthorized land use causing public inconvenience after heavy rainfall,Medium,Town Planning Department
Unsafe building structure near apartment complex during night hours,Medium,Engineering Department
Public park not maintained near main road during night hours,Medium,Parks and Recreation Department
Dead animal not removed near school for more than a week,Low,Health Department
Broken footpath in ward 3 for more than a week,High,Engineering Department
Error in ownership certificate near junction during night hours,Low,Revenue Department
Sewage overflow near bus stop frequently occurring,Low,Health Department
Duplicate tax demand in ward 2 since last week,Medium,Revenue Department
Open dumping of waste near main road for more than a week,High,Health Department
Wrong property tax amount near park for more than a week,Medium,Revenue Department
Public toilet not cleaned near market repeatedly reported,Medium,Health Department
Burning of waste in open area near residential area after heavy rainfall,Medium,Solid Waste Management
Water pipeline leakage causing public inconvenience since last week,Medium,Water Supply Department
Error in ownership certificate reported by residents after heavy rainfall,Medium,Revenue Department
Open dumping of waste reported by residents during night hours,Low,Health Department
Illegal construction in ward 2 after heavy rainfall,Medium,Engineering Department
Door number mismatch reported by residents for more than a week,High,Revenue Department
Frequent power failure near market for the past few days,High,Electrical Department
Low water pressure near bus stop for more than a week,High,Water Supply Department
Ownership change not updated in ward 4 for more than a week,Low,Revenue Department
Building number not assigned in commercial area during night hours,High,Engineering Department
Unsafe building structure near main road repeatedly reported,Medium,Engineering Department
No water supply near residential area during night hours,High,Water Supply Department
Zoning regulation violation reported by residents repeatedly reported,High,Town Planning Department
Damaged drainage system near main road for more than a week,Low,Engineering Department
Culvert damaged near junction after heavy rainfall,High,Engineering Department
Loose street light connection near market for the past few days,Medium,Electrical Department
Improper waste disposal near hospital since last week,Low,Health Department
Electric pole damaged in ward 4 after heavy rainfall,Medium,Electrical Department
Illegal parking near bus stop in ward 3 frequently occurring,Medium,Public Transport Department
Storm water drain blocked near hospital after heavy rainfall,Medium,Engineering Department
Broken play equipment in park causing public inconvenience during night hours,Low,Parks and Recreation Department
Public toilet not cleaned in commercial area for the past few days,Medium,Health Department
Waste collection vehicle not arriving near hospital frequently occurring,Low,Solid Waste Management
Bus stop without seating near hospital frequently occurring,Medium,Public Transport Department
Open dumping of waste near main road for the past few days,Medium,Health Department
Bus route information missing in ward 2 since last week,High,Public Transport Department
Loose street light connection in ward 1 during night hours,Low,Electrical Department
Blocked drain near junction frequently occurring,Low,Health Department
Electric pole damaged near main road repeatedly reported,Low,Electrical Department
Overgrown bushes in park in ward 3 frequently occurring,Medium,Parks and Recreation Department
Garbage bin overflow near junction after heavy rainfall,Medium,Solid Waste Management
Cracks in public building in ward 3 after heavy rainfall,Low,Engineering Department
Contaminated drinking water near school since last week,Low,Water Supply Department
Stray dog nuisance near junction repeatedly reported,Low,Health Department
Sewage overflow near apartment complex during night hours,High,Health Department
Exposed electric wire in ward 3 since last week,High,Electrical Department
Improper waste disposal reported by residents for more than a week,High,Health Department
Bus stop without seating in ward 4 for more than a week,Low,Public Transport Department
Property tax not assessed in ward 1 during night hours,Low,Revenue Department
Dead animal not removed in ward 4 during night hours,Medium,Health Department
Stray dog nuisance near residential area for the past few days,Low,Health Department
No water supply in ward 2 for the past few days,Low,Water Supply Department
Burning of waste in open area in ward 4 repeatedly reported,High,Solid Waste Management
Incorrect property classification near bus stop repeatedly reported,High,Revenue Department
Unsafe building structure in ward 3 after heavy rainfall,High,Engineering Department
Exposed electric wire near main road during night hours,High,Electrical Department
Contaminated drinking water near bus stop for the past few days,Low,Water Supply Department
Burning of waste in open area near apartment complex frequently occurring,High,Solid Waste Management
Bus shelter damaged near bus stop for more than a week,Low,Public Transport Department
Vacant land tax issue reported by residents during night hours,Low,Revenue Department
Lack of drinking water in park in ward 2 repeatedly reported,Medium,Parks and Recreation Department
Lack of drinking water in park causing public inconvenience frequently occurring,Low,Parks and Recreation Department
Improper waste disposal near market repeatedly reported,High,Health Department
Low water pressure causing public inconvenience repeatedly reported,High,Water Supply Department
Incorrect tax arrears near junction for more than a week,Medium,Revenue Department
Mutation delayed near apartment complex for more than a week,Medium,Revenue Department
Storm water drain blocked near hospital since last week,High,Engineering Department
Garbage bin overflow causing public inconvenience since last week,Medium,Solid Waste Management
Waste segregation not followed near hospital frequently occurring,Low,Solid Waste Management
Low water pressure in ward 4 repeatedly reported,Low,Water Supply Department
Water pipeline leakage near market repeatedly reported,Medium,Water Supply Department
Water pipeline leakage near school for more than a week,High,Water Supply Department
Encroachment on public land near bus stop repeatedly reported,Low,Town Planning Department
Waste segregation not followed reported by residents during night hours,High,Solid Waste Management
Damaged drainage system near park since last week,Medium,Engineering Department
Exposed electric wire near residential area for the past few days,Low,Electrical Department
Garbage not collected near bus stop during night hours,Medium,Health Department
Sewage overflow in ward 4 for more than a week,Medium,Health Department
Waste segregation not followed in ward 3 after heavy rainfall,Medium,Solid Waste Management
Exposed electric wire causing public inconvenience during night hours,Medium,Electrical Department
Waste segregation not followed near school for the past few days,High,Solid Waste Management
Unauthorized land use reported by residents during night hours,Low,Town Planning Department
Water valve damaged in ward 2 for the past few days,Medium,Water Supply Department
Ownership change not updated in ward 2 since last week,Medium,Revenue Department
Burning of waste in open area in ward 3 since last week,Low,Solid Waste Management
Dead animal not removed near main road for the past few days,Medium,Health Department
Vacant land tax issue near hospital for more than a week,High,Revenue Department
Low water pressure near apartment complex repeatedly reported,Low,Water Supply Department
Broken play equipment in park in ward 2 for the past few days,Medium,Parks and Recreation Department
Illegal parking near bus stop in ward 1 repeatedly reported,Low,Public Transport Department
Mosquito breeding reported by residents during night hours,High,Health Department
Damaged drainage system near market during night hours,Low,Engineering Department
Error in ownership certificate near apartment complex since last week,Medium,Revenue Department
Road repair delayed near school since last week,High,Engineering Department
Waste segregation not followed near junction repeatedly reported,High,Solid Waste Management
Bus stop without seating causing public inconvenience for more than a week,High,Public Transport Department
Blocked drain in commercial area since last week,High,Health Department
Illegal parking near bus stop near residential area for more than a week,Low,Public Transport Department
Frequent power failure in ward 4 after heavy rainfall,Low,Electrical Department
Improper waste disposal near main road frequently occurring,Low,Health Department
Illegal construction in ward 1 after heavy rainfall,High,Engineering Department
No water supply in ward 4 for more than a week,High,Water Supply Department
Open dumping of waste near school repeatedly reported,High,Health Department
Cracks in public building in ward 2 for more than a week,Low,Engineering Department
Waste segregation not followed near market frequently occurring,Medium,Solid Waste Management
Plastic waste accumulation causing public inconvenience for more than a week,Medium,Solid Waste Management
Burning of waste in open area reported by residents after heavy rainfall,High,Solid Waste Management
Exposed electric wire near park frequently occurring,Low,Electrical Department
Potholes on road near residential area frequently occurring,High,Engineering Department
Public toilet not cleaned near park during night hours,Low,Health Department
Sewage overflow near park during night hours,High,Health Department
Waste collection vehicle not arriving near hospital after heavy rainfall,High,Solid Waste Management
Building number not assigned near market for the past few days,High,Engineering Department
Building number not assigned in commercial area since last week,Medium,Engineering Department
Unsafe building structure in ward 3 since last week,High,Engineering Department
Exposed electric wire near residential area since last week,High,Electrical Department
Damaged drainage system in commercial area since last week,Low,Engineering Department
Damaged drainage system near junction for the past few days,High,Engineering Department
Error in ownership certificate in ward 1 repeatedly reported,High,Revenue Department
Unsafe building structure causing public inconvenience during night hours,High,Engineering Department
Blocked drain near hospital frequently occurring,Low,Health Department
Incorrect tax arrears in ward 2 frequently occurring,High,Revenue Department
Water valve damaged near school repeatedly reported,High,Water Supply Department
Waste collection vehicle not arriving in ward 1 for the past few days,High,Solid Waste Management
Error in ownership certificate near main road for more than a week,Low,Revenue Department
Road repair delayed reported by residents during night hours,Medium,Engineering Department
Public park not maintained near market repeatedly reported,Low,Parks and Recreation Department
Water pipeline leakage near residential area for the past few days,High,Water Supply Department
Street light not working near park for the past few days,Low,Electrical Department
Waste collection vehicle not arriving in ward 2 during night hours,Low,Solid Waste Management
Incorrect property classification near hospital after heavy rainfall,High,Revenue Department
Potholes on road reported by residents since last week,Low,Engineering Department
Error in ownership certificate in ward 2 since last week,Low,Revenue Department
Stray dog nuisance near market during night hours,Medium,Health Department
Stray dog nuisance in ward 4 for the past few days,Medium,Health Department
Sewage overflow near market for more than a week,Medium,Health Department
Poor condition of bus shelter roof near main road for more than a week,Low,Public Transport Department
Error in ownership certificate in commercial area after heavy rainfall,High,Revenue Department
Illegal parking near bus stop near residential area during night hours,Medium,Public Transport Department
Public park not maintained near residential area frequently occurring,High,Parks and Recreation Department
Duplicate tax demand reported by residents for the past few days,Medium,Revenue Department
Frequent power failure causing public inconvenience frequently occurring,Low,Electrical Department
Bus shelter damaged near hospital for more than a week,Low,Public Transport Department
Duplicate tax demand in ward 4 for the past few days,High,Revenue Department
Mutation delayed in ward 1 after heavy rainfall,Low,Revenue Department
Broken footpath near market for the past few days,Low,Engineering Department
Sewage overflow in commercial area frequently occurring,Low,Health Department
Vacant land tax issue near residential area for more than a week,Medium,Revenue Department
Exposed electric wire near hospital repeatedly reported,High,Electrical Department
Wrong property tax amount near junction for more than a week,Low,Revenue Department
Public park not maintained in ward 3 for more than a week,Low,Parks and Recreation Department
Plastic waste accumulation in ward 4 for the past few days,Medium,Solid Waste Management
Food waste causing foul smell in ward 4 frequently occurring,Low,Health Department
Ownership change not updated near apartment complex for more than a week,Medium,Revenue Department
Bus shelter damaged near apartment complex frequently occurring,Low,Public Transport Department
Electric pole damaged near junction for the past few days,Medium,Electrical Department
Broken footpath near bus stop frequently occurring,Medium,Engineering Department
Exposed electric wire in ward 3 since last week,Medium,Electrical Department
Storm water drain blocked near hospital frequently occurring,Medium,Engineering Department
Damaged drainage system near apartment complex since last week,Low,Engineering Department
Unsafe building structure near school for the past few days,Low,Engineering Department
Property tax not assessed near park repeatedly reported,Low,Revenue Department
Incorrect tax arrears in ward 4 repeatedly reported,High,Revenue Department
Dead animal not removed near school for the past few days,Low,Health Department
No water supply near apartment complex during night hours,Medium,Water Supply Department
Food waste causing foul smell near bus stop during night hours,Low,Health Department
Waste collection vehicle not arriving near apartment complex after heavy rainfall,Low,Solid Waste Management
Garbage bin overflow near main road frequently occurring,Medium,Solid Waste Management
Bus route information missing in ward 3 frequently occurring,High,Public Transport Department
Garbage not collected in ward 4 frequently occurring,Low,Health Department
Damaged drainage system near school frequently occurring,Low,Engineering Department
Exposed electric wire near bus stop for the past few days,Medium,Electrical Department
Unauthorized land use near park since last week,Medium,Town Planning Department
Mutation delayed near bus stop repeatedly reported,Low,Revenue Department
Incorrect tax arrears near residential area after heavy rainfall,Low,Revenue Department
Unauthorized land use near apartment complex after heavy rainfall,High,Town Planning Department
Road repair delayed near park for more than a week,High,Engineering Department
Layout approval pending causing public inconvenience after heavy rainfall,High,Town Planning Department
Illegal parking near bus stop near junction after heavy rainfall,Medium,Public Transport Department
Layout approval pending near junction during night hours,High,Town Planning Department
Building number not assigned near apartment complex after heavy rainfall,Medium,Engineering Department
Electric pole damaged reported by residents repeatedly reported,Medium,Electrical Department
Culvert damaged near apartment complex repeatedly reported,Low,Engineering Department
Property tax not assessed in ward 1 after heavy rainfall,High,Revenue Department
Bus shelter damaged in ward 1 after heavy rainfall,Medium,Public Transport Department
Property tax not assessed in ward 4 during night hours,Low,Revenue Department
Layout approval pending near bus stop for more than a week,High,Town Planning Department
Duplicate tax demand reported by residents during night hours,High,Revenue Department
Public toilet not cleaned near bus stop repeatedly reported,Low,Health Department
Improper waste disposal causing public inconvenience since last week,High,Health Department
Cracks in public building in ward 4 for the past few days,High,Engineering Department
Ownership change not updated near bus stop since last week,Medium,Revenue Department
Plastic waste accumulation in ward 1 since last week,High,Solid Waste Management
Road repair delayed near residential area after heavy rainfall,High,Engineering Department
Public toilet not cleaned in ward 4 after heavy rainfall,Medium,Health Department
Frequent power failure near park after heavy rainfall,Medium,Electrical Department
Open dumping of waste near market after heavy rainfall,Medium,Health Department
Incorrect tax arrears near school during night hours,Low,Revenue Department
Water pipeline leakage near park frequently occurring,Low,Water Supply Department
Dead animal not removed in ward 1 since last week,High,Health Department
Property tax not assessed near junction since last week,Medium,Revenue Department
Blocked drain in ward 1 during night hours,Medium,Health Department
Overgrown bushes in park near school after heavy rainfall,Low,Parks and Recreation Department
No water supply causing public inconvenience frequently occurring,Low,Water Supply Department
Public park not maintained reported by residents for more than a week,Medium,Parks and Recreation Department
Food waste causing foul smell near park during night hours,Low,Health Department
Open dumping of waste in ward 4 for more than a week,High,Health Department
Loose street light connection near hospital since last week,High,Electrical Department
Ownership change not updated in ward 2 for the past few days,Medium,Revenue Department
Blocked drain in ward 1 after heavy rainfall,High,Health Department
Damaged drainage system in ward 2 repeatedly reported,Low,Engineering Department
Storm water drain blocked near junction during night hours,Low,Engineering Department
Storm water drain blocked near junction for more than a week,Low,Engineering Department
Sewage overflow near hospital during night hours,High,Health Department
Unauthorized land use near junction for the past few days,Medium,Town Planning Department
Duplicate tax demand in ward 1 for more than a week,Medium,Revenue Department
Electric pole damaged in ward 4 for more than a week,High,Electrical Department
Broken footpath in ward 4 during night hours,High,Engineering Department
Door number mismatch in ward 4 for more than a week,High,Revenue Department
Wrong property tax amount in commercial area repeatedly reported,Medium,Revenue Department
Contaminated drinking water near park during night hours,Low,Water Supply Department
Open dumping of waste near market for the past few days,High,Health Department
Door number mismatch near market since last week,Low,Revenue Department
Lack of drinking water in park near apartment complex for more than a week,Medium,Parks and Recreation Department
Contaminated drinking water near apartment complex for more than a week,Low,Water Supply Department
Mosquito breeding in ward 1 during night hours,Low,Health Department
Ownership change not updated near main road for more than a week,High,Revenue Department
Water valve damaged in ward 4 for more than a week,High,Water Supply Department
Burning of waste in open area near hospital for more than a week,High,Solid Waste Management
Bus stop without seating near junction after heavy rainfall,Medium,Public Transport Department
Public toilet not cleaned near residential area for more than a week,Low,Health Department
Culvert damaged causing public inconvenience repeatedly reported,Low,Engineering Department
Zoning regulation violation near hospital for the past few days,Medium,Town Planning Department
Lack of drinking water in park in commercial area frequently occurring,High,Parks and Recreation Department
Public park not maintained in ward 2 during night hours,Medium,Parks and Recreation Department
Vacant land tax issue near park repeatedly reported,High,Revenue Department
Sewage overflow in ward 1 after heavy rainfall,Medium,Health Department
Waste collection vehicle not arriving in ward 1 repeatedly reported,Low,Solid Waste Management
Overgrown bushes in park near park after heavy rainfall,High,Parks and Recreation Department
Bus shelter damaged near bus stop for more than a week,High,Public Transport Department
Burning of waste in open area in ward 2 repeatedly reported,High,Solid Waste Management
Wrong property tax amount reported by residents frequently occurring,Medium,Revenue Department
Public toilet not cleaned near main road for the past few days,Low,Health Department
Garbage not collected near main road since last week,High,Health Department
Storm water drain blocked near residential area during night hours,Medium,Engineering Department
Wrong property tax amount near school after heavy rainfall,High,Revenue Department
Food waste causing foul smell near park since last week,High,Health Department
Bus route information missing near park during night hours,Medium,Public Transport Department
Layout approval pending near bus stop repeatedly reported,High,Town Planning Department
Stray dog nuisance causing public inconvenience during night hours,High,Health Department
Culvert damaged reported by residents during night hours,Low,Engineering Department
Food waste causing foul smell near school since last week,Medium,Health Department
Improper waste disposal near residential area frequently occurring,High,Health Department
Water pipeline leakage in ward 4 after heavy rainfall,Medium,Water Supply Department
Duplicate tax demand near main road frequently occurring,High,Revenue Department
Culvert damaged in ward 1 repeatedly reported,Medium,Engineering Department
Vacant land tax issue in ward 1 frequently occurring,Low,Revenue Department
Unsafe building structure near apartment complex since last week,Medium,Engineering Department
Water valve damaged in ward 2 repeatedly reported,High,Water Supply Department
Public toilet not cleaned near school since last week,Low,Health Department
Water pipeline leakage in ward 3 since last week,Low,Water Supply Department
Improper waste disposal in commercial area for more than a week,High,Health Department
Contaminated drinking water near bus stop since last week,Low,Water Supply Department
Illegal construction near junction repeatedly reported,High,Engineering Department
Duplicate tax demand in ward 1 for the past few days,Medium,Revenue Department
Property tax not assessed in commercial area for more than a week,High,Revenue Department
Damaged drainage system reported by residents for more than a week,High,Engineering Department
Cracks in public building causing public inconvenience after heavy rainfall,Low,Engineering Department
Illegal construction in ward 3 frequently occurring,Medium,Engineering Department
Street light not working near market repeatedly reported,High,Electrical Department
Mutation delayed near main road after heavy rainfall,High,Revenue Department
Plastic waste accumulation reported by residents since last week,Medium,Solid Waste Management
Building permit delayed causing public inconvenience after heavy rainfall,High,Town Planning Department
Vacant land tax issue near market since last week,High,Revenue Department
Mutation delayed in ward 2 for more than a week,High,Revenue Department
Culvert damaged near apartment complex for more than a week,Medium,Engineering Department
Improper waste disposal near apartment complex repeatedly reported,Low,Health Department
Water pipeline leakage near hospital during night hours,Medium,Water Supply Department
Wrong property tax amount near main road after heavy rainfall,High,Revenue Department
Water pipeline leakage near park for the past few days,Low,Water Supply Department
Contaminated drinking water in commercial area after heavy rainfall,Medium,Water Supply Department
Incorrect property classification near main road during night hours,Medium,Revenue Department
Potholes on road reported by residents after heavy rainfall,Low,Engineering Department
Stray dog nuisance near bus stop for more than a week,Low,Health Department
Illegal construction near market after heavy rainfall,Medium,Engineering Department
Incorrect property classification near main road frequently occurring,Low,Revenue Department
Park lights not working in ward 3 after heavy rainfall,Medium,Parks and Recreation Department
Garbage bin overflow near park during night hours,Medium,Solid Waste Management
Building permit delayed in ward 2 repeatedly reported,Low,Town Planning Department
Broken play equipment in park reported by residents frequently occurring,High,Parks and Recreation Department
Damaged drainage system near hospital since last week,High,Engineering Department
Door number mismatch near junction for the past few days,Medium,Revenue Department
Open dumping of waste near main road repeatedly reported,Medium,Health Department
Door number mismatch near main road after heavy rainfall,High,Revenue Department
Dead animal not removed near market after heavy rainfall,Medium,Health Department
Bus stop without seating near residential area for the past few days,Low,Public Transport Department
Mutation delayed causing public inconvenience since last week,Low,Revenue Department
Contaminated drinking water near park since last week,High,Water Supply Department
Error in ownership certificate near hospital since last week,High,Revenue Department
Incorrect property classification near bus stop since last week,High,Revenue Department
Water valve damaged in ward 3 frequently occurring,High,Water Supply Department
Culvert damaged near market after heavy rainfall,Medium,Engineering Department
Blocked drain near market for more than a week,Medium,Health Department
Bus shelter damaged near main road after heavy rainfall,High,Public Transport Department
Broken footpath reported by residents during night hours,Low,Engineering Department
Lack of drinking water in park near park repeatedly reported,Low,Parks and Recreation Department
Road repair delayed in ward 2 for more than a week,High,Engineering Department
Electric pole damaged near hospital after heavy rainfall,Medium,Electrical Department
Water valve damaged near hospital repeatedly reported,High,Water Supply Department
Loose street light connection near residential area frequently occurring,High,Electrical Department
Potholes on road near main road for more than a week,High,Engineering Department
Road repair delayed near apartment complex repeatedly reported,Medium,Engineering Department
Illegal parking near bus stop near park during night hours,Medium,Public Transport Department
Garbage bin overflow causing public inconvenience since last week,Low,Solid Waste Management
Public park not maintained near market for more than a week,High,Parks and Recreation Department
Waste collection vehicle not arriving in ward 1 for more than a week,High,Solid Waste Management
Waste collection vehicle not arriving near bus stop for the past few days,High,Solid Waste Management
Improper waste disposal near main road repeatedly reported,Low,Health Department
Illegal construction reported by residents after heavy rainfall,Low,Engineering Department
Incorrect tax arrears in ward 1 repeatedly reported,Low,Revenue Department
Incorrect property classification near apartment complex frequently occurring,Low,Revenue Department
Low water pressure near market during night hours,High,Water Supply Department
Illegal construction near market after heavy rainfall,High,Engineering Department
Wrong property tax amount near main road repeatedly reported,Low,Revenue Department
Property tax not assessed near school since last week,Medium,Revenue Department
Overgrown bushes in park near park for the past few days,Low,Parks and Recreation Department
Stray dog nuisance near bus stop frequently occurring,Medium,Health Department
Water pipeline leakage near main road for the past few days,Medium,Water Supply Department
Frequent power failure near school after heavy rainfall,Low,Electrical Department
Poor condition of bus shelter roof in ward 1 after heavy rainfall,High,Public Transport Department
Building permit delayed near hospital for the past few days,High,Town Planning Department
Loose street light connection in ward 2 for the past few days,Medium,Electrical Department
Loose street light connection near residential area repeatedly reported,Medium,Electrical Department
Ownership change not updated reported by residents for more than a week,High,Revenue Department
Culvert damaged causing public inconvenience since last week,High,Engineering Department
Incorrect tax arrears in ward 3 after heavy rainfall,High,Revenue Department
Contaminated drinking water in ward 4 since last week,Low,Water Supply Department
Bus shelter damaged near main road frequently occurring,Medium,Public Transport Department
Property tax not assessed near school for the past few days,Medium,Revenue Department
Ownership change not updated near park for the past few days,Low,Revenue Department
Ownership change not updated in commercial area for the past few days,Low,Revenue Department
Error in ownership certificate in ward 3 frequently occurring,High,Revenue Department
Storm water drain blocked near residential area after heavy rainfall,High,Engineering Department
Unsafe building structure in ward 3 for the past few days,Low,Engineering Department
Frequent power failure near school repeatedly reported,High,Electrical Department
Improper waste disposal in ward 1 after heavy rainfall,Medium,Health Department
Wrong property tax amount near residential area for the past few days,High,Revenue Department
Poor condition of bus shelter roof reported by residents for the past few days,Medium,Public Transport Department
Error in ownership certificate causing public inconvenience repeatedly reported,Low,Revenue Department
Vacant land tax issue near school repeatedly reported,High,Revenue Department
Road repair delayed causing public inconvenience since last week,Low,Engineering Department
Cracks in public building near school after heavy rainfall,Medium,Engineering Department
Exposed electric wire near park repeatedly reported,Medium,Electrical Department
Bus shelter damaged in ward 1 since last week,High,Public Transport Department
Food waste causing foul smell in commercial area since last week,High,Health Department
Poor condition of bus shelter roof near hospital for the past few days,High,Public Transport Department
Loose street light connection in commercial area repeatedly reported,High,Electrical Department
Building number not assigned in ward 1 for the past few days,Medium,Engineering Department
Park lights not working near bus stop frequently occurring,Low,Parks and Recreation Department
Bus stop without seating reported by residents for more than a week,Medium,Public Transport Department
No water supply near hospital for more than a week,Medium,Water Supply Department
Public toilet not cleaned near bus stop during night hours,Low,Health Department
Cracks in public building near residential area during night hours,Medium,Engineering Department
Dead animal not removed in commercial area for more than a week,Low,Health Department
Mosquito breeding near school after heavy rainfall,Medium,Health Department
Wrong property tax amount near bus stop repeatedly reported,High,Revenue Department
Exposed electric wire causing public inconvenience after heavy rainfall,High,Electrical Department
Wrong property tax amount in commercial area since last week,Low,Revenue Department
Garbage not collected near junction for more than a week,High,Health Department
Vacant land tax issue causing public inconvenience during night hours,Medium,Revenue Department
Food waste causing foul smell near junction repeatedly reported,Low,Health Department
Sewage overflow in ward 4 repeatedly reported,High,Health Department
Park lights not working near market for more than a week,Low,Parks and Recreation Department
Water valve damaged reported by residents frequently occurring,Medium,Water Supply Department
Street light not working in ward 2 for more than a week,Medium,Electrical Department
Duplicate tax demand in ward 4 since last week,Low,Revenue Department
Bus shelter damaged near market repeatedly reported,Low,Public Transport Department
Door number mismatch near main road repeatedly reported,High,Revenue Department
Property tax not assessed near school since last week,High,Revenue Department
Illegal parking near bus stop in ward 3 during night hours,Low,Public Transport Department
Building number not assigned reported by residents for more than a week,Low,Engineering Department
Waste segregation not followed near park for more than a week,Low,Solid Waste Management
Exposed electric wire near school after heavy rainfall,High,Electrical Department
Improper waste disposal in ward 3 frequently occurring,High,Health Department
Loose street light connection near bus stop after heavy rainfall,Medium,Electrical Department
Damaged drainage system in ward 3 during night hours,Medium,Engineering Department
Contaminated drinking water near market during night hours,Medium,Water Supply Department
Incorrect property classification near bus stop during night hours,Medium,Revenue Department
Waste collection vehicle not arriving near park during night hours,Medium,Solid Waste Management
Exposed electric wire near park for more than a week,Low,Electrical Department
Duplicate tax demand causing public inconvenience during night hours,Low,Revenue Department
Building permit delayed near residential area for the past few days,Medium,Town Planning Department
Street light not working in ward 3 since last week,Low,Electrical Department
Wrong property tax amount in ward 3 for more than a week,High,Revenue Department
Water pipeline leakage causing public inconvenience for the past few days,Medium,Water Supply Department
Garbage bin overflow in ward 3 since last week,Low,Solid Waste Management
Ownership change not updated in ward 1 since last week,Medium,Revenue Department
Illegal parking near bus stop near hospital after heavy rainfall,Low,Public Transport Department
Incorrect property classification in ward 1 since last week,Medium,Revenue Department
Electric pole damaged near hospital for the past few days,Medium,Electrical Department
Plastic waste accumulation near school after heavy rainfall,High,Solid Waste Management
Overgrown bushes in park in commercial area for more than a week,Medium,Parks and Recreation Department
Loose street light connection near apartment complex after heavy rainfall,Medium,Electrical Department
Mutation delayed near junction since last week,High,Revenue Department
Potholes on road in ward 1 since last week,Low,Engineering Department
Burning of waste in open area near apartment complex since last week,Medium,Solid Waste Management
Electric pole damaged near apartment complex during night hours,Low,Electrical Department
Broken footpath near market since last week,Low,Engineering Department
Water pipeline leakage in ward 2 repeatedly reported,Medium,Water Supply Department
Garbage not collected in ward 1 for more than a week,Low,Health Department
Property tax not assessed reported by residents for more than a week,High,Revenue Department
Poor condition of bus shelter roof in ward 4 since last week,Medium,Public Transport Department
Encroachment on public land near junction for the past few days,Medium,Town Planning Department
Door number mismatch near park after heavy rainfall,High,Revenue Department
Error in ownership certificate causing public inconvenience for the past few days,Low,Revenue Department
Improper waste disposal in ward 1 frequently occurring,Low,Health Department
Stray dog nuisance near school frequently occurring,Medium,Health Department
Building number not assigned near park after heavy rainfall,High,Engineering Department
Road repair delayed near park since last week,Low,Engineering Department
Potholes on road near market during night hours,High,Engineering Department
Error in ownership certificate reported by residents during night hours,Medium,Revenue Department
Vacant land tax issue reported by residents for more than a week,Medium,Revenue Department
Culvert damaged near residential area for more than a week,High,Engineering Department
Unauthorized land use near school since last week,High,Town Planning Department
Food waste causing foul smell reported by residents during night hours,High,Health Department
Open dumping of waste in commercial area frequently occurring,Medium,Health Department
Blocked drain in ward 2 for the past few days,Low,Health Department
Building number not assigned reported by residents frequently occurring,Medium,Engineering Department
Open dumping of waste in ward 2 repeatedly reported,Low,Health Department
Error in ownership certificate causing public inconvenience for more than a week,High,Revenue Department
Burning of waste in open area in ward 1 during night hours,High,Solid Waste Management
Water valve damaged near bus stop for the past few days,High,Water Supply Department
Low water pressure near residential area since last week,High,Water Supply Department
Cracks in public building near hospital for more than a week,High,Engineering Department
Improper waste disposal in ward 2 during night hours,High,Health Department
Low water pressure near apartment complex for the past few days,Medium,Water Supply Department
Public toilet not cleaned near park since last week,Medium,Health Department
Water pipeline leakage reported by residents during night hours,Low,Water Supply Department
Waste collection vehicle not arriving near park for the past few days,Low,Solid Waste Management
Sewage overflow in ward 1 repeatedly reported,High,Health Department
Building permit delayed causing public inconvenience for the past few days,Low,Town Planning Department
Wrong property tax amount near market since last week,High,Revenue Department
Unsafe building structure in commercial area repeatedly reported,Medium,Engineering Department
Loose street light connection in commercial area since last week,Medium,Electrical Department
Plastic waste accumulation reported by residents for more than a week,Medium,Solid Waste Management
Overgrown bushes in park near residential area for more than a week,Medium,Parks and Recreation Department
Low water pressure causing public inconvenience for more than a week,High,Water Supply Department
Waste segregation not followed near hospital during night hours,Low,Solid Waste Management
Broken footpath near bus stop after heavy rainfall,Medium,Engineering Department
Open dumping of waste near hospital for the past few days,Medium,Health Department
Electric pole damaged near bus stop frequently occurring,High,Electrical Department
Sewage overflow near market for the past few days,Medium,Health Department
Wrong property tax amount in ward 3 for the past few days,Medium,Revenue Department
Burning of waste in open area near market frequently occurring,High,Solid Waste Management
Bus shelter damaged reported by residents during night hours,Low,Public Transport Department
Ownership change not updated in ward 4 since last week,Low,Revenue Department
Sewage overflow causing public inconvenience after heavy rainfall,High,Health Department
Mutation delayed near main road since last week,High,Revenue Department
Burning of waste in open area near apartment complex since last week,Low,Solid Waste Management
Unauthorized land use in ward 2 during night hours,High,Town Planning Department
Loose street light connection causing public inconvenience frequently occurring,High,Electrical Department
Door number mismatch in ward 4 for the past few days,High,Revenue Department
Street light not working causing public inconvenience since last week,Medium,Electrical Department
Error in ownership certificate in ward 3 after heavy rainfall,Low,Revenue Department
Unsafe building structure near junction since last week,Low,Engineering Department
Exposed electric wire near residential area since last week,Low,Electrical Department
Contaminated drinking water in ward 1 during night hours,Low,Water Supply Department
Wrong property tax amount near apartment complex for more than a week,Low,Revenue Department
Error in ownership certificate near apartment complex for the past few days,High,Revenue Department
Poor condition of bus shelter roof near park frequently occurring,High,Public Transport Department
Food waste causing foul smell in commercial area repeatedly reported,High,Health Department
Stray dog nuisance near main road since last week,High,Health Department
Road repair delayed near bus stop repeatedly reported,Low,Engineering Department
Garbage bin overflow near hospital repeatedly reported,Medium,Solid Waste Management
Bus route information missing near hospital for the past few days,Medium,Public Transport Department
Ownership change not updated near apartment complex frequently occurring,High,Revenue Department
Bus shelter damaged in ward 4 for more than a week,High,Public Transport Department
Stray dog nuisance causing public inconvenience after heavy rainfall,Medium,Health Department
Culvert damaged in ward 3 frequently occurring,High,Engineering Department
Water pipeline leakage in ward 4 frequently occurring,High,Water Supply Department
Blocked drain causing public inconvenience for more than a week,Medium,Health Department
Layout approval pending near residential area repeatedly reported,Medium,Town Planning Department
Road repair delayed in ward 1 after heavy rainfall,Medium,Engineering Department
Mutation delayed near school for the past few days,Medium,Revenue Department
Blocked drain in ward 3 for the past few days,High,Health Department
Stray dog nuisance reported by residents for more than a week,Medium,Health Department
No water supply near apartment complex frequently occurring,Low,Water Supply Department
Vacant land tax issue in ward 1 for more than a week,Medium,Revenue Department
Cracks in public building near residential area frequently occurring,Low,Engineering Department
Street light not working near hospital for more than a week,Medium,Electrical Department
Vacant land tax issue near junction since last week,Medium,Revenue Department
Burning of waste in open area in ward 1 for the past few days,High,Solid Waste Management
Culvert damaged near residential area since last week,High,Engineering Department
Improper waste disposal near apartment complex frequently occurring,Low,Health Department
Waste collection vehicle not arriving near park for the past few days,High,Solid Waste Management
Park lights not working in ward 4 frequently occurring,Medium,Parks and Recreation Department
Water pipeline leakage near bus stop since last week,Medium,Water Supply Department
Sewage overflow in commercial area for the past few days,Low,Health Department
Blocked drain near bus stop frequently occurring,High,Health Department
Contaminated drinking water in ward 4 frequently occurring,Medium,Water Supply Department
Street light not working near park for the past few days,Medium,Electrical Department
Broken footpath in commercial area since last week,High,Engineering Department
Storm water drain blocked near apartment complex since last week,High,Engineering Department
Bus route information missing in ward 4 repeatedly reported,Medium,Public Transport Department
Overgrown bushes in park near bus stop repeatedly reported,Medium,Parks and Recreation Department
Water valve damaged in commercial area for more than a week,Low,Water Supply Department
Vacant land tax issue near residential area frequently occurring,High,Revenue Department
Building number not assigned in ward 3 after heavy rainfall,Low,Engineering Department
Dead animal not removed near junction since last week,Medium,Health Department
Overgrown bushes in park near residential area since last week,Medium,Parks and Recreation Department
Garbage bin overflow reported by residents for the past few days,Low,Solid Waste Management
Incorrect tax arrears in ward 1 for the past few days,Medium,Revenue Department
Storm water drain blocked near market for more than a week,Low,Engineering Department
Overgrown bushes in park in ward 4 frequently occurring,High,Parks and Recreation Department
Property tax not assessed near park for the past few days,High,Revenue Department
Waste collection vehicle not arriving near main road after heavy rainfall,High,Solid Waste Management
Electric pole damaged near market repeatedly reported,High,Electrical Department
Dead animal not removed in ward 1 repeatedly reported,High,Health Department
Low water pressure reported by residents during night hours,Low,Water Supply Department
Incorrect tax arrears near park for more than a week,Low,Revenue Department
Storm water drain blocked near junction for more than a week,High,Engineering Department
Unsafe building structure in ward 1 for the past few days,High,Engineering Department
Water valve damaged reported by residents repeatedly reported,Medium,Water Supply Department
Water valve damaged near school for the past few days,Low,Water Supply Department
Broken footpath near bus stop for the past few days,Low,Engineering Department
Unsafe building structure in ward 3 frequently occurring,Medium,Engineering Department
Illegal parking near bus stop near residential area after heavy rainfall,Low,Public Transport Department
Garbage not collected in ward 3 during night hours,Medium,Health Department
Cracks in public building near market repeatedly reported,Low,Engineering Department
Unauthorized land use near school for the past few days,Low,Town Planning Department
Building number not assigned near hospital repeatedly reported,High,Engineering Department
Illegal construction near bus stop frequently occurring,High,Engineering Department
Waste segregation not followed near residential area after heavy rainfall,High,Solid Waste Management
Burning of waste in open area near main road for more than a week,Medium,Solid Waste Management
Mutation delayed in ward 4 for more than a week,Low,Revenue Department
Contaminated drinking water in ward 4 for the past few days,High,Water Supply Department
Error in ownership certificate in commercial area for the past few days,High,Revenue Department
Improper waste disposal near school repeatedly reported,Medium,Health Department
Garbage bin overflow near school frequently occurring,High,Solid Waste Management
Property tax not assessed in ward 4 frequently occurring,Low,Revenue Department
Burning of waste in open area near apartment complex after heavy rainfall,High,Solid Waste Management
Duplicate tax demand near market repeatedly reported,Low,Revenue Department
Open dumping of waste near bus stop repeatedly reported,Low,Health Department
Sewage overflow near main road for more than a week,High,Health Department
Contaminated drinking water near hospital for the past few days,High,Water Supply Department
Sewage overflow near bus stop for more than a week,Medium,Health Department
Broken footpath near park since last week,Low,Engineering Department
Damaged drainage system near school repeatedly reported,Low,Engineering Department
Vacant land tax issue near main road for the past few days,Low,Revenue Department
Incorrect property classification in ward 1 for more than a week,High,Revenue Department
Waste collection vehicle not arriving near bus stop repeatedly reported,High,Solid Waste Management
Mosquito breeding causing public inconvenience during night hours,Low,Health Department
Duplicate tax demand causing public inconvenience for the past few days,High,Revenue Department
Cracks in public building in ward 3 frequently occurring,High,Engineering Department
Vacant land tax issue near market frequently occurring,Low,Revenue Department
Vacant land tax issue in ward 1 during night hours,Medium,Revenue Department
Door number mismatch near apartment complex frequently occurring,Medium,Revenue Department
Wrong property tax amount near bus stop after heavy rainfall,High,Revenue Department
Building permit delayed near residential area repeatedly reported,Medium,Town Planning Department
Road repair delayed reported by residents after heavy rainfall,Low,Engineering Department
Low water pressure in ward 4 since last week,High,Water Supply Department
Sewage overflow near residential area since last week,Medium,Health Department
Waste collection vehicle not arriving near hospital for more than a week,Medium,Solid Waste Management
Poor condition of bus shelter roof near market during night hours,High,Public Transport Department
Storm water drain blocked near school frequently occurring,Medium,Engineering Department
Incorrect property classification in commercial area for the past few days,Low,Revenue Department
Street light not working in ward 4 since last week,Low,Electrical Department
Blocked drain near market during night hours,Medium,Health Department
Lack of drinking water in park near hospital after heavy rainfall,High,Parks and Recreation Department
Low water pressure near market for the past few days,Medium,Water Supply Department
Damaged drainage system near junction repeatedly reported,High,Engineering Department
Overgrown bushes in park in ward 1 during night hours,Low,Parks and Recreation Department
Food waste causing foul smell near residential area after heavy rainfall,High,Health Department
Loose street light connection in ward 1 repeatedly reported,High,Electrical Department
Overgrown bushes in park near main road after heavy rainfall,High,Parks and Recreation Department
Wrong property tax amount in ward 2 for more than a week,Medium,Revenue Department
Road repair delayed near hospital repeatedly reported,Medium,Engineering Department
Garbage bin overflow in ward 4 since last week,Low,Solid Waste Management
Garbage not collected near main road for the past few days,Low,Health Department
Contaminated drinking water reported by residents after heavy rainfall,High,Water Supply Department
Bus shelter damaged reported by residents repeatedly reported,Low,Public Transport Department
Bus route information missing reported by residents for more than a week,Medium,Public Transport Department
Dead animal not removed in ward 4 repeatedly reported,Low,Health Department
Park lights not working near hospital during night hours,Medium,Parks and Recreation Department
Bus route information missing near main road since last week,High,Public Transport Department
Public toilet not cleaned near park for more than a week,High,Health Department
Electric pole damaged in ward 3 after heavy rainfall,Low,Electrical Department
Ownership change not updated reported by residents repeatedly reported,Medium,Revenue Department
Dead animal not removed causing public inconvenience frequently occurring,High,Health Department
Ownership change not updated in ward 2 for the past few days,High,Revenue Department
Vacant land tax issue causing public inconvenience repeatedly reported,Low,Revenue Department
Unsafe building structure in ward 4 repeatedly reported,Low,Engineering Department
Encroachment on public land near park repeatedly reported,Medium,Town Planning Department
Frequent power failure near apartment complex after heavy rainfall,High,Electrical Department
Burning of waste in open area in ward 4 during night hours,Medium,Solid Waste Management
Error in ownership certificate in ward 1 for more than a week,Low,Revenue Department
Illegal construction in ward 2 during night hours,Low,Engineering Department
Street light not working near school during night hours,Low,Electrical Department
Road repair delayed near residential area since last week,Low,Engineering Department
Vacant land tax issue near apartment complex for the past few days,Low,Revenue Department
Damaged drainage system in ward 3 repeatedly reported,High,Engineering Department
Duplicate tax demand reported by residents since last week,Low,Revenue Department
Storm water drain blocked near park repeatedly reported,Medium,Engineering Department
Low water pressure near residential area repeatedly reported,High,Water Supply Department
Property tax not assessed near market after heavy rainfall,Low,Revenue Department
Bus stop without seating near bus stop frequently occurring,High,Public Transport Department
Wrong property tax amount in ward 4 frequently occurring,High,Revenue Department
Water valve damaged near main road for more than a week,Low,Water Supply Department
Unauthorized land use near residential area for more than a week,Medium,Town Planning Department
Incorrect property classification near school after heavy rainfall,Medium,Revenue Department
Dead animal not removed near apartment complex for the past few days,High,Health Department
Food waste causing foul smell in ward 3 frequently occurring,High,Health Department
Duplicate tax demand near market for the past few days,Low,Revenue Department
No water supply near hospital since last week,Medium,Water Supply Department
Unsafe building structure near bus stop frequently occurring,Medium,Engineering Department
Water valve damaged in ward 3 since last week,High,Water Supply Department
No water supply in ward 2 after heavy rainfall,Low,Water Supply Department
Burning of waste in open area in ward 1 after heavy rainfall,High,Solid Waste Management
Property tax not assessed causing public inconvenience after heavy rainfall,High,Revenue Department
Mutation delayed in ward 3 since last week,High,Revenue Department
Electric pole damaged near residential area since last week,High,Electrical Department
Ownership change not updated near main road for the past few days,Low,Revenue Department
Door number mismatch in ward 3 for the past few days,Low,Revenue Department
Plastic waste accumulation near school frequently occurring,High,Solid Waste Management
Illegal construction in commercial area during night hours,Low,Engineering Department
Blocked drain in ward 4 for the past few days,High,Health Department
Mosquito breeding near junction since last week,Low,Health Department
Mosquito breeding near hospital after heavy rainfall,Medium,Health Department
Contaminated drinking water reported by residents since last week,Medium,Water Supply Department
Loose street light connection near market during night hours,Low,Electrical Department
Encroachment on public land in ward 3 repeatedly reported,Low,Town Planning Department
Sewage overflow in ward 2 during night hours,High,Health Department
Waste segregation not followed near park repeatedly reported,High,Solid Waste Management
Zoning regulation violation near market repeatedly reported,Low,Town Planning Department
Building number not assigned near residential area repeatedly reported,Medium,Engineering Department
Street light not working in ward 4 since last week,High,Electrical Department
Improper waste disposal near school for the past few days,Medium,Health Department
Wrong property tax amount in ward 3 since last week,High,Revenue Department
Ownership change not updated causing public inconvenience repeatedly reported,Medium,Revenue Department
Incorrect property classification in ward 2 frequently occurring,High,Revenue Department
Exposed electric wire causing public inconvenience since last week,High,Electrical Department
Improper waste disposal near bus stop frequently occurring,Medium,Health Department
Bus route information missing reported by residents since last week,Low,Public Transport Department
Road repair delayed in commercial area frequently occurring,Medium,Engineering Department
Broken footpath causing public inconvenience after heavy rainfall,High,Engineering Department
Incorrect tax arrears near junction since last week,Medium,Revenue Department
Potholes on road near bus stop frequently occurring,Low,Engineering Department
Damaged drainage system reported by residents for the past few days,Medium,Engineering Department
Broken play equipment in park near main road during night hours,High,Parks and Recreation Department
Broken footpath in ward 3 during night hours,Low,Engineering Department
Low water pressure in ward 4 during night hours,High,Water Supply Department
Mutation delayed near residential area after heavy rainfall,High,Revenue Department
Improper waste disposal in ward 4 during night hours,High,Health Department
Damaged drainage system near junction since last week,Low,Engineering Department
Food waste causing foul smell reported by residents frequently occurring,Medium,Health Department
Blocked drain in ward 3 since last week,High,Health Department
Food waste causing foul smell near junction for the past few days,Low,Health Department
Mutation delayed near market during night hours,Low,Revenue Department
Broken play equipment in park in ward 2 for the past few days,High,Parks and Recreation Department
Waste segregation not followed near junction repeatedly reported,Medium,Solid Waste Management
Open dumping of waste in ward 2 after heavy rainfall,Medium,Health Department
Blocked drain near residential area for more than a week,High,Health Department
Potholes on road in commercial area since last week,Medium,Engineering Department
Bus route information missing in ward 3 for more than a week,Medium,Public Transport Department
Door number mismatch in ward 4 for more than a week,Medium,Revenue Department
Frequent power failure near residential area since last week,Low,Electrical Department
Waste segregation not followed near main road for more than a week,Medium,Solid Waste Management
Wrong property tax amount near apartment complex repeatedly reported,High,Revenue Department
Incorrect tax arrears near school for the past few days,Low,Revenue Department
Sewage overflow near residential area for more than a week,Low,Health Department
Dead animal not removed in ward 3 repeatedly reported,Low,Health Department
Contaminated drinking water in ward 4 since last week,High,Water Supply Department
Mosquito breeding in ward 3 frequently occurring,Low,Health Department
Broken footpath near market since last week,High,Engineering Department
Contaminated drinking water near park after heavy rainfall,Medium,Water Supply Department
Road repair delayed in ward 3 since last week,Low,Engineering Department