Complaint_Description,Priority
Expired advertisement permit but hoarding still active at Thampanoor Bus Stand Area,Medium
Flex banner tied to electric poles illegally at Peroorkada Junction,Medium
Flex banner tied to electric poles illegally at Sreekariyam Area,Medium
Unauthorized hoarding installed at Vanchiyoor Court Road without TVM Corporation approval,High
Digital billboard operating without license at East Fort Junction,High
Illegal wall poster advertising at Kazhakkoottam Junction,Medium
Digital billboard operating without license at Palayam Junction,High
Illegal wall poster advertising at Poojappura Road,Medium
Hoarding tax not paid for advertisement at Poojappura Road,Medium
Unauthorized hoarding installed at Vanchiyoor Court Road without TVM Corporation approval,High
Commercial signage placed without revenue permission at Attakulangara Market Area,High
Digital billboard operating without license at Peroorkada Junction,High
Unsafe hoarding structure noticed at Vanchiyoor Court Road posing risk,Critical
Expired advertisement permit but hoarding still active at Attakulangara Market Area,Medium
Illegal advertisement banner displayed at Thampanoor Bus Stand Area without permission,High
Expired advertisement permit but hoarding still active at East Fort Junction,Medium
Multiple advertisement boards installed without clearance at Pattom Ward,High
Commercial signage placed without revenue permission at Vellayambalam Circle,High
Multiple advertisement boards installed without clearance at Karamana Bridge Area,High
Commercial signage placed without revenue permission at Vellayambalam Circle,High
Commercial signage placed without revenue permission at Poojappura Road,High
Political banner displayed without authorization at Peroorkada Junction,Medium
Commercial signage placed without revenue permission at Peroorkada Junction,High
Expired advertisement permit but hoarding still active at Poojappura Road,Medium
Damaged hoarding about to collapse at Palayam Junction,Critical
Unsafe hoarding structure noticed at Poojappura Road posing risk,Critical
Illegal advertisement banner displayed at Sreekariyam Area without permission,High
Unsafe hoarding structure noticed at Manacaud Area posing risk,Critical
Flex banner tied to electric poles illegally at Manacaud Area,Medium
Illegal advertisement banner displayed at Thampanoor Bus Stand Area without permission,High
Hoarding tax not paid for advertisement at Pattom Ward,Medium
Commercial signage placed without revenue permission at Vellayambalam Circle,High
Illegal wall poster advertising at Peroorkada Junction,Medium
Multiple advertisement boards installed without clearance at Kazhakkoottam Junction,High
Flex banner tied to electric poles illegally at Kazhakkoottam Junction,Medium
Political banner displayed without authorization at Pattom Ward,Medium
Political banner displayed without authorization at Thampanoor Bus Stand Area,Medium
Oversized hoarding board placed at Thampanoor Bus Stand Area blocking public view,High
Oversized hoarding board placed at Attakulangara Market Area blocking public view,High
Unapproved LED advertisement screen functioning at Nemom Area,High
Illegal advertisement banner displayed at Nemom Area without permission,High
Damaged hoarding about to collapse at Nemom Area,Critical
Commercial signage placed without revenue permission at Palayam Junction,High
Unapproved LED advertisement screen functioning at Manacaud Area,High
Multiple advertisement boards installed without clearance at Poojappura Road,High
Damaged hoarding about to collapse at Pattom Ward,Critical
Digital billboard operating without license at Palayam Junction,High
Digital billboard operating without license at Vellayambalam Circle,High
Hoarding tax not paid for advertisement at Peroorkada Junction,Medium
Unapproved LED advertisement screen functioning at Palayam Junction,High
Digital billboard operating without license at Karamana Bridge Area,High
Multiple advertisement boards installed without clearance at Palayam Junction,High
Damaged hoarding about to collapse at Kazhakkoottam Junction,Critical
Advertisement board obstructing pedestrian walkway at Karamana Bridge Area,High
Advertisement board obstructing pedestrian walkway at Attakulangara Market Area,High
Hoarding tax not paid for advertisement at Kazhakkoottam Junction,Medium
Expired advertisement permit but hoarding still active at Nemom Area,Medium
Political banner displayed without authorization at Kowdiar Junction,Medium
Expired advertisement permit but hoarding still active at Attakulangara Market Area,Medium
Multiple advertisement boards installed without clearance at Nemom Area,High
Unauthorized hoarding installed at Poojappura Road without TVM Corporation approval,High
Hoarding tax not paid for advertisement at Sreekariyam Area,Medium
Damaged hoarding about to collapse at Manacaud Area,Critical
Expired advertisement permit but hoarding still active at Nemom Area,Medium
Illegal wall poster advertising at Kazhakkoottam Junction,Medium
Unapproved LED advertisement screen functioning at Kowdiar Junction,High
Digital billboard operating without license at Vellayambalam Circle,High
Unsafe hoarding structure noticed at Pattom Ward posing risk,Critical
Digital billboard operating without license at Nemom Area,High
Illegal advertisement banner displayed at Manacaud Area without permission,High
Illegal wall poster advertising at Nemom Area,Medium
Oversized hoarding board placed at Vanchiyoor Court Road blocking public view,High
Illegal wall poster advertising at Kazhakkoottam Junction,Medium
Multiple advertisement boards installed without clearance at Kazhakkoottam Junction,High
Unapproved LED advertisement screen functioning at Peroorkada Junction,High
Damaged hoarding about to collapse at Kazhakkoottam Junction,Critical
Hoarding tax not paid for advertisement at Thampanoor Bus Stand Area,Medium
Advertisement board obstructing pedestrian walkway at Palayam Junction,High
Damaged hoarding about to collapse at Pattom Ward,Critical
Digital billboard operating without license at Palayam Junction,High
Oversized hoarding board placed at Pattom Ward blocking public view,High
Illegal advertisement banner displayed at Vellayambalam Circle without permission,High
Illegal advertisement banner displayed at Peroorkada Junction without permission,High
Multiple advertisement boards installed without clearance at Manacaud Area,High
Flex banner tied to electric poles illegally at Sreekariyam Area,Medium
Unsafe hoarding structure noticed at Kowdiar Junction posing risk,Critical
Damaged hoarding about to collapse at Kowdiar Junction,Critical
Political banner displayed without authorization at Nemom Area,Medium
Unsafe hoarding structure noticed at Peroorkada Junction posing risk,Critical
Unauthorized hoarding installed at Pattom Ward without TVM Corporation approval,High
Illegal wall poster advertising at Kazhakkoottam Junction,Medium
Political banner displayed without authorization at East Fort Junction,Medium
Commercial signage placed without revenue permission at Manacaud Area,High
Damaged hoarding about to collapse at Palayam Junction,Critical
Oversized hoarding board placed at Sreekariyam Area blocking public view,High
Digital billboard operating without license at Thampanoor Bus Stand Area,High
Digital billboard operating without license at East Fort Junction,High
Unsafe hoarding structure noticed at Thampanoor Bus Stand Area posing risk,Critical
Unauthorized hoarding installed at Karamana Bridge Area without TVM Corporation approval,High
Illegal wall poster advertising at Thampanoor Bus Stand Area,Medium
Illegal advertisement banner displayed at Peroorkada Junction without permission,High
Oversized hoarding board placed at Vanchiyoor Court Road blocking public view,High
Hoarding tax not paid for advertisement at Attakulangara Market Area,Medium
Illegal advertisement banner displayed at Thampanoor Bus Stand Area without permission,High
Commercial signage placed without revenue permission at Vanchiyoor Court Road,High
Unsafe hoarding structure noticed at Nemom Area posing risk,Critical
Flex banner tied to electric poles illegally at Poojappura Road,Medium
Advertisement board obstructing pedestrian walkway at Kowdiar Junction,High
Illegal wall poster advertising at Vanchiyoor Court Road,Medium
Oversized hoarding board placed at Manacaud Area blocking public view,High
Oversized hoarding board placed at Kazhakkoottam Junction blocking public view,High
Illegal advertisement banner displayed at Manacaud Area without permission,High
Multiple advertisement boards installed without clearance at Attakulangara Market Area,High
Digital billboard operating without license at Sreekariyam Area,High
Hoarding tax not paid for advertisement at Poojappura Road,Medium
Oversized hoarding board placed at Sreekariyam Area blocking public view,High
Illegal wall poster advertising at Manacaud Area,Medium
Hoarding tax not paid for advertisement at Attakulangara Market Area,Medium
Illegal wall poster advertising at Palayam Junction,Medium
Expired advertisement permit but hoarding still active at Sreekariyam Area,Medium
Oversized hoarding board placed at Poojappura Road blocking public view,High
Digital billboard operating without license at Poojappura Road,High
Advertisement board obstructing pedestrian walkway at Kazhakkoottam Junction,High
Digital billboard operating without license at Palayam Junction,High
Commercial signage placed without revenue permission at Nemom Area,High
Commercial signage placed without revenue permission at Manacaud Area,High
Unauthorized hoarding installed at Thampanoor Bus Stand Area without TVM Corporation approval,High
Multiple advertisement boards installed without clearance at Thampanoor Bus Stand Area,High
Digital billboard operating without license at Sreekariyam Area,High
Advertisement board obstructing pedestrian walkway at Pattom Ward,High
Unsafe hoarding structure noticed at Sreekariyam Area posing risk,Critical
Damaged hoarding about to collapse at Peroorkada Junction,Critical
Hoarding tax not paid for advertisement at Thampanoor Bus Stand Area,Medium
Digital billboard operating without license at Kazhakkoottam Junction,High
Commercial signage placed without revenue permission at Kazhakkoottam Junction,High
Advertisement board obstructing pedestrian walkway at Manacaud Area,High
Unauthorized hoarding installed at East Fort Junction without TVM Corporation approval,High
Advertisement board obstructing pedestrian walkway at East Fort Junction,High
Flex banner tied to electric poles illegally at Kazhakkoottam Junction,Medium
Illegal advertisement banner displayed at Thampanoor Bus Stand Area without permission,High
Flex banner tied to electric poles illegally at Nemom Area,Medium
Political banner displayed without authorization at Kazhakkoottam Junction,Medium
Expired advertisement permit but hoarding still active at Kazhakkoottam Junction,Medium
Advertisement board obstructing pedestrian walkway at Poojappura Road,High
Illegal wall poster advertising at Vanchiyoor Court Road,Medium
Damaged hoarding about to collapse at Vanchiyoor Court Road,Critical
Oversized hoarding board placed at Attakulangara Market Area blocking public view,High
Political banner displayed without authorization at Attakulangara Market Area,Medium
Commercial signage placed without revenue permission at Peroorkada Junction,High
Multiple advertisement boards installed without clearance at Vellayambalam Circle,High
Flex banner tied to electric poles illegally at Sreekariyam Area,Medium
Political banner displayed without authorization at Nemom Area,Medium
Commercial signage placed without revenue permission at Peroorkada Junction,High
Commercial signage placed without revenue permission at Kowdiar Junction,High
Illegal advertisement banner displayed at Vanchiyoor Court Road without permission,High
Illegal wall poster advertising at Nemom Area,Medium
Illegal wall poster advertising at Thampanoor Bus Stand Area,Medium
Illegal advertisement banner displayed at Kowdiar Junction without permission,High
Illegal wall poster advertising at Poojappura Road,Medium
Flex banner tied to electric poles illegally at Kowdiar Junction,Medium
Flex banner tied to electric poles illegally at Pattom Ward,Medium
Illegal wall poster advertising at Palayam Junction,Medium
Multiple advertisement boards installed without clearance at Palayam Junction,High
Multiple advertisement boards installed without clearance at Vanchiyoor Court Road,High
Hoarding tax not paid for advertisement at Kazhakkoottam Junction,Medium
Commercial signage placed without revenue permission at Peroorkada Junction,High
Hoarding tax not paid for advertisement at Poojappura Road,Medium
Illegal wall poster advertising at Poojappura Road,Medium
Unapproved LED advertisement screen functioning at Attakulangara Market Area,High
Hoarding tax not paid for advertisement at Manacaud Area,Medium
Unsafe hoarding structure noticed at Kazhakkoottam Junction posing risk,Critical
Political banner displayed without authorization at Manacaud Area,Medium
Unsafe hoarding structure noticed at Nemom Area posing risk,Critical
Unapproved LED advertisement screen functioning at Karamana Bridge Area,High
Hoarding tax not paid for advertisement at Pattom Ward,Medium
Expired advertisement permit but hoarding still active at Peroorkada Junction,Medium
Advertisement board obstructing pedestrian walkway at Kazhakkoottam Junction,High
Unsafe hoarding structure noticed at Kazhakkoottam Junction posing risk,Critical
Unsafe hoarding structure noticed at Vanchiyoor Court Road posing risk,Critical
Unsafe hoarding structure noticed at Manacaud Area posing risk,Critical
Flex banner tied to electric poles illegally at Thampanoor Bus Stand Area,Medium
Unapproved LED advertisement screen functioning at Karamana Bridge Area,High
Unapproved LED advertisement screen functioning at Kowdiar Junction,High
Unapproved LED advertisement screen functioning at Poojappura Road,High
Commercial signage placed without revenue permission at Manacaud Area,High
Oversized hoarding board placed at Peroorkada Junction blocking public view,High
Illegal wall poster advertising at Manacaud Area,Medium
Unapproved LED advertisement screen functioning at Karamana Bridge Area,High
Multiple advertisement boards installed without clearance at Kazhakkoottam Junction,High
Unapproved LED advertisement screen functioning at Nemom Area,High
Digital billboard operating without license at Poojappura Road,High
Unauthorized hoarding installed at Pattom Ward without TVM Corporation approval,High
Commercial signage placed without revenue permission at East Fort Junction,High
Hoarding tax not paid for advertisement at Peroorkada Junction,Medium
Damaged hoarding about to collapse at East Fort Junction,Critical
Commercial signage placed without revenue permission at Vellayambalam Circle,High
Illegal advertisement banner displayed at East Fort Junction without permission,High
Hoarding tax not paid for advertisement at Sreekariyam Area,Medium
Flex banner tied to electric poles illegally at Palayam Junction,Medium
Flex banner tied to electric poles illegally at East Fort Junction,Medium
Multiple advertisement boards installed without clearance at Kazhakkoottam Junction,High
Illegal advertisement banner displayed at Nemom Area without permission,High
Advertisement board obstructing pedestrian walkway at East Fort Junction,High
Flex banner tied to electric poles illegally at Nemom Area,Medium
Illegal wall poster advertising at Vanchiyoor Court Road,Medium
Unsafe hoarding structure noticed at Palayam Junction posing risk,Critical
Expired advertisement permit but hoarding still active at East Fort Junction,Medium
Advertisement board obstructing pedestrian walkway at Palayam Junction,High
Digital billboard operating without license at Attakulangara Market Area,High
Damaged hoarding about to collapse at Kowdiar Junction,Critical
Commercial signage placed without revenue permission at Pattom Ward,High
Flex banner tied to electric poles illegally at Sreekariyam Area,Medium
Unsafe hoarding structure noticed at Nemom Area posing risk,Critical
Hoarding tax not paid for advertisement at Poojappura Road,Medium
Unsafe hoarding structure noticed at Attakulangara Market Area posing risk,Critical
Unsafe hoarding structure noticed at Sreekariyam Area posing risk,Critical
Hoarding tax not paid for advertisement at Palayam Junction,Medium
Unapproved LED advertisement screen functioning at Vanchiyoor Court Road,High
Oversized hoarding board placed at Pattom Ward blocking public view,High
Oversized hoarding board placed at Pattom Ward blocking public view,High
Illegal advertisement banner displayed at Karamana Bridge Area without permission,High
Commercial signage placed without revenue permission at Attakulangara Market Area,High
Commercial signage placed without revenue permission at Manacaud Area,High
Hoarding tax not paid for advertisement at Pattom Ward,Medium
Digital billboard operating without license at Poojappura Road,High
Digital billboard operating without license at Pattom Ward,High
Unapproved LED advertisement screen functioning at Karamana Bridge Area,High
Unauthorized hoarding installed at East Fort Junction without TVM Corporation approval,High
Illegal wall poster advertising at East Fort Junction,Medium
Hoarding tax not paid for advertisement at Vanchiyoor Court Road,Medium
Hoarding tax not paid for advertisement at Pattom Ward,Medium
Digital billboard operating without license at Palayam Junction,High
Expired advertisement permit but hoarding still active at Pattom Ward,Medium
Flex banner tied to electric poles illegally at Peroorkada Junction,Medium
Hoarding tax not paid for advertisement at Peroorkada Junction,Medium
Hoarding tax not paid for advertisement at Sreekariyam Area,Medium
Unauthorized hoarding installed at Vanchiyoor Court Road without TVM Corporation approval,High
Multiple advertisement boards installed without clearance at Palayam Junction,High
Illegal wall poster advertising at Pattom Ward,Medium
Illegal advertisement banner displayed at Peroorkada Junction without permission,High
Digital billboard operating without license at Thampanoor Bus Stand Area,High
Political banner displayed without authorization at Nemom Area,Medium
Multiple advertisement boards installed without clearance at Attakulangara Market Area,High
Hoarding tax not paid for advertisement at Sreekariyam Area,Medium
Flex banner tied to electric poles illegally at Sreekariyam Area,Medium
Damaged hoarding about to collapse at Vanchiyoor Court Road,Critical
Expired advertisement permit but hoarding still active at Sreekariyam Area,Medium
Oversized hoarding board placed at Kazhakkoottam Junction blocking public view,High
Oversized hoarding board placed at Attakulangara Market Area blocking public view,High
Illegal wall poster advertising at Vellayambalam Circle,Medium
Illegal wall poster advertising at East Fort Junction,Medium
Expired advertisement permit but hoarding still active at Karamana Bridge Area,Medium
Flex banner tied to electric poles illegally at Thampanoor Bus Stand Area,Medium
Unsafe hoarding structure noticed at Sreekariyam Area posing risk,Critical
Unapproved LED advertisement screen functioning at East Fort Junction,High
Flex banner tied to electric poles illegally at Pattom Ward,Medium
Commercial signage placed without revenue permission at East Fort Junction,High
Unauthorized hoarding installed at Vellayambalam Circle without TVM Corporation approval,High
Oversized hoarding board placed at Vellayambalam Circle blocking public view,High
Advertisement board obstructing pedestrian walkway at Peroorkada Junction,High
Damaged hoarding about to collapse at Attakulangara Market Area,Critical
Unsafe hoarding structure noticed at Thampanoor Bus Stand Area posing risk,Critical
Damaged hoarding about to collapse at Vellayambalam Circle,Critical
Unapproved LED advertisement screen functioning at Thampanoor Bus Stand Area,High
Damaged hoarding about to collapse at Kowdiar Junction,Critical
Flex banner tied to electric poles illegally at Attakulangara Market Area,Medium
Damaged hoarding about to collapse at Peroorkada Junction,Critical
Hoarding tax not paid for advertisement at Nemom Area,Medium
Flex banner tied to electric poles illegally at Palayam Junction,Medium
Commercial signage placed without revenue permission at Vanchiyoor Court Road,High
Hoarding tax not paid for advertisement at Vanchiyoor Court Road,Medium
Commercial signage placed without revenue permission at Kowdiar Junction,High
Expired advertisement permit but hoarding still active at Thampanoor Bus Stand Area,Medium
Expired advertisement permit but hoarding still active at Vanchiyoor Court Road,Medium
Expired advertisement permit but hoarding still active at Sreekariyam Area,Medium
Multiple advertisement boards installed without clearance at Manacaud Area,High
Damaged hoarding about to collapse at Vanchiyoor Court Road,Critical
Political banner displayed without authorization at Attakulangara Market Area,Medium
Multiple advertisement boards installed without clearance at Attakulangara Market Area,High
Oversized hoarding board placed at East Fort Junction blocking public view,High
Multiple advertisement boards installed without clearance at Sreekariyam Area,High
Unauthorized hoarding installed at Peroorkada Junction without TVM Corporation approval,High
Oversized hoarding board placed at Sreekariyam Area blocking public view,High
Multiple advertisement boards installed without clearance at Manacaud Area,High
Flex banner tied to electric poles illegally at Kowdiar Junction,Medium
Oversized hoarding board placed at Sreekariyam Area blocking public view,High
Political banner displayed without authorization at Attakulangara Market Area,Medium
Damaged hoarding about to collapse at Kowdiar Junction,Critical
Multiple advertisement boards installed without clearance at Kazhakkoottam Junction,High
Unapproved LED advertisement screen functioning at Pattom Ward,High
Hoarding tax not paid for advertisement at Kowdiar Junction,Medium
Advertisement board obstructing pedestrian walkway at Attakulangara Market Area,High
Unsafe hoarding structure noticed at Karamana Bridge Area posing risk,Critical
Unapproved LED advertisement screen functioning at Poojappura Road,High
Advertisement board obstructing pedestrian walkway at Manacaud Area,High
Advertisement board obstructing pedestrian walkway at Poojappura Road,High
Unsafe hoarding structure noticed at Pattom Ward posing risk,Critical
Flex banner tied to electric poles illegally at Nemom Area,Medium
Digital billboard operating without license at Palayam Junction,High
Expired advertisement permit but hoarding still active at Karamana Bridge Area,Medium
Expired advertisement permit but hoarding still active at East Fort Junction,Medium
Unauthorized hoarding installed at Pattom Ward without TVM Corporation approval,High
Commercial signage placed without revenue permission at Karamana Bridge Area,High
Unauthorized hoarding installed at Karamana Bridge Area without TVM Corporation approval,High
Hoarding tax not paid for advertisement at Nemom Area,Medium
Digital billboard operating without license at Vellayambalam Circle,High
Illegal advertisement banner displayed at Vellayambalam Circle without permission,High
Commercial signage placed without revenue permission at Pattom Ward,High
Commercial signage placed without revenue permission at Peroorkada Junction,High
Advertisement board obstructing pedestrian walkway at Sreekariyam Area,High
Hoarding tax not paid for advertisement at Poojappura Road,Medium
Digital billboard operating without license at Kazhakkoottam Junction,High
Hoarding tax not paid for advertisement at Attakulangara Market Area,Medium
Oversized hoarding board placed at East Fort Junction blocking public view,High
Illegal advertisement banner displayed at East Fort Junction without permission,High
Oversized hoarding board placed at Pattom Ward blocking public view,High
Illegal wall poster advertising at Vanchiyoor Court Road,Medium
Oversized hoarding board placed at East Fort Junction blocking public view,High
Unauthorized hoarding installed at Sreekariyam Area without TVM Corporation approval,High
Flex banner tied to electric poles illegally at Vanchiyoor Court Road,Medium
Flex banner tied to electric poles illegally at Vellayambalam Circle,Medium
Illegal advertisement banner displayed at Pattom Ward without permission,High
Oversized hoarding board placed at Sreekariyam Area blocking public view,High
Illegal advertisement banner displayed at Poojappura Road without permission,High
Multiple advertisement boards installed without clearance at Pattom Ward,High
Multiple advertisement boards installed without clearance at Attakulangara Market Area,High
Unapproved LED advertisement screen functioning at Kowdiar Junction,High
Political banner displayed without authorization at Manacaud Area,Medium
Damaged hoarding about to collapse at Peroorkada Junction,Critical
Damaged hoarding about to collapse at Kowdiar Junction,Critical
Illegal advertisement banner displayed at Nemom Area without permission,High
Multiple advertisement boards installed without clearance at Peroorkada Junction,High
Flex banner tied to electric poles illegally at Kowdiar Junction,Medium
Digital billboard operating without license at East Fort Junction,High
Illegal advertisement banner displayed at Palayam Junction without permission,High
Multiple advertisement boards installed without clearance at Peroorkada Junction,High
Unauthorized hoarding installed at East Fort Junction without TVM Corporation approval,High
Multiple advertisement boards installed without clearance at Pattom Ward,High
Expired advertisement permit but hoarding still active at Peroorkada Junction,Medium
Advertisement board obstructing pedestrian walkway at East Fort Junction,High
Hoarding tax not paid for advertisement at Thampanoor Bus Stand Area,Medium
Flex banner tied to electric poles illegally at Attakulangara Market Area,Medium
Advertisement board obstructing pedestrian walkway at Pattom Ward,High
Advertisement board obstructing pedestrian walkway at Attakulangara Market Area,High
Unsafe hoarding structure noticed at Thampanoor Bus Stand Area posing risk,Critical
Oversized hoarding board placed at Thampanoor Bus Stand Area blocking public view,High
Illegal wall poster advertising at Thampanoor Bus Stand Area,Medium
Commercial signage placed without revenue permission at Kowdiar Junction,High
Commercial signage placed without revenue permission at Sreekariyam Area,High
Political banner displayed without authorization at Thampanoor Bus Stand Area,Medium
Illegal wall poster advertising at Manacaud Area,Medium
Unauthorized hoarding installed at Nemom Area without TVM Corporation approval,High
Oversized hoarding board placed at Palayam Junction blocking public view,High
Damaged hoarding about to collapse at Attakulangara Market Area,Critical
Illegal wall poster advertising at Kazhakkoottam Junction,Medium
Unauthorized hoarding installed at Nemom Area without TVM Corporation approval,High
Political banner displayed without authorization at Thampanoor Bus Stand Area,Medium
Unapproved LED advertisement screen functioning at Kowdiar Junction,High
Digital billboard operating without license at Attakulangara Market Area,High
Damaged hoarding about to collapse at Palayam Junction,Critical
Damaged hoarding about to collapse at Karamana Bridge Area,Critical
Illegal wall poster advertising at Manacaud Area,Medium
Advertisement board obstructing pedestrian walkway at Kazhakkoottam Junction,High
Damaged hoarding about to collapse at Karamana Bridge Area,Critical
Unauthorized hoarding installed at Attakulangara Market Area without TVM Corporation approval,High
Expired advertisement permit but hoarding still active at Palayam Junction,Medium
Illegal advertisement banner displayed at Kazhakkoottam Junction without permission,High
Political banner displayed without authorization at Karamana Bridge Area,Medium
Unsafe hoarding structure noticed at Nemom Area posing risk,Critical
Damaged hoarding about to collapse at Palayam Junction,Critical
Hoarding tax not paid for advertisement at Thampanoor Bus Stand Area,Medium
Illegal advertisement banner displayed at Nemom Area without permission,High
Unapproved LED advertisement screen functioning at Sreekariyam Area,High
Political banner displayed without authorization at Kowdiar Junction,Medium
Unauthorized hoarding installed at Vanchiyoor Court Road without TVM Corporation approval,High
Hoarding tax not paid for advertisement at Karamana Bridge Area,Medium
Unsafe hoarding structure noticed at Vellayambalam Circle posing risk,Critical
Unsafe hoarding structure noticed at Vanchiyoor Court Road posing risk,Critical
Digital billboard operating without license at Palayam Junction,High
Illegal wall poster advertising at Palayam Junction,Medium
Unauthorized hoarding installed at Pattom Ward without TVM Corporation approval,High
Unauthorized hoarding installed at Kowdiar Junction without TVM Corporation approval,High
Illegal advertisement banner displayed at Vellayambalam Circle without permission,High
Flex banner tied to electric poles illegally at Peroorkada Junction,Medium
Hoarding tax not paid for advertisement at Poojappura Road,Medium
Flex banner tied to electric poles illegally at Karamana Bridge Area,Medium
Illegal advertisement banner displayed at Kowdiar Junction without permission,High
Oversized hoarding board placed at Attakulangara Market Area blocking public view,High
Multiple advertisement boards installed without clearance at Kazhakkoottam Junction,High
Advertisement board obstructing pedestrian walkway at Karamana Bridge Area,High
Advertisement board obstructing pedestrian walkway at Nemom Area,High
Commercial signage placed without revenue permission at Manacaud Area,High
Political banner displayed without authorization at Thampanoor Bus Stand Area,Medium
Unauthorized hoarding installed at Manacaud Area without TVM Corporation approval,High
Illegal advertisement banner displayed at Karamana Bridge Area without permission,High
Multiple advertisement boards installed without clearance at Attakulangara Market Area,High
Unapproved LED advertisement screen functioning at Poojappura Road,High
Illegal advertisement banner displayed at Nemom Area without permission,High
Flex banner tied to electric poles illegally at Peroorkada Junction,Medium
Illegal advertisement banner displayed at Nemom Area without permission,High
Advertisement board obstructing pedestrian walkway at Kowdiar Junction,High
Political banner displayed without authorization at Vellayambalam Circle,Medium
Commercial signage placed without revenue permission at Vanchiyoor Court Road,High
Unauthorized hoarding installed at Peroorkada Junction without TVM Corporation approval,High
Unauthorized hoarding installed at Kowdiar Junction without TVM Corporation approval,High
Unsafe hoarding structure noticed at Vanchiyoor Court Road posing risk,Critical
Expired advertisement permit but hoarding still active at Pattom Ward,Medium
Digital billboard operating without license at Thampanoor Bus Stand Area,High
Commercial signage placed without revenue permission at Kowdiar Junction,High
Hoarding tax not paid for advertisement at Peroorkada Junction,Medium
Unauthorized hoarding installed at Pattom Ward without TVM Corporation approval,High
Unauthorized hoarding installed at Nemom Area without TVM Corporation approval,High
Advertisement board obstructing pedestrian walkway at Kowdiar Junction,High
Commercial signage placed without revenue permission at Peroorkada Junction,High
Illegal wall poster advertising at Manacaud Area,Medium
Unapproved LED advertisement screen functioning at Peroorkada Junction,High
Political banner displayed without authorization at Kazhakkoottam Junction,Medium
Illegal advertisement banner displayed at Vanchiyoor Court Road without permission,High
Oversized hoarding board placed at Peroorkada Junction blocking public view,High
Multiple advertisement boards installed without clearance at Poojappura Road,High
Digital billboard operating without license at Vanchiyoor Court Road,High
Oversized hoarding board placed at Palayam Junction blocking public view,High
Oversized hoarding board placed at Palayam Junction blocking public view,High
Digital billboard operating without license at Sreekariyam Area,High
Unsafe hoarding structure noticed at Karamana Bridge Area posing risk,Critical
Unauthorized hoarding installed at Pattom Ward without TVM Corporation approval,High
Political banner displayed without authorization at Kowdiar Junction,Medium
Multiple advertisement boards installed without clearance at Thampanoor Bus Stand Area,High
Unauthorized hoarding installed at Palayam Junction without TVM Corporation approval,High
Digital billboard operating without license at Pattom Ward,High
Political banner displayed without authorization at Attakulangara Market Area,Medium
Illegal advertisement banner displayed at Nemom Area without permission,High
Digital billboard operating without license at Palayam Junction,High
Unapproved LED advertisement screen functioning at Poojappura Road,High
Advertisement board obstructing pedestrian walkway at Manacaud Area,High
Advertisement board obstructing pedestrian walkway at Kazhakkoottam Junction,High
Illegal advertisement banner displayed at Vellayambalam Circle without permission,High
Flex banner tied to electric poles illegally at Poojappura Road,Medium
Hoarding tax not paid for advertisement at East Fort Junction,Medium
Multiple advertisement boards installed without clearance at Karamana Bridge Area,High
Multiple advertisement boards installed without clearance at Pattom Ward,High
Flex banner tied to electric poles illegally at Peroorkada Junction,Medium
Hoarding tax not paid for advertisement at Karamana Bridge Area,Medium
Damaged hoarding about to collapse at East Fort Junction,Critical
Political banner displayed without authorization at Palayam Junction,Medium
Commercial signage placed without revenue permission at Vanchiyoor Court Road,High
Illegal wall poster advertising at Peroorkada Junction,Medium
Unapproved LED advertisement screen functioning at East Fort Junction,High
Commercial signage placed without revenue permission at Vanchiyoor Court Road,High
Illegal advertisement banner displayed at Attakulangara Market Area without permission,High
Unauthorized hoarding installed at Vellayambalam Circle without TVM Corporation approval,High
Damaged hoarding about to collapse at Poojappura Road,Critical
Expired advertisement permit but hoarding still active at Vellayambalam Circle,Medium
Advertisement board obstructing pedestrian walkway at Vanchiyoor Court Road,High
Multiple advertisement boards installed without clearance at East Fort Junction,High
Expired advertisement permit but hoarding still active at Nemom Area,Medium
Unauthorized hoarding installed at Karamana Bridge Area without TVM Corporation approval,High
Unapproved LED advertisement screen functioning at Manacaud Area,High
Expired advertisement permit but hoarding still active at Vellayambalam Circle,Medium
Hoarding tax not paid for advertisement at Poojappura Road,Medium
Advertisement board obstructing pedestrian walkway at Palayam Junction,High
Hoarding tax not paid for advertisement at Vanchiyoor Court Road,Medium
Damaged hoarding about to collapse at Sreekariyam Area,Critical
Digital billboard operating without license at Nemom Area,High
Expired advertisement permit but hoarding still active at Palayam Junction,Medium
Expired advertisement permit but hoarding still active at Nemom Area,Medium
Unsafe hoarding structure noticed at Sreekariyam Area posing risk,Critical
Flex banner tied to electric poles illegally at Sreekariyam Area,Medium
Illegal wall poster advertising at Manacaud Area,Medium
Political banner displayed without authorization at Karamana Bridge Area,Medium
Multiple advertisement boards installed without clearance at Poojappura Road,High
Flex banner tied to electric poles illegally at Kowdiar Junction,Medium
Illegal advertisement banner displayed at Poojappura Road without permission,High
Unapproved LED advertisement screen functioning at Poojappura Road,High
Hoarding tax not paid for advertisement at Pattom Ward,Medium
Illegal wall poster advertising at Nemom Area,Medium
Hoarding tax not paid for advertisement at Peroorkada Junction,Medium
Multiple advertisement boards installed without clearance at East Fort Junction,High
Illegal advertisement banner displayed at East Fort Junction without permission,High
Political banner displayed without authorization at Manacaud Area,Medium
Unapproved LED advertisement screen functioning at Kazhakkoottam Junction,High
Advertisement board obstructing pedestrian walkway at Attakulangara Market Area,High
Hoarding tax not paid for advertisement at Vanchiyoor Court Road,Medium
Multiple advertisement boards installed without clearance at Pattom Ward,High
Flex banner tied to electric poles illegally at Kazhakkoottam Junction,Medium
Flex banner tied to electric poles illegally at Sreekariyam Area,Medium
Illegal advertisement banner displayed at Pattom Ward without permission,High
Illegal advertisement banner displayed at Manacaud Area without permission,High
Unsafe hoarding structure noticed at Pattom Ward posing risk,Critical
Advertisement board obstructing pedestrian walkway at Peroorkada Junction,High
Advertisement board obstructing pedestrian walkway at Attakulangara Market Area,High
Multiple advertisement boards installed without clearance at East Fort Junction,High
Expired advertisement permit but hoarding still active at East Fort Junction,Medium
Digital billboard operating without license at Thampanoor Bus Stand Area,High
Political banner displayed without authorization at Thampanoor Bus Stand Area,Medium
Oversized hoarding board placed at Poojappura Road blocking public view,High
Unsafe hoarding structure noticed at East Fort Junction posing risk,Critical
Multiple advertisement boards installed without clearance at Sreekariyam Area,High
Damaged hoarding about to collapse at Peroorkada Junction,Critical
Unsafe hoarding structure noticed at Palayam Junction posing risk,Critical
Stray dog menace reported at Kazhakkoottam Junction causing safety concerns,Medium
Injured stray dog lying unattended at East Fort Junction,Critical
Stray dog menace reported at Poojappura Road causing safety concerns,Medium
Cattle roaming freely on road at Karamana Bridge Area causing traffic issues,Medium
Aggressive stray dogs spotted near Vellayambalam Ward,Critical
Dead stray animal not removed from Poojappura Road area,Medium
Monkey nuisance reported near Sreekariyam Area residential area,High
Carcass of stray animal emitting foul smell at Manacaud Area,Medium
Stray cattle blocking road at Attakulangara Market Area,Medium
Stray dog menace reported at Manacaud Area causing safety concerns,Medium
Stray animals entering school premises at Attakulangara Market Area,High
Injured stray dog lying unattended at Palayam Area,Critical
Carcass of stray animal emitting foul smell at Palayam Area,Medium
Stray pigs roaming near market area at Thampanoor Junction,Medium
Injured stray dog lying unattended at Vellayambalam Ward,Critical
Dead stray animal not removed from Attakulangara Market Area area,Medium
Stray cattle blocking road at Nemom Ward,Medium
Dead stray animal not removed from Vanchiyoor Ward area,Medium
Request for dog sterilization drive at Kowdiar Junction locality,Low
Injured stray dog lying unattended at Manacaud Area,Critical
Request for dog sterilization drive at Vellayambalam Ward locality,Low
Stray dog menace reported at Thampanoor Junction causing safety concerns,Medium
Stray dogs chasing pedestrians at Peroorkada Junction junction,Medium
Cattle roaming freely on road at Karamana Bridge Area causing traffic issues,Medium
Stray dog menace reported at East Fort Junction causing safety concerns,Medium
Stray dogs chasing pedestrians at Palayam Area junction,Medium
Stray animals entering school premises at Attakulangara Market Area,High
Aggressive stray dogs spotted near Nemom Ward,Critical
Frequent dog bites reported in Nemom Ward area,Critical
Stray dog menace reported at Kowdiar Junction causing safety concerns,Medium
Stray dog pack disturbing residents at Sreekariyam Area,High
Stray dog menace reported at Kowdiar Junction causing safety concerns,Medium
Stray dog menace reported at Palayam Area causing safety concerns,Medium
Stray dog menace reported at Kazhakkoottam Junction causing safety concerns,Medium
Public complaint about delay in animal control response at Thampanoor Junction,Low
Aggressive stray dogs spotted near Attakulangara Market Area,Critical
Monkey nuisance reported near Vellayambalam Ward residential area,High
Cattle roaming freely on road at Kazhakkoottam Junction causing traffic issues,Medium
Frequent dog bites reported in Vanchiyoor Ward area,Critical
Stray dog pack disturbing residents at Thampanoor Junction,High
Cattle roaming freely on road at Attakulangara Market Area causing traffic issues,Medium
Stray cattle blocking road at Thampanoor Junction,Medium
Cattle roaming freely on road at Vellayambalam Ward causing traffic issues,Medium
Injured stray dog lying unattended at Sreekariyam Area,Critical
Stray dog pack disturbing residents at Vellayambalam Ward,High
Dead stray animal not removed from East Fort Junction area,Medium
Stray dogs chasing pedestrians at Poojappura Road junction,Medium
Cattle roaming freely on road at Manacaud Area causing traffic issues,Medium
Stray animals entering school premises at Thampanoor Junction,High
Carcass of stray animal emitting foul smell at Sreekariyam Area,Medium
Request for dog sterilization drive at Pattom Ward locality,Low
Aggressive stray dogs spotted near Vellayambalam Ward,Critical
Public complaint about delay in animal control response at East Fort Junction,Low
Stray dog menace reported at Nemom Ward causing safety concerns,Medium
Dead stray animal not removed from Nemom Ward area,Medium
Stray dog menace reported at Vellayambalam Ward causing safety concerns,Medium
Monkey nuisance reported near Sreekariyam Area residential area,High
Frequent dog bites reported in Poojappura Road area,Critical
Stray dog pack disturbing residents at Kowdiar Junction,High
Public complaint about delay in animal control response at Karamana Bridge Area,Low
Stray animals entering school premises at Kowdiar Junction,High
Cattle roaming freely on road at East Fort Junction causing traffic issues,Medium
Monkey nuisance reported near Kowdiar Junction residential area,High
Aggressive stray dogs spotted near Attakulangara Market Area,Critical
Stray pigs roaming near market area at Kowdiar Junction,Medium
Aggressive stray dogs spotted near Kazhakkoottam Junction,Critical
Stray animals entering school premises at Manacaud Area,High
Carcass of stray animal emitting foul smell at Attakulangara Market Area,Medium
Injured stray dog lying unattended at Karamana Bridge Area,Critical
Public complaint about delay in animal control response at Manacaud Area,Low
Aggressive stray dogs spotted near Poojappura Road,Critical
Frequent dog bites reported in Nemom Ward area,Critical
Stray animals entering school premises at Thampanoor Junction,High
Request for dog sterilization drive at Vanchiyoor Ward locality,Low
Aggressive stray dogs spotted near Nemom Ward,Critical
Public complaint about delay in animal control response at Nemom Ward,Low
Stray animals entering school premises at Poojappura Road,High
Aggressive stray dogs spotted near Manacaud Area,Critical
Frequent dog bites reported in Pattom Ward area,Critical
Stray dog pack disturbing residents at Palayam Area,High
Stray pigs roaming near market area at Karamana Bridge Area,Medium
Request for dog sterilization drive at Pattom Ward locality,Low
Stray pigs roaming near market area at Vanchiyoor Ward,Medium
Cattle roaming freely on road at Attakulangara Market Area causing traffic issues,Medium
Public complaint about delay in animal control response at Attakulangara Market Area,Low
Frequent dog bites reported in Kazhakkoottam Junction area,Critical
Public complaint about delay in animal control response at Palayam Area,Low
Stray dogs chasing pedestrians at Kowdiar Junction junction,Medium
Request for dog sterilization drive at Poojappura Road locality,Low
Carcass of stray animal emitting foul smell at Vanchiyoor Ward,Medium
Carcass of stray animal emitting foul smell at Peroorkada Junction,Medium
Carcass of stray animal emitting foul smell at Sreekariyam Area,Medium
Frequent dog bites reported in Thampanoor Junction area,Critical
Stray cattle blocking road at Peroorkada Junction,Medium
Frequent dog bites reported in Karamana Bridge Area area,Critical
Stray dogs chasing pedestrians at East Fort Junction junction,Medium
Request for dog sterilization drive at Kazhakkoottam Junction locality,Low
Frequent dog bites reported in Palayam Area area,Critical
Public complaint about delay in animal control response at Sreekariyam Area,Low
Cattle roaming freely on road at Vellayambalam Ward causing traffic issues,Medium
Stray animals entering school premises at Thampanoor Junction,High
Stray animals entering school premises at Thampanoor Junction,High
Frequent dog bites reported in Poojappura Road area,Critical
Dead stray animal not removed from Nemom Ward area,Medium
Cattle roaming freely on road at Thampanoor Junction causing traffic issues,Medium
Stray pigs roaming near market area at Sreekariyam Area,Medium
Stray cattle blocking road at Karamana Bridge Area,Medium
Aggressive stray dogs spotted near Nemom Ward,Critical
Aggressive stray dogs spotted near Vanchiyoor Ward,Critical
Cattle roaming freely on road at Attakulangara Market Area causing traffic issues,Medium
Frequent dog bites reported in Nemom Ward area,Critical
Carcass of stray animal emitting foul smell at Vellayambalam Ward,Medium
Public complaint about delay in animal control response at Nemom Ward,Low
Aggressive stray dogs spotted near Peroorkada Junction,Critical
Stray pigs roaming near market area at Karamana Bridge Area,Medium
Public complaint about delay in animal control response at Sreekariyam Area,Low
Stray dog menace reported at East Fort Junction causing safety concerns,Medium
Carcass of stray animal emitting foul smell at Karamana Bridge Area,Medium
Public complaint about delay in animal control response at Karamana Bridge Area,Low
Stray dog pack disturbing residents at Poojappura Road,High
Request for dog sterilization drive at Attakulangara Market Area locality,Low
Stray dogs chasing pedestrians at Attakulangara Market Area junction,Medium
Frequent dog bites reported in East Fort Junction area,Critical
Frequent dog bites reported in Attakulangara Market Area area,Critical
Aggressive stray dogs spotted near Kowdiar Junction,Critical
Public complaint about delay in animal control response at Vellayambalam Ward,Low
Stray dog menace reported at Manacaud Area causing safety concerns,Medium
Stray dog pack disturbing residents at Kazhakkoottam Junction,High
Dead stray animal not removed from Palayam Area area,Medium
Stray dogs chasing pedestrians at Nemom Ward junction,Medium
Stray cattle blocking road at Manacaud Area,Medium
Frequent dog bites reported in Vellayambalam Ward area,Critical
Injured stray dog lying unattended at Palayam Area,Critical
Carcass of stray animal emitting foul smell at Kowdiar Junction,Medium
Cattle roaming freely on road at Peroorkada Junction causing traffic issues,Medium
Injured stray dog lying unattended at Pattom Ward,Critical
Carcass of stray animal emitting foul smell at Kowdiar Junction,Medium
Public complaint about delay in animal control response at Kazhakkoottam Junction,Low
Public complaint about delay in animal control response at Palayam Area,Low
Frequent dog bites reported in Karamana Bridge Area area,Critical
Stray cattle blocking road at Karamana Bridge Area,Medium
Stray dog menace reported at Peroorkada Junction causing safety concerns,Medium
Stray dog pack disturbing residents at Vanchiyoor Ward,High
Frequent dog bites reported in Nemom Ward area,Critical
Public complaint about delay in animal control response at Peroorkada Junction,Low
Stray dog pack disturbing residents at Kowdiar Junction,High
Request for dog sterilization drive at Palayam Area locality,Low
Monkey nuisance reported near Palayam Area residential area,High
Stray cattle blocking road at Pattom Ward,Medium
Stray pigs roaming near market area at Vellayambalam Ward,Medium
Injured stray dog lying unattended at Kazhakkoottam Junction,Critical
Aggressive stray dogs spotted near Karamana Bridge Area,Critical
Cattle roaming freely on road at Kowdiar Junction causing traffic issues,Medium
Stray cattle blocking road at Thampanoor Junction,Medium
Stray dog pack disturbing residents at Pattom Ward,High
Stray dog menace reported at Peroorkada Junction causing safety concerns,Medium
Stray dog pack disturbing residents at Sreekariyam Area,High
Monkey nuisance reported near Vanchiyoor Ward residential area,High
Request for dog sterilization drive at Kowdiar Junction locality,Low
Monkey nuisance reported near Attakulangara Market Area residential area,High
Stray animals entering school premises at Attakulangara Market Area,High
Stray pigs roaming near market area at Peroorkada Junction,Medium
Monkey nuisance reported near Peroorkada Junction residential area,High
Injured stray dog lying unattended at Poojappura Road,Critical
Carcass of stray animal emitting foul smell at Thampanoor Junction,Medium
Public complaint about delay in animal control response at Pattom Ward,Low
Stray animals entering school premises at East Fort Junction,High
Injured stray dog lying unattended at Nemom Ward,Critical
Stray animals entering school premises at Manacaud Area,High
Stray dogs chasing pedestrians at Pattom Ward junction,Medium
Cattle roaming freely on road at Attakulangara Market Area causing traffic issues,Medium
Aggressive stray dogs spotted near Poojappura Road,Critical
Stray cattle blocking road at Vellayambalam Ward,Medium
Public complaint about delay in animal control response at Sreekariyam Area,Low
Frequent dog bites reported in Attakulangara Market Area area,Critical
Frequent dog bites reported in East Fort Junction area,Critical
Stray cattle blocking road at Vellayambalam Ward,Medium
Stray dogs chasing pedestrians at Kazhakkoottam Junction junction,Medium
Frequent dog bites reported in Vellayambalam Ward area,Critical
Stray animals entering school premises at Karamana Bridge Area,High
Stray dog menace reported at Attakulangara Market Area causing safety concerns,Medium
Stray animals entering school premises at Vanchiyoor Ward,High
Monkey nuisance reported near Palayam Area residential area,High
Carcass of stray animal emitting foul smell at Peroorkada Junction,Medium
Stray dogs chasing pedestrians at Poojappura Road junction,Medium
Injured stray dog lying unattended at Vellayambalam Ward,Critical
Cattle roaming freely on road at Nemom Ward causing traffic issues,Medium
Request for dog sterilization drive at Vanchiyoor Ward locality,Low
Aggressive stray dogs spotted near Vellayambalam Ward,Critical
Frequent dog bites reported in Kazhakkoottam Junction area,Critical
Stray dogs chasing pedestrians at Palayam Area junction,Medium
Carcass of stray animal emitting foul smell at Kazhakkoottam Junction,Medium
Public complaint about delay in animal control response at East Fort Junction,Low
Request for dog sterilization drive at Kowdiar Junction locality,Low
Stray pigs roaming near market area at Nemom Ward,Medium
Cattle roaming freely on road at Poojappura Road causing traffic issues,Medium
Dead stray animal not removed from Peroorkada Junction area,Medium
Monkey nuisance reported near Attakulangara Market Area residential area,High
Frequent dog bites reported in Peroorkada Junction area,Critical
Dead stray animal not removed from Kowdiar Junction area,Medium
Dead stray animal not removed from Manacaud Area area,Medium
Dead stray animal not removed from Sreekariyam Area area,Medium
Request for dog sterilization drive at Vanchiyoor Ward locality,Low
Dead stray animal not removed from Palayam Area area,Medium
Aggressive stray dogs spotted near Palayam Area,Critical
Injured stray dog lying unattended at Peroorkada Junction,Critical
Public complaint about delay in animal control response at Peroorkada Junction,Low
Stray pigs roaming near market area at Peroorkada Junction,Medium
Monkey nuisance reported near Attakulangara Market Area residential area,High
Stray animals entering school premises at Manacaud Area,High
Monkey nuisance reported near Kowdiar Junction residential area,High
Monkey nuisance reported near Sreekariyam Area residential area,High
Stray pigs roaming near market area at East Fort Junction,Medium
Stray animals entering school premises at Attakulangara Market Area,High
Dead stray animal not removed from Thampanoor Junction area,Medium
Injured stray dog lying unattended at Pattom Ward,Critical
Stray dog menace reported at Vanchiyoor Ward causing safety concerns,Medium
Stray animals entering school premises at Sreekariyam Area,High
Injured stray dog lying unattended at Vanchiyoor Ward,Critical
Stray dog pack disturbing residents at Peroorkada Junction,High
Request for dog sterilization drive at Kazhakkoottam Junction locality,Low
Stray pigs roaming near market area at East Fort Junction,Medium
Aggressive stray dogs spotted near Thampanoor Junction,Critical
Injured stray dog lying unattended at Pattom Ward,Critical
Aggressive stray dogs spotted near Attakulangara Market Area,Critical
Request for dog sterilization drive at Sreekariyam Area locality,Low
Injured stray dog lying unattended at Peroorkada Junction,Critical
Cattle roaming freely on road at Sreekariyam Area causing traffic issues,Medium
Dead stray animal not removed from Attakulangara Market Area area,Medium
Stray dog menace reported at Kazhakkoottam Junction causing safety concerns,Medium
Cattle roaming freely on road at Kazhakkoottam Junction causing traffic issues,Medium
Dead stray animal not removed from Attakulangara Market Area area,Medium
Monkey nuisance reported near Kazhakkoottam Junction residential area,High
Stray dog pack disturbing residents at Poojappura Road,High
Stray animals entering school premises at Peroorkada Junction,High
Injured stray dog lying unattended at Sreekariyam Area,Critical
Frequent dog bites reported in Pattom Ward area,Critical
Stray animals entering school premises at Vellayambalam Ward,High
Stray dog pack disturbing residents at Kazhakkoottam Junction,High
Stray dogs chasing pedestrians at Nemom Ward junction,Medium
Frequent dog bites reported in East Fort Junction area,Critical
Public complaint about delay in animal control response at Sreekariyam Area,Low
Stray pigs roaming near market area at Vellayambalam Ward,Medium
Aggressive stray dogs spotted near Poojappura Road,Critical
Public complaint about delay in animal control response at Nemom Ward,Low
Carcass of stray animal emitting foul smell at Peroorkada Junction,Medium
Stray dog pack disturbing residents at Pattom Ward,High
Stray animals entering school premises at Poojappura Road,High
Public complaint about delay in animal control response at Vellayambalam Ward,Low
Cattle roaming freely on road at Vanchiyoor Ward causing traffic issues,Medium
Stray cattle blocking road at Poojappura Road,Medium
Stray dogs chasing pedestrians at Vellayambalam Ward junction,Medium
Stray pigs roaming near market area at Manacaud Area,Medium
Stray dog pack disturbing residents at Vellayambalam Ward,High
Stray dog menace reported at Kowdiar Junction causing safety concerns,Medium
Cattle roaming freely on road at Kazhakkoottam Junction causing traffic issues,Medium
Stray dogs chasing pedestrians at Thampanoor Junction junction,Medium
Stray dog menace reported at Poojappura Road causing safety concerns,Medium
Aggressive stray dogs spotted near Kowdiar Junction,Critical
Cattle roaming freely on road at Kowdiar Junction causing traffic issues,Medium
Frequent dog bites reported in Peroorkada Junction area,Critical
Cattle roaming freely on road at Palayam Area causing traffic issues,Medium
Dead stray animal not removed from Kazhakkoottam Junction area,Medium
Stray dog pack disturbing residents at Pattom Ward,High
Dead stray animal not removed from Vellayambalam Ward area,Medium
Stray cattle blocking road at Nemom Ward,Medium
Frequent dog bites reported in Kazhakkoottam Junction area,Critical
Public complaint about delay in animal control response at East Fort Junction,Low
Stray dog menace reported at Kowdiar Junction causing safety concerns,Medium
Public complaint about delay in animal control response at Vanchiyoor Ward,Low
Dead stray animal not removed from Nemom Ward area,Medium
Stray animals entering school premises at East Fort Junction,High
Cattle roaming freely on road at Vellayambalam Ward causing traffic issues,Medium
Stray dog pack disturbing residents at Kowdiar Junction,High
Frequent dog bites reported in Kazhakkoottam Junction area,Critical
Monkey nuisance reported near Nemom Ward residential area,High
Carcass of stray animal emitting foul smell at Vellayambalam Ward,Medium
Request for dog sterilization drive at Peroorkada Junction locality,Low
Stray animals entering school premises at Peroorkada Junction,High
Injured stray dog lying unattended at Nemom Ward,Critical
Stray dog pack disturbing residents at Palayam Area,High
Request for dog sterilization drive at Pattom Ward locality,Low
Monkey nuisance reported near Vanchiyoor Ward residential area,High
Stray cattle blocking road at Manacaud Area,Medium
Frequent dog bites reported in Vanchiyoor Ward area,Critical
Monkey nuisance reported near Palayam Area residential area,High
Stray dogs chasing pedestrians at Thampanoor Junction junction,Medium
Carcass of stray animal emitting foul smell at Kowdiar Junction,Medium
Cattle roaming freely on road at Kowdiar Junction causing traffic issues,Medium
Monkey nuisance reported near Attakulangara Market Area residential area,High
Cattle roaming freely on road at Pattom Ward causing traffic issues,Medium
Monkey nuisance reported near East Fort Junction residential area,High
Stray cattle blocking road at Manacaud Area,Medium
Stray animals entering school premises at Attakulangara Market Area,High
Cattle roaming freely on road at Pattom Ward causing traffic issues,Medium
Injured stray dog lying unattended at Sreekariyam Area,Critical
Stray animals entering school premises at Attakulangara Market Area,High
Dead stray animal not removed from Kowdiar Junction area,Medium
Carcass of stray animal emitting foul smell at Kowdiar Junction,Medium
Stray animals entering school premises at Nemom Ward,High
Aggressive stray dogs spotted near Thampanoor Junction,Critical
Frequent dog bites reported in Vellayambalam Ward area,Critical
Stray dog menace reported at East Fort Junction causing safety concerns,Medium
Public complaint about delay in animal control response at Pattom Ward,Low
Stray pigs roaming near market area at Palayam Area,Medium
Aggressive stray dogs spotted near Vellayambalam Ward,Critical
Carcass of stray animal emitting foul smell at Poojappura Road,Medium
Request for dog sterilization drive at Nemom Ward locality,Low
Cattle roaming freely on road at Karamana Bridge Area causing traffic issues,Medium
Cattle roaming freely on road at Kazhakkoottam Junction causing traffic issues,Medium
Injured stray dog lying unattended at Pattom Ward,Critical
Request for dog sterilization drive at Vanchiyoor Ward locality,Low
Stray pigs roaming near market area at East Fort Junction,Medium
Monkey nuisance reported near Vanchiyoor Ward residential area,High
Stray cattle blocking road at Thampanoor Junction,Medium
Stray dog menace reported at Vellayambalam Ward causing safety concerns,Medium
Public complaint about delay in animal control response at Attakulangara Market Area,Low
Frequent dog bites reported in Kazhakkoottam Junction area,Critical
Frequent dog bites reported in Attakulangara Market Area area,Critical
Frequent dog bites reported in Poojappura Road area,Critical
Stray dog menace reported at Manacaud Area causing safety concerns,Medium
Request for dog sterilization drive at Peroorkada Junction locality,Low
Frequent dog bites reported in Peroorkada Junction area,Critical
Stray animals entering school premises at Palayam Area,High
Stray pigs roaming near market area at Manacaud Area,Medium
Request for dog sterilization drive at Palayam Area locality,Low
Aggressive stray dogs spotted near Vellayambalam Ward,Critical
Request for dog sterilization drive at Palayam Area locality,Low
Stray dog menace reported at Sreekariyam Area causing safety concerns,Medium
Monkey nuisance reported near Poojappura Road residential area,High
Stray pigs roaming near market area at Peroorkada Junction,Medium
Stray pigs roaming near market area at Manacaud Area,Medium
Cattle roaming freely on road at Sreekariyam Area causing traffic issues,Medium
Dead stray animal not removed from Manacaud Area area,Medium
Request for dog sterilization drive at Kazhakkoottam Junction locality,Low
Monkey nuisance reported near Kowdiar Junction residential area,High
Stray dog pack disturbing residents at Nemom Ward,High
Public complaint about delay in animal control response at East Fort Junction,Low
Frequent dog bites reported in Palayam Area area,Critical
Carcass of stray animal emitting foul smell at Manacaud Area,Medium
Stray dog pack disturbing residents at Karamana Bridge Area,High
Stray dog menace reported at Karamana Bridge Area causing safety concerns,Medium
Stray dog pack disturbing residents at Poojappura Road,High
Request for dog sterilization drive at Vellayambalam Ward locality,Low
Monkey nuisance reported near Attakulangara Market Area residential area,High
Injured stray dog lying unattended at Nemom Ward,Critical
Stray animals entering school premises at Sreekariyam Area,High
Aggressive stray dogs spotted near Pattom Ward,Critical
Stray animals entering school premises at East Fort Junction,High
Carcass of stray animal emitting foul smell at Nemom Ward,Medium
Carcass of stray animal emitting foul smell at Karamana Bridge Area,Medium
Aggressive stray dogs spotted near Nemom Ward,Critical
Stray dog pack disturbing residents at Kowdiar Junction,High
Aggressive stray dogs spotted near Karamana Bridge Area,Critical
Stray pigs roaming near market area at East Fort Junction,Medium
Stray dog pack disturbing residents at Palayam Area,High
Injured stray dog lying unattended at Vellayambalam Ward,Critical
Request for dog sterilization drive at Karamana Bridge Area locality,Low
Stray pigs roaming near market area at Nemom Ward,Medium
Cattle roaming freely on road at Kowdiar Junction causing traffic issues,Medium
Cattle roaming freely on road at Poojappura Road causing traffic issues,Medium
Public complaint about delay in animal control response at East Fort Junction,Low
Monkey nuisance reported near Peroorkada Junction residential area,High
Stray pigs roaming near market area at Manacaud Area,Medium
Cattle roaming freely on road at Poojappura Road causing traffic issues,Medium
Aggressive stray dogs spotted near Thampanoor Junction,Critical
Public complaint about delay in animal control response at Poojappura Road,Low
Aggressive stray dogs spotted near Pattom Ward,Critical
Stray animals entering school premises at Attakulangara Market Area,High
Monkey nuisance reported near Sreekariyam Area residential area,High
Stray dog pack disturbing residents at Peroorkada Junction,High
Injured stray dog lying unattended at Kazhakkoottam Junction,Critical
Dead stray animal not removed from Manacaud Area area,Medium
Injured stray dog lying unattended at Vanchiyoor Ward,Critical
Stray dog pack disturbing residents at Kowdiar Junction,High
Monkey nuisance reported near Attakulangara Market Area residential area,High
Request for dog sterilization drive at Pattom Ward locality,Low
Frequent dog bites reported in Attakulangara Market Area area,Critical
Injured stray dog lying unattended at Kowdiar Junction,Critical
Injured stray dog lying unattended at Peroorkada Junction,Critical
Stray dog menace reported at Manacaud Area causing safety concerns,Medium
Dead stray animal not removed from Palayam Area area,Medium
Stray dog menace reported at Sreekariyam Area causing safety concerns,Medium
Stray dog pack disturbing residents at East Fort Junction,High
Aggressive stray dogs spotted near Vanchiyoor Ward,Critical
Injured stray dog lying unattended at Thampanoor Junction,Critical
Frequent dog bites reported in Kowdiar Junction area,Critical
Carcass of stray animal emitting foul smell at Attakulangara Market Area,Medium
Stray dog pack disturbing residents at Manacaud Area,High
Dead stray animal not removed from Peroorkada Junction area,Medium
Stray animals entering school premises at Peroorkada Junction,High
Public complaint about delay in animal control response at East Fort Junction,Low
Aggressive stray dogs spotted near Poojappura Road,Critical
Stray pigs roaming near market area at Nemom Ward,Medium
Stray dog pack disturbing residents at Attakulangara Market Area,High
Public complaint about delay in animal control response at Pattom Ward,Low
Monkey nuisance reported near Vanchiyoor Ward residential area,High
Stray dogs chasing pedestrians at Vanchiyoor Ward junction,Medium
Stray dog pack disturbing residents at Nemom Ward,High
Stray animals entering school premises at Kowdiar Junction,High
Request for dog sterilization drive at Manacaud Area locality,Low
Stray animals entering school premises at Attakulangara Market Area,High
Carcass of stray animal emitting foul smell at Manacaud Area,Medium
Stray dog menace reported at Sreekariyam Area causing safety concerns,Medium
Stray cattle blocking road at Vellayambalam Ward,Medium
Stray dog pack disturbing residents at Nemom Ward,High
Public complaint about delay in animal control response at Vellayambalam Ward,Low
Monkey nuisance reported near East Fort Junction residential area,High
Request for dog sterilization drive at Peroorkada Junction locality,Low
Stray dogs chasing pedestrians at Kowdiar Junction junction,Medium
Public complaint about delay in animal control response at Kazhakkoottam Junction,Low
Aggressive stray dogs spotted near Manacaud Area,Critical
Stray dog menace reported at Thampanoor Junction causing safety concerns,Medium
Carcass of stray animal emitting foul smell at East Fort Junction,Medium
Stray dogs chasing pedestrians at Nemom Ward junction,Medium
Stray cattle blocking road at Vanchiyoor Ward,Medium
Carcass of stray animal emitting foul smell at Vanchiyoor Ward,Medium
Stray animals entering school premises at Manacaud Area,High
Monkey nuisance reported near Palayam Area residential area,High
Stray pigs roaming near market area at Vanchiyoor Ward,Medium
Public complaint about delay in animal control response at Sreekariyam Area,Low
Stray dog menace reported at Sreekariyam Area causing safety concerns,Medium
Stray dogs chasing pedestrians at Vellayambalam Ward junction,Medium
Stray dog pack disturbing residents at Palayam Area,High
Public complaint about delay in animal control response at Nemom Ward,Low
Carcass of stray animal emitting foul smell at Vellayambalam Ward,Medium
Aggressive stray dogs spotted near Sreekariyam Area,Critical
Cattle roaming freely on road at Thampanoor Junction causing traffic issues,Medium
Request for dog sterilization drive at Pattom Ward locality,Low
Stray dog menace reported at Peroorkada Junction causing safety concerns,Medium
Aggressive stray dogs spotted near Attakulangara Market Area,Critical
Aggressive stray dogs spotted near Nemom Ward,Critical
Frequent dog bites reported in Attakulangara Market Area area,Critical
Cattle roaming freely on road at Manacaud Area causing traffic issues,Medium
Carcass of stray animal emitting foul smell at Attakulangara Market Area,Medium
Frequent dog bites reported in Manacaud Area area,Critical
Request for dog sterilization drive at Vanchiyoor Ward locality,Low
Public complaint about delay in animal control response at East Fort Junction,Low
Cattle roaming freely on road at Sreekariyam Area causing traffic issues,Medium
Stray dog menace reported at Poojappura Road causing safety concerns,Medium
Cattle roaming freely on road at Vellayambalam Ward causing traffic issues,Medium
Carcass of stray animal emitting foul smell at Manacaud Area,Medium
Stray dog menace reported at Nemom Ward causing safety concerns,Medium
Request for dog sterilization drive at Manacaud Area locality,Low
Aggressive stray dogs spotted near Sreekariyam Area,Critical
Carcass of stray animal emitting foul smell at Karamana Bridge Area,Medium
Frequent dog bites reported in Karamana Bridge Area area,Critical
Stray animals entering school premises at Attakulangara Market Area,High
Monkey nuisance reported near East Fort Junction residential area,High
Carcass of stray animal emitting foul smell at Pattom Ward,Medium
Cattle roaming freely on road at Nemom Ward causing traffic issues,Medium
Aggressive stray dogs spotted near Vellayambalam Ward,Critical
Aggressive stray dogs spotted near Poojappura Road,Critical
Stray dog pack disturbing residents at Peroorkada Junction,High
Stray animals entering school premises at Thampanoor Junction,High
Public complaint about delay in animal control response at Nemom Ward,Low
Stray animals entering school premises at Kowdiar Junction,High
Cattle roaming freely on road at Karamana Bridge Area causing traffic issues,Medium
Cattle roaming freely on road at Attakulangara Market Area causing traffic issues,Medium
Request for dog sterilization drive at Kazhakkoottam Junction locality,Low
Stray cattle blocking road at Kowdiar Junction,Medium
Stray dog pack disturbing residents at Vanchiyoor Ward,High
Stray dogs chasing pedestrians at Thampanoor Junction junction,Medium
Cattle roaming freely on road at Pattom Ward causing traffic issues,Medium
Public complaint about delay in animal control response at Thampanoor Junction,Low
Stray cattle blocking road at Manacaud Area,Medium
Request for dog sterilization drive at Poojappura Road locality,Low
Stray dog menace reported at Nemom Ward causing safety concerns,Medium
Monkey nuisance reported near Karamana Bridge Area residential area,High
Stray cattle blocking road at Sreekariyam Area,Medium
Request for dog sterilization drive at East Fort Junction locality,Low
Aggressive stray dogs spotted near Poojappura Road,Critical
Public complaint about delay in animal control response at Attakulangara Market Area,Low
Monkey nuisance reported near Vellayambalam Ward residential area,High
Frequent dog bites reported in East Fort Junction area,Critical
Stray cattle blocking road at Kowdiar Junction,Medium
Stray animals entering school premises at Kowdiar Junction,High
Stray animals entering school premises at Poojappura Road,High
Dead stray animal not removed from Vellayambalam Ward area,Medium
Aggressive stray dogs spotted near Pattom Ward,Critical
Stray dogs chasing pedestrians at Vanchiyoor Ward junction,Medium
Aggressive stray dogs spotted near Karamana Bridge Area,Critical
Request for dog sterilization drive at Kowdiar Junction locality,Low
Frequent dog bites reported in Attakulangara Market Area area,Critical
Stray pigs roaming near market area at Peroorkada Junction,Medium
Stray pigs roaming near market area at Thampanoor Junction,Medium
Request for dog sterilization drive at Thampanoor Junction locality,Low
Request for dog sterilization drive at Peroorkada Junction locality,Low
Stray cattle blocking road at Manacaud Area,Medium
Aggressive stray dogs spotted near Vanchiyoor Ward,Critical
Dead stray animal not removed from Nemom Ward area,Medium
Stray dog pack disturbing residents at Vanchiyoor Ward,High
Dead stray animal not removed from East Fort Junction area,Medium
Stray cattle blocking road at Peroorkada Junction,Medium
Public complaint about delay in animal control response at Kowdiar Junction,Low
Stray dogs chasing pedestrians at Poojappura Road junction,Medium
Frequent dog bites reported in Palayam Area area,Critical
Stray dog pack disturbing residents at Vellayambalam Ward,High
Stray dog pack disturbing residents at Poojappura Road,High
Public complaint about delay in animal control response at Kowdiar Junction,Low
Improper disposal of biomedical waste reported at Pattom Ward,High
Needle disposal violation reported near Peroorkada Junction,High
Contaminated waste water discharged at Manacaud Area,Medium
Improper disposal of biomedical waste reported at Peroorkada Junction,High
Toxic waste containers left unattended at Vellayambalam Ward,Critical
Hospital waste mixed with regular garbage at Peroorkada Junction,High
Sharp medical objects found in open area at Attakulangara Market Area,Critical
Improper storage of biomedical waste at Sreekariyam Area facility,High
Used syringes and medical waste found dumped at Thampanoor Junction,Critical
Laboratory waste dumped illegally at Palayam Area,Critical
Hazardous chemical waste leakage observed at Attakulangara Market Area,Critical
Toxic waste containers left unattended at Peroorkada Junction,Critical
Toxic waste containers left unattended at Attakulangara Market Area,Critical
Improper storage of biomedical waste at Kowdiar Junction facility,High
Needle disposal violation reported near Attakulangara Market Area,High
Blood-stained medical materials found in garbage at Manacaud Area,Critical
Hospital waste mixed with regular garbage at Attakulangara Market Area,High
Improper disposal of biomedical waste reported at Manacaud Area,High
Hospital waste mixed with regular garbage at Pattom Ward,High
Contaminated waste water discharged at Vanchiyoor Ward,Medium
Used syringes and medical waste found dumped at Attakulangara Market Area,Critical
Contaminated waste water discharged at Poojappura Road,Medium
Sharp medical objects found in open area at Kowdiar Junction,Critical
Laboratory waste dumped illegally at Palayam Area,Critical
Hazardous industrial waste reported at Poojappura Road,Critical
Blood-stained medical materials found in garbage at Kowdiar Junction,Critical
Biomedical waste burning noticed at Peroorkada Junction locality,Critical
Hospital waste mixed with regular garbage at Vanchiyoor Ward,High
Biomedical waste burning noticed at Peroorkada Junction locality,Critical
Toxic waste containers left unattended at Manacaud Area,Critical
Needle disposal violation reported near Karamana Area,High
Hospital waste mixed with regular garbage at Nemom Ward,High
Biomedical waste burning noticed at Peroorkada Junction locality,Critical
Improper storage of biomedical waste at Poojappura Road facility,High
Expired medicines disposed improperly at Vellayambalam Ward,High
Improper storage of biomedical waste at Karamana Area facility,High
Improper storage of biomedical waste at Kazhakkoottam Junction facility,High
Contaminated waste water discharged at Peroorkada Junction,Medium
Improper storage of biomedical waste at Karamana Area facility,High
Hazardous industrial waste reported at Kazhakkoottam Junction,Critical
Toxic waste containers left unattended at Kazhakkoottam Junction,Critical
Used syringes and medical waste found dumped at Attakulangara Market Area,Critical
Improper disposal of biomedical waste reported at Peroorkada Junction,High
Laboratory waste dumped illegally at Karamana Area,Critical
Improper disposal of biomedical waste reported at Vanchiyoor Ward,High
Biomedical waste burning noticed at Manacaud Area locality,Critical
Used syringes and medical waste found dumped at Kazhakkoottam Junction,Critical
Hospital waste mixed with regular garbage at Vanchiyoor Ward,High
Hospital waste mixed with regular garbage at Manacaud Area,High
Hazardous chemical waste leakage observed at Sreekariyam Area,Critical
Sharp medical objects found in open area at Peroorkada Junction,Critical
Contaminated waste water discharged at Kowdiar Junction,Medium
Sharp medical objects found in open area at Manacaud Area,Critical
Used syringes and medical waste found dumped at Vanchiyoor Ward,Critical
Improper disposal of biomedical waste reported at Manacaud Area,High
Biomedical waste burning noticed at Pattom Ward locality,Critical
Blood-stained medical materials found in garbage at Manacaud Area,Critical
Laboratory waste dumped illegally at Palayam Area,Critical
Expired medicines disposed improperly at Manacaud Area,High
Request for inspection of hazardous waste handling at Sreekariyam Area,Low
Expired medicines disposed improperly at East Fort Junction,High
Laboratory waste dumped illegally at Thampanoor Junction,Critical
Laboratory waste dumped illegally at Manacaud Area,Critical
Hazardous chemical waste leakage observed at Poojappura Road,Critical
Sharp medical objects found in open area at Vellayambalam Ward,Critical
Contaminated waste water discharged at Attakulangara Market Area,Medium
Hazardous industrial waste reported at Karamana Area,Critical
Laboratory waste dumped illegally at East Fort Junction,Critical
Hospital waste mixed with regular garbage at Attakulangara Market Area,High
Hospital waste mixed with regular garbage at Sreekariyam Area,High
Improper storage of biomedical waste at Palayam Area facility,High
Blood-stained medical materials found in garbage at Palayam Area,Critical
Sharp medical objects found in open area at Kowdiar Junction,Critical
Used syringes and medical waste found dumped at East Fort Junction,Critical
Used syringes and medical waste found dumped at Peroorkada Junction,Critical
Needle disposal violation reported near Poojappura Road,High
Hazardous industrial waste reported at Peroorkada Junction,Critical
Used syringes and medical waste found dumped at Nemom Ward,Critical
Blood-stained medical materials found in garbage at Thampanoor Junction,Critical
Improper storage of biomedical waste at Poojappura Road facility,High
Hazardous chemical waste leakage observed at Palayam Area,Critical
Needle disposal violation reported near Sreekariyam Area,High
Expired medicines disposed improperly at Palayam Area,High
Improper storage of biomedical waste at Vanchiyoor Ward facility,High
Hazardous chemical waste leakage observed at Pattom Ward,Critical
Needle disposal violation reported near Nemom Ward,High
Biomedical waste burning noticed at Pattom Ward locality,Critical
Blood-stained medical materials found in garbage at Nemom Ward,Critical
Biomedical waste burning noticed at Palayam Area locality,Critical
Improper disposal of biomedical waste reported at Poojappura Road,High
Contaminated waste water discharged at Kowdiar Junction,Medium
Laboratory waste dumped illegally at Poojappura Road,Critical
Sharp medical objects found in open area at Thampanoor Junction,Critical
Hazardous chemical waste leakage observed at Peroorkada Junction,Critical
Request for inspection of hazardous waste handling at Kowdiar Junction,Low
Improper storage of biomedical waste at Karamana Area facility,High
Toxic waste containers left unattended at Kowdiar Junction,Critical
Hospital waste mixed with regular garbage at Palayam Area,High
Contaminated waste water discharged at Peroorkada Junction,Medium
Hazardous industrial waste reported at Sreekariyam Area,Critical
Used syringes and medical waste found dumped at Kazhakkoottam Junction,Critical
Sharp medical objects found in open area at Karamana Area,Critical
Laboratory waste dumped illegally at Nemom Ward,Critical
Sharp medical objects found in open area at Kowdiar Junction,Critical
Expired medicines disposed improperly at Nemom Ward,High
Sharp medical objects found in open area at Manacaud Area,Critical
Blood-stained medical materials found in garbage at Attakulangara Market Area,Critical
Biomedical waste burning noticed at Kazhakkoottam Junction locality,Critical
Hazardous chemical waste leakage observed at Nemom Ward,Critical
Sharp medical objects found in open area at Poojappura Road,Critical
Toxic waste containers left unattended at Sreekariyam Area,Critical
Sharp medical objects found in open area at Vellayambalam Ward,Critical
Used syringes and medical waste found dumped at Poojappura Road,Critical
Needle disposal violation reported near Vanchiyoor Ward,High
Expired medicines disposed improperly at Vellayambalam Ward,High
Hospital waste mixed with regular garbage at Peroorkada Junction,High
Toxic waste containers left unattended at Attakulangara Market Area,Critical
Sharp medical objects found in open area at Sreekariyam Area,Critical
Biomedical waste burning noticed at Sreekariyam Area locality,Critical
Hazardous industrial waste reported at Thampanoor Junction,Critical
Hazardous chemical waste leakage observed at Pattom Ward,Critical
Hazardous industrial waste reported at Manacaud Area,Critical
Contaminated waste water discharged at Karamana Area,Medium
Sharp medical objects found in open area at Karamana Area,Critical
Needle disposal violation reported near Vanchiyoor Ward,High
Hazardous chemical waste leakage observed at Kazhakkoottam Junction,Critical
Request for inspection of hazardous waste handling at Vellayambalam Ward,Low
Improper storage of biomedical waste at Poojappura Road facility,High
Request for inspection of hazardous waste handling at Poojappura Road,Low
Request for inspection of hazardous waste handling at Kazhakkoottam Junction,Low
Toxic waste containers left unattended at Sreekariyam Area,Critical
Toxic waste containers left unattended at Manacaud Area,Critical
Sharp medical objects found in open area at Manacaud Area,Critical
Improper storage of biomedical waste at Pattom Ward facility,High
Needle disposal violation reported near Poojappura Road,High
Request for inspection of hazardous waste handling at Vellayambalam Ward,Low
Hazardous chemical waste leakage observed at Attakulangara Market Area,Critical
Improper storage of biomedical waste at Sreekariyam Area facility,High
Expired medicines disposed improperly at Palayam Area,High
Toxic waste containers left unattended at Sreekariyam Area,Critical
Expired medicines disposed improperly at Peroorkada Junction,High
Sharp medical objects found in open area at Thampanoor Junction,Critical
Expired medicines disposed improperly at Vanchiyoor Ward,High
Used syringes and medical waste found dumped at Vellayambalam Ward,Critical
Toxic waste containers left unattended at Attakulangara Market Area,Critical
Needle disposal violation reported near Vanchiyoor Ward,High
Contaminated waste water discharged at Poojappura Road,Medium
Toxic waste containers left unattended at Pattom Ward,Critical
Blood-stained medical materials found in garbage at Attakulangara Market Area,Critical
Used syringes and medical waste found dumped at Vellayambalam Ward,Critical
Expired medicines disposed improperly at Manacaud Area,High
Sharp medical objects found in open area at Nemom Ward,Critical
Improper storage of biomedical waste at Nemom Ward facility,High
Hospital waste mixed with regular garbage at Thampanoor Junction,High
Hazardous industrial waste reported at Kowdiar Junction,Critical
Biomedical waste burning noticed at Nemom Ward locality,Critical
Toxic waste containers left unattended at Palayam Area,Critical
Toxic waste containers left unattended at Thampanoor Junction,Critical
Toxic waste containers left unattended at Poojappura Road,Critical
Hospital waste mixed with regular garbage at Vellayambalam Ward,High
Hazardous industrial waste reported at Thampanoor Junction,Critical
Toxic waste containers left unattended at Pattom Ward,Critical
Needle disposal violation reported near Kazhakkoottam Junction,High
Request for inspection of hazardous waste handling at Attakulangara Market Area,Low
Hazardous chemical waste leakage observed at Kowdiar Junction,Critical
Hazardous chemical waste leakage observed at Karamana Area,Critical
Request for inspection of hazardous waste handling at Vellayambalam Ward,Low
Contaminated waste water discharged at Manacaud Area,Medium
Hazardous industrial waste reported at Nemom Ward,Critical
Hazardous industrial waste reported at Attakulangara Market Area,Critical
Sharp medical objects found in open area at East Fort Junction,Critical
Hazardous industrial waste reported at East Fort Junction,Critical
Sharp medical objects found in open area at Sreekariyam Area,Critical
Laboratory waste dumped illegally at East Fort Junction,Critical
Improper storage of biomedical waste at Peroorkada Junction facility,High
Biomedical waste burning noticed at Poojappura Road locality,Critical
Laboratory waste dumped illegally at Palayam Area,Critical
Hospital waste mixed with regular garbage at Karamana Area,High
Request for inspection of hazardous waste handling at Sreekariyam Area,Low
Request for inspection of hazardous waste handling at Manacaud Area,Low
Needle disposal violation reported near Pattom Ward,High
Biomedical waste burning noticed at Vanchiyoor Ward locality,Critical
Needle disposal violation reported near Vellayambalam Ward,High
Toxic waste containers left unattended at Pattom Ward,Critical
Sharp medical objects found in open area at Poojappura Road,Critical
Hazardous chemical waste leakage observed at Sreekariyam Area,Critical
Needle disposal violation reported near East Fort Junction,High
Biomedical waste burning noticed at Thampanoor Junction locality,Critical
Laboratory waste dumped illegally at Vanchiyoor Ward,Critical
Hospital waste mixed with regular garbage at Peroorkada Junction,High
Expired medicines disposed improperly at Attakulangara Market Area,High
Hazardous chemical waste leakage observed at Thampanoor Junction,Critical
Hazardous industrial waste reported at Vanchiyoor Ward,Critical
Improper disposal of biomedical waste reported at Kowdiar Junction,High
Sharp medical objects found in open area at Vanchiyoor Ward,Critical
Biomedical waste burning noticed at Kazhakkoottam Junction locality,Critical
Blood-stained medical materials found in garbage at Sreekariyam Area,Critical
Contaminated waste water discharged at Kowdiar Junction,Medium
Biomedical waste burning noticed at Attakulangara Market Area locality,Critical
Toxic waste containers left unattended at Pattom Ward,Critical
Improper disposal of biomedical waste reported at Nemom Ward,High
Blood-stained medical materials found in garbage at Pattom Ward,Critical
Biomedical waste burning noticed at Kowdiar Junction locality,Critical
Sharp medical objects found in open area at Pattom Ward,Critical
Hazardous chemical waste leakage observed at Nemom Ward,Critical
Hazardous industrial waste reported at Thampanoor Junction,Critical
Laboratory waste dumped illegally at Pattom Ward,Critical
Sharp medical objects found in open area at Sreekariyam Area,Critical
Hazardous industrial waste reported at Manacaud Area,Critical
Hazardous chemical waste leakage observed at East Fort Junction,Critical
Expired medicines disposed improperly at Manacaud Area,High
Improper storage of biomedical waste at Kowdiar Junction facility,High
Hospital waste mixed with regular garbage at Thampanoor Junction,High
Hazardous industrial waste reported at Kazhakkoottam Junction,Critical
Needle disposal violation reported near Sreekariyam Area,High
Biomedical waste burning noticed at Vanchiyoor Ward locality,Critical
Hazardous industrial waste reported at Poojappura Road,Critical
Laboratory waste dumped illegally at East Fort Junction,Critical
Hospital waste mixed with regular garbage at Attakulangara Market Area,High
Contaminated waste water discharged at Poojappura Road,Medium
Contaminated waste water discharged at East Fort Junction,Medium
Request for inspection of hazardous waste handling at East Fort Junction,Low
Sharp medical objects found in open area at Thampanoor Junction,Critical
Toxic waste containers left unattended at Kowdiar Junction,Critical
Needle disposal violation reported near Manacaud Area,High
Laboratory waste dumped illegally at Manacaud Area,Critical
Needle disposal violation reported near Poojappura Road,High
Hazardous chemical waste leakage observed at Attakulangara Market Area,Critical
Contaminated waste water discharged at Manacaud Area,Medium
Expired medicines disposed improperly at Poojappura Road,High
Hospital waste mixed with regular garbage at Vellayambalam Ward,High
Contaminated waste water discharged at East Fort Junction,Medium
Contaminated waste water discharged at Poojappura Road,Medium
Toxic waste containers left unattended at Karamana Area,Critical
Hospital waste mixed with regular garbage at Kazhakkoottam Junction,High
Improper storage of biomedical waste at Pattom Ward facility,High
Biomedical waste burning noticed at Kazhakkoottam Junction locality,Critical
Laboratory waste dumped illegally at Vellayambalam Ward,Critical
Improper storage of biomedical waste at Sreekariyam Area facility,High
Hazardous industrial waste reported at Pattom Ward,Critical
Laboratory waste dumped illegally at Kazhakkoottam Junction,Critical
Contaminated waste water discharged at Thampanoor Junction,Medium
Toxic waste containers left unattended at Kowdiar Junction,Critical
Improper storage of biomedical waste at Kowdiar Junction facility,High
Improper disposal of biomedical waste reported at Kowdiar Junction,High
Hazardous industrial waste reported at Peroorkada Junction,Critical
Request for inspection of hazardous waste handling at Kowdiar Junction,Low
Contaminated waste water discharged at Peroorkada Junction,Medium
Hospital waste mixed with regular garbage at Vellayambalam Ward,High
Needle disposal violation reported near Kazhakkoottam Junction,High
Hospital waste mixed with regular garbage at Attakulangara Market Area,High
Hospital waste mixed with regular garbage at Pattom Ward,High
Request for inspection of hazardous waste handling at East Fort Junction,Low
Hazardous industrial waste reported at Peroorkada Junction,Critical
Improper storage of biomedical waste at Vellayambalam Ward facility,High
Needle disposal violation reported near Nemom Ward,High
Hazardous industrial waste reported at Pattom Ward,Critical
Biomedical waste burning noticed at Vanchiyoor Ward locality,Critical
Blood-stained medical materials found in garbage at Kazhakkoottam Junction,Critical
Expired medicines disposed improperly at Vellayambalam Ward,High
Biomedical waste burning noticed at Thampanoor Junction locality,Critical
Used syringes and medical waste found dumped at Manacaud Area,Critical
Needle disposal violation reported near Nemom Ward,High
Blood-stained medical materials found in garbage at East Fort Junction,Critical
Biomedical waste burning noticed at Karamana Area locality,Critical
Blood-stained medical materials found in garbage at Vellayambalam Ward,Critical
Blood-stained medical materials found in garbage at Kowdiar Junction,Critical
Laboratory waste dumped illegally at Pattom Ward,Critical
Request for inspection of hazardous waste handling at Kazhakkoottam Junction,Low
Blood-stained medical materials found in garbage at Vellayambalam Ward,Critical
Needle disposal violation reported near Thampanoor Junction,High
Hazardous chemical waste leakage observed at Palayam Area,Critical
Hazardous chemical waste leakage observed at Palayam Area,Critical
Blood-stained medical materials found in garbage at Vellayambalam Ward,Critical
Needle disposal violation reported near Karamana Area,High
Blood-stained medical materials found in garbage at Peroorkada Junction,Critical
Used syringes and medical waste found dumped at Sreekariyam Area,Critical
Contaminated waste water discharged at Kowdiar Junction,Medium
Improper disposal of biomedical waste reported at Peroorkada Junction,High
Request for inspection of hazardous waste handling at Pattom Ward,Low
Request for inspection of hazardous waste handling at East Fort Junction,Low
Blood-stained medical materials found in garbage at Kazhakkoottam Junction,Critical
Hazardous industrial waste reported at Karamana Area,Critical
Hospital waste mixed with regular garbage at Palayam Area,High
Laboratory waste dumped illegally at Nemom Ward,Critical
Needle disposal violation reported near Vanchiyoor Ward,High
Blood-stained medical materials found in garbage at Sreekariyam Area,Critical
Contaminated waste water discharged at Poojappura Road,Medium
Used syringes and medical waste found dumped at Kowdiar Junction,Critical
Hospital waste mixed with regular garbage at Pattom Ward,High
Needle disposal violation reported near Vanchiyoor Ward,High
Improper disposal of biomedical waste reported at Karamana Area,High
Needle disposal violation reported near East Fort Junction,High
Biomedical waste burning noticed at Palayam Area locality,Critical
Expired medicines disposed improperly at Vellayambalam Ward,High
Improper disposal of biomedical waste reported at Vanchiyoor Ward,High
Contaminated waste water discharged at Nemom Ward,Medium
Biomedical waste burning noticed at Palayam Area locality,Critical
Needle disposal violation reported near Peroorkada Junction,High
Improper storage of biomedical waste at Karamana Area facility,High
Sharp medical objects found in open area at Kowdiar Junction,Critical
Blood-stained medical materials found in garbage at Kowdiar Junction,Critical
Contaminated waste water discharged at Peroorkada Junction,Medium
Laboratory waste dumped illegally at Kazhakkoottam Junction,Critical
Improper disposal of biomedical waste reported at Attakulangara Market Area,High
Needle disposal violation reported near Manacaud Area,High
Hazardous industrial waste reported at Pattom Ward,Critical
Blood-stained medical materials found in garbage at Nemom Ward,Critical
Request for inspection of hazardous waste handling at Peroorkada Junction,Low
Toxic waste containers left unattended at Poojappura Road,Critical
Hospital waste mixed with regular garbage at Pattom Ward,High
Sharp medical objects found in open area at Pattom Ward,Critical
Hospital waste mixed with regular garbage at Sreekariyam Area,High
Toxic waste containers left unattended at Sreekariyam Area,Critical
Hazardous industrial waste reported at Kazhakkoottam Junction,Critical
Toxic waste containers left unattended at Attakulangara Market Area,Critical
Sharp medical objects found in open area at Vellayambalam Ward,Critical
Hospital waste mixed with regular garbage at Nemom Ward,High
Hospital waste mixed with regular garbage at Peroorkada Junction,High
Toxic waste containers left unattended at Vellayambalam Ward,Critical
Contaminated waste water discharged at Poojappura Road,Medium
Biomedical waste burning noticed at Karamana Area locality,Critical
Laboratory waste dumped illegally at Thampanoor Junction,Critical
Contaminated waste water discharged at Vanchiyoor Ward,Medium
Biomedical waste burning noticed at Thampanoor Junction locality,Critical
Hazardous industrial waste reported at Attakulangara Market Area,Critical
Improper storage of biomedical waste at Attakulangara Market Area facility,High
Toxic waste containers left unattended at Karamana Area,Critical
Hazardous industrial waste reported at East Fort Junction,Critical
Improper disposal of biomedical waste reported at Sreekariyam Area,High
Biomedical waste burning noticed at Vellayambalam Ward locality,Critical
Expired medicines disposed improperly at Poojappura Road,High
Hospital waste mixed with regular garbage at Vellayambalam Ward,High
Laboratory waste dumped illegally at Poojappura Road,Critical
Expired medicines disposed improperly at Kowdiar Junction,High
Sharp medical objects found in open area at Vanchiyoor Ward,Critical
Expired medicines disposed improperly at Palayam Area,High
Blood-stained medical materials found in garbage at Vanchiyoor Ward,Critical
Sharp medical objects found in open area at Sreekariyam Area,Critical
Improper disposal of biomedical waste reported at Poojappura Road,High
Improper storage of biomedical waste at East Fort Junction facility,High
Improper disposal of biomedical waste reported at Kowdiar Junction,High
Improper storage of biomedical waste at Kowdiar Junction facility,High
Improper disposal of biomedical waste reported at Nemom Ward,High
Hazardous chemical waste leakage observed at Manacaud Area,Critical
Toxic waste containers left unattended at East Fort Junction,Critical
Sharp medical objects found in open area at Kowdiar Junction,Critical
Contaminated waste water discharged at Manacaud Area,Medium
Sharp medical objects found in open area at Karamana Area,Critical
Laboratory waste dumped illegally at Pattom Ward,Critical
Blood-stained medical materials found in garbage at Manacaud Area,Critical
Laboratory waste dumped illegally at Palayam Area,Critical
Toxic waste containers left unattended at Karamana Area,Critical
Hospital waste mixed with regular garbage at Nemom Ward,High
Used syringes and medical waste found dumped at Attakulangara Market Area,Critical
Improper storage of biomedical waste at Manacaud Area facility,High
Used syringes and medical waste found dumped at Thampanoor Junction,Critical
Expired medicines disposed improperly at Poojappura Road,High
Toxic waste containers left unattended at Karamana Area,Critical
Request for inspection of hazardous waste handling at Poojappura Road,Low
Improper disposal of biomedical waste reported at Palayam Area,High
Improper storage of biomedical waste at Pattom Ward facility,High
Sharp medical objects found in open area at Manacaud Area,Critical
Laboratory waste dumped illegally at Vellayambalam Ward,Critical
Request for inspection of hazardous waste handling at East Fort Junction,Low
Contaminated waste water discharged at Palayam Area,Medium
Toxic waste containers left unattended at Karamana Area,Critical
Biomedical waste burning noticed at Thampanoor Junction locality,Critical
Laboratory waste dumped illegally at Palayam Area,Critical
Laboratory waste dumped illegally at Pattom Ward,Critical
Hazardous industrial waste reported at Peroorkada Junction,Critical
Contaminated waste water discharged at Poojappura Road,Medium
Needle disposal violation reported near Vellayambalam Ward,High
Improper storage of biomedical waste at Attakulangara Market Area facility,High
Biomedical waste burning noticed at Thampanoor Junction locality,Critical
Request for inspection of hazardous waste handling at Vanchiyoor Ward,Low
Laboratory waste dumped illegally at Palayam Area,Critical
Contaminated waste water discharged at Kowdiar Junction,Medium
Contaminated waste water discharged at Peroorkada Junction,Medium
Toxic waste containers left unattended at Peroorkada Junction,Critical
Request for inspection of hazardous waste handling at Manacaud Area,Low
Toxic waste containers left unattended at Attakulangara Market Area,Critical
Contaminated waste water discharged at Vellayambalam Ward,Medium
Improper disposal of biomedical waste reported at Palayam Area,High
Needle disposal violation reported near Kazhakkoottam Junction,High
Blood-stained medical materials found in garbage at Karamana Area,Critical
Improper disposal of biomedical waste reported at Manacaud Area,High
Sharp medical objects found in open area at Peroorkada Junction,Critical
Hospital waste mixed with regular garbage at Vanchiyoor Ward,High
Improper storage of biomedical waste at Kazhakkoottam Junction facility,High
Hospital waste mixed with regular garbage at Nemom Ward,High
Hazardous industrial waste reported at Karamana Area,Critical
Request for inspection of hazardous waste handling at Kowdiar Junction,Low
Biomedical waste burning noticed at Vanchiyoor Ward locality,Critical
Expired medicines disposed improperly at Karamana Area,High
Used syringes and medical waste found dumped at Manacaud Area,Critical
Sharp medical objects found in open area at Vanchiyoor Ward,Critical
Toxic waste containers left unattended at Sreekariyam Area,Critical
Toxic waste containers left unattended at Kazhakkoottam Junction,Critical
Expired medicines disposed improperly at Vanchiyoor Ward,High
Needle disposal violation reported near Kazhakkoottam Junction,High
Improper disposal of biomedical waste reported at Kazhakkoottam Junction,High
Hazardous industrial waste reported at East Fort Junction,Critical
Hazardous industrial waste reported at Kowdiar Junction,Critical
Request for inspection of hazardous waste handling at Thampanoor Junction,Low
Sharp medical objects found in open area at Palayam Area,Critical
Needle disposal violation reported near Vellayambalam Ward,High
Hazardous chemical waste leakage observed at Karamana Area,Critical
Needle disposal violation reported near Sreekariyam Area,High
Laboratory waste dumped illegally at Attakulangara Market Area,Critical
Contaminated waste water discharged at Nemom Ward,Medium
Blood-stained medical materials found in garbage at Palayam Area,Critical
Hospital waste mixed with regular garbage at Manacaud Area,High
Sharp medical objects found in open area at Poojappura Road,Critical
Sharp medical objects found in open area at East Fort Junction,Critical
Expired medicines disposed improperly at Vellayambalam Ward,High
Improper disposal of biomedical waste reported at Vellayambalam Ward,High
Expired medicines disposed improperly at East Fort Junction,High
Expired medicines disposed improperly at Manacaud Area,High
Used syringes and medical waste found dumped at Kowdiar Junction,Critical
Expired medicines disposed improperly at Thampanoor Junction,High
Improper disposal of biomedical waste reported at Nemom Ward,High
Hazardous industrial waste reported at Peroorkada Junction,Critical
Expired medicines disposed improperly at Vellayambalam Ward,High
Request for inspection of hazardous waste handling at Poojappura Road,Low
Used syringes and medical waste found dumped at Kowdiar Junction,Critical
Toxic waste containers left unattended at Vanchiyoor Ward,Critical
Laboratory waste dumped illegally at Poojappura Road,Critical
Toxic waste containers left unattended at Pattom Ward,Critical
Blood-stained medical materials found in garbage at Thampanoor Junction,Critical
Hazardous chemical waste leakage observed at Manacaud Area,Critical
Biomedical waste burning noticed at East Fort Junction locality,Critical
Improper disposal of biomedical waste reported at Sreekariyam Area,High
Needle disposal violation reported near Palayam Area,High
Hazardous industrial waste reported at Thampanoor Junction,Critical
Improper storage of biomedical waste at Peroorkada Junction facility,High
Sharp medical objects found in open area at Vellayambalam Ward,Critical
Toxic waste containers left unattended at Thampanoor Junction,Critical
Blood-stained medical materials found in garbage at Palayam Area,Critical
Needle disposal violation reported near Peroorkada Junction,High
Improper disposal of biomedical waste reported at East Fort Junction,High
Request for inspection of hazardous waste handling at Kazhakkoottam Junction,Low
Request for inspection of hazardous waste handling at Palayam Area,Low
Hospital waste mixed with regular garbage at Karamana Area,High
Improper storage of biomedical waste at Thampanoor Junction facility,High
Hazardous chemical waste leakage observed at Karamana Area,Critical
Hazardous chemical waste leakage observed at East Fort Junction,Critical
Contaminated waste water discharged at Manacaud Area,Medium
Needle disposal violation reported near Kazhakkoottam Junction,High
Hazardous industrial waste reported at Sreekariyam Area,Critical
Biomedical waste burning noticed at Peroorkada Junction locality,Critical
Used syringes and medical waste found dumped at Thampanoor Junction,Critical
Laboratory waste dumped illegally at Nemom Ward,Critical
Improper disposal of biomedical waste reported at Manacaud Area,High
Improper disposal of biomedical waste reported at East Fort Junction,High
Improper storage of biomedical waste at Vanchiyoor Ward facility,High
Expired medicines disposed improperly at Poojappura Road,High
Laboratory waste dumped illegally at Karamana Area,Critical
Toxic waste containers left unattended at Peroorkada Junction,Critical
Toxic waste containers left unattended at Thampanoor Junction,Critical
Contaminated waste water discharged at Vellayambalam Ward,Medium
Hazardous chemical waste leakage observed at Nemom Ward,Critical
Laboratory waste dumped illegally at Manacaud Area,Critical
Laboratory waste dumped illegally at Pattom Ward,Critical
Laboratory waste dumped illegally at Thampanoor Junction,Critical
Toxic waste containers left unattended at Pattom Ward,Critical
Needle disposal violation reported near Attakulangara Market Area,High
Improper disposal of biomedical waste reported at Sreekariyam Area,High
Request for inspection of hazardous waste handling at Kazhakkoottam Junction,Low
Toxic waste containers left unattended at Nemom Ward,Critical
Hazardous chemical waste leakage observed at Palayam Area,Critical
Sharp medical objects found in open area at Pattom Ward,Critical
Sharp medical objects found in open area at Nemom Ward,Critical
Blood-stained medical materials found in garbage at Kazhakkoottam Junction,Critical
Used syringes and medical waste found dumped at Kazhakkoottam Junction,Critical
Contaminated waste water discharged at Vanchiyoor Ward,Medium
Improper disposal of biomedical waste reported at Kazhakkoottam Junction,High
Blood-stained medical materials found in garbage at Thampanoor Junction,Critical
Biomedical waste burning noticed at Kazhakkoottam Junction locality,Critical
Used syringes and medical waste found dumped at Sreekariyam Area,Critical
Improper disposal of biomedical waste reported at Kowdiar Junction,High
Hospital waste mixed with regular garbage at Palayam Area,High
Sharp medical objects found in open area at Palayam Area,Critical
Laboratory waste dumped illegally at Palayam Area,Critical
Sharp medical objects found in open area at Vellayambalam Ward,Critical
Sharp medical objects found in open area at Kowdiar Junction,Critical
Improper storage of biomedical waste at Thampanoor Junction facility,High
Used syringes and medical waste found dumped at Thampanoor Junction,Critical
Hazardous chemical waste leakage observed at Thampanoor Junction,Critical
Improper disposal of biomedical waste reported at Vanchiyoor Ward,High
Sharp medical objects found in open area at Peroorkada Junction,Critical
Hospital waste mixed with regular garbage at Karamana Area,High
Biomedical waste burning noticed at Vellayambalam Ward locality,Critical
Blood-stained medical materials found in garbage at Kowdiar Junction,Critical
Hospital waste mixed with regular garbage at Sreekariyam Area,High
Laboratory waste dumped illegally at Kowdiar Junction,Critical
Expired medicines disposed improperly at Sreekariyam Area,High
Contaminated waste water discharged at Karamana Area,Medium
Blood-stained medical materials found in garbage at Vanchiyoor Ward,Critical
Hazardous chemical waste leakage observed at Attakulangara Market Area,Critical
Application status showing pending for certificate at Karamana Zonal Office,Low
Name spelling mistake in birth certificate issued at Peroorkada Civic Center,Low
Hospital record mismatch affecting certificate issuance at Poojappura Zonal Office,Low
Parent details incorrectly recorded in birth certificate at Attakulangara Ward Section,Low
Hospital record mismatch affecting certificate issuance at Fort Area Civic Office,Low
Name spelling mistake in birth certificate issued at Kazhakkoottam Zonal Office,Low
Hospital record mismatch affecting certificate issuance at Manacaud Ward Office,Low
Late registration of birth not accepted at Karamana Zonal Office office,Low
Urgent birth certificate request delayed at Nemom Ward Office,Low
Incorrect date of birth mentioned in certificate from Palayam Records Office,Low
Death certificate download link not working for Palayam Records Office,Low
Online application for death certificate not processed at Poojappura Zonal Office,Low
Online application for death certificate not processed at Vellayambalam Ward Office,Low
Delay in issuing birth certificate at Thampanoor Municipal Office TVM Corporation office,Low
Death certificate download link not working for Thampanoor Municipal Office,Low
Urgent birth certificate request delayed at Kowdiar Area Office,Low
Application status showing pending for certificate at Karamana Zonal Office,Low
Name spelling mistake in birth certificate issued at Sreekariyam Civic Center,Low
Name spelling mistake in birth certificate issued at Thampanoor Municipal Office,Low
Duplicate birth certificate request not approved at Peroorkada Civic Center,Low
Urgent birth certificate request delayed at Pattom Ward Office,Low
Parent details incorrectly recorded in birth certificate at Nemom Ward Office,Low
Name spelling mistake in birth certificate issued at Karamana Zonal Office,Low
Name spelling mistake in birth certificate issued at Kowdiar Area Office,Low
Incorrect date of birth mentioned in certificate from Vanchiyoor Corporation Office,Low
Name spelling mistake in birth certificate issued at Thampanoor Municipal Office,Low
Duplicate birth certificate request not approved at Nemom Ward Office,Low
Death certificate download link not working for Vellayambalam Ward Office,Low
Online application for death certificate not processed at Sreekariyam Civic Center,Low
Online application for death certificate not processed at Nemom Ward Office,Low
Hospital record mismatch affecting certificate issuance at Nemom Ward Office,Low
Death certificate download link not working for Palayam Records Office,Low
Incorrect date of birth mentioned in certificate from Thampanoor Municipal Office,Low
Incorrect place of birth recorded in certificate at Fort Area Civic Office,Low
Late registration of birth not accepted at Manacaud Ward Office office,Low
Hospital record mismatch affecting certificate issuance at Poojappura Zonal Office,Low
Birth certificate correction request pending at Pattom Ward Office,Low
Duplicate birth certificate request not approved at Peroorkada Civic Center,Low
Certificate payment successful but not updated in portal at Manacaud Ward Office,Low
Hospital record mismatch affecting certificate issuance at Sreekariyam Civic Center,Low
Delay in issuing birth certificate at Poojappura Zonal Office TVM Corporation office,Low
Death certificate download link not working for Poojappura Zonal Office,Low
Delay in issuing birth certificate at Kazhakkoottam Zonal Office TVM Corporation office,Low
Death certificate not received despite payment at Kazhakkoottam Zonal Office,Low
Delay in issuing birth certificate at Peroorkada Civic Center TVM Corporation office,Low
Duplicate birth certificate request not approved at Pattom Ward Office,Low
Hospital record mismatch affecting certificate issuance at Vanchiyoor Corporation Office,Low
Hospital record mismatch affecting certificate issuance at Vellayambalam Ward Office,Low
Parent details incorrectly recorded in birth certificate at Poojappura Zonal Office,Low
Application status showing pending for certificate at Vellayambalam Ward Office,Low
Urgent birth certificate request delayed at Fort Area Civic Office,Low
Application status showing pending for certificate at Palayam Records Office,Low
Death certificate download link not working for Thampanoor Municipal Office,Low
Death certificate not received despite payment at Karamana Zonal Office,Low
Duplicate birth certificate request not approved at Vanchiyoor Corporation Office,Low
Late registration of birth not accepted at Sreekariyam Civic Center office,Low
Death certificate download link not working for Thampanoor Municipal Office,Low
Urgent birth certificate request delayed at Nemom Ward Office,Low
Birth certificate correction request pending at Kazhakkoottam Zonal Office,Low
Birth certificate correction request pending at Vellayambalam Ward Office,Low
Delay in issuing birth certificate at Fort Area Civic Office TVM Corporation office,Low
Certificate payment successful but not updated in portal at Fort Area Civic Office,Low
Urgent birth certificate request delayed at Karamana Zonal Office,Low
Name spelling mistake in birth certificate issued at Vanchiyoor Corporation Office,Low
Duplicate birth certificate request not approved at Karamana Zonal Office,Low
Urgent birth certificate request delayed at Vellayambalam Ward Office,Low
Death certificate download link not working for Kowdiar Area Office,Low
Late registration of birth not accepted at Fort Area Civic Office office,Low
Application status showing pending for certificate at Vanchiyoor Corporation Office,Low
Delay in issuing birth certificate at Peroorkada Civic Center TVM Corporation office,Low
Late registration of birth not accepted at Thampanoor Municipal Office office,Low
Late registration of birth not accepted at Vanchiyoor Corporation Office office,Low
Death certificate not received despite payment at Peroorkada Civic Center,Low
Parent details incorrectly recorded in birth certificate at Fort Area Civic Office,Low
Certificate payment successful but not updated in portal at Fort Area Civic Office,Low
Duplicate birth certificate request not approved at Manacaud Ward Office,Low
Death certificate download link not working for Manacaud Ward Office,Low
Name spelling mistake in birth certificate issued at Manacaud Ward Office,Low
Delay in issuing birth certificate at Attakulangara Ward Section TVM Corporation office,Low
Online application for death certificate not processed at Kazhakkoottam Zonal Office,Low
Urgent birth certificate request delayed at Vellayambalam Ward Office,Low
Death certificate download link not working for Attakulangara Ward Section,Low
Death certificate not received despite payment at Palayam Records Office,Low
Duplicate birth certificate request not approved at Thampanoor Municipal Office,Low
Urgent birth certificate request delayed at Kazhakkoottam Zonal Office,Low
Parent details incorrectly recorded in birth certificate at Kowdiar Area Office,Low
Urgent birth certificate request delayed at Attakulangara Ward Section,Low
Name spelling mistake in birth certificate issued at Poojappura Zonal Office,Low
Delay in issuing birth certificate at Palayam Records Office TVM Corporation office,Low
Death certificate not received despite payment at Karamana Zonal Office,Low
Application status showing pending for certificate at Sreekariyam Civic Center,Low
Incorrect place of birth recorded in certificate at Manacaud Ward Office,Low
Application status showing pending for certificate at Palayam Records Office,Low
Name spelling mistake in birth certificate issued at Manacaud Ward Office,Low
Online application for death certificate not processed at Karamana Zonal Office,Low
Hospital record mismatch affecting certificate issuance at Peroorkada Civic Center,Low
Hospital record mismatch affecting certificate issuance at Poojappura Zonal Office,Low
Incorrect date of birth mentioned in certificate from Vellayambalam Ward Office,Low
Birth certificate correction request pending at Karamana Zonal Office,Low
Delay in issuing birth certificate at Sreekariyam Civic Center TVM Corporation office,Low
Name spelling mistake in birth certificate issued at Pattom Ward Office,Low
Name spelling mistake in birth certificate issued at Vellayambalam Ward Office,Low
Online application for death certificate not processed at Vellayambalam Ward Office,Low
Late registration of birth not accepted at Kazhakkoottam Zonal Office office,Low
Death certificate download link not working for Pattom Ward Office,Low
Application status showing pending for certificate at Thampanoor Municipal Office,Low
Application status showing pending for certificate at Fort Area Civic Office,Low
Incorrect place of birth recorded in certificate at Fort Area Civic Office,Low
Incorrect date of birth mentioned in certificate from Nemom Ward Office,Low
Death certificate download link not working for Sreekariyam Civic Center,Low
Delay in issuing birth certificate at Attakulangara Ward Section TVM Corporation office,Low
Delay in issuing birth certificate at Vanchiyoor Corporation Office TVM Corporation office,Low
Death certificate download link not working for Manacaud Ward Office,Low
Hospital record mismatch affecting certificate issuance at Thampanoor Municipal Office,Low
Incorrect place of birth recorded in certificate at Thampanoor Municipal Office,Low
Certificate payment successful but not updated in portal at Vanchiyoor Corporation Office,Low
Birth certificate correction request pending at Kowdiar Area Office,Low
Delay in issuing birth certificate at Kowdiar Area Office TVM Corporation office,Low
Birth certificate correction request pending at Peroorkada Civic Center,Low
Late registration of birth not accepted at Pattom Ward Office office,Low
Parent details incorrectly recorded in birth certificate at Palayam Records Office,Low
Death certificate download link not working for Vellayambalam Ward Office,Low
Duplicate birth certificate request not approved at Vellayambalam Ward Office,Low
Delay in issuing birth certificate at Manacaud Ward Office TVM Corporation office,Low
Incorrect place of birth recorded in certificate at Thampanoor Municipal Office,Low
Incorrect place of birth recorded in certificate at Pattom Ward Office,Low
Incorrect date of birth mentioned in certificate from Manacaud Ward Office,Low
Urgent birth certificate request delayed at Sreekariyam Civic Center,Low
Hospital record mismatch affecting certificate issuance at Palayam Records Office,Low
Online application for death certificate not processed at Kowdiar Area Office,Low
Name spelling mistake in birth certificate issued at Attakulangara Ward Section,Low
Death certificate download link not working for Attakulangara Ward Section,Low
Duplicate birth certificate request not approved at Sreekariyam Civic Center,Low
Delay in issuing birth certificate at Sreekariyam Civic Center TVM Corporation office,Low
Birth certificate correction request pending at Vellayambalam Ward Office,Low
Duplicate birth certificate request not approved at Peroorkada Civic Center,Low
Name spelling mistake in birth certificate issued at Nemom Ward Office,Low
Duplicate birth certificate request not approved at Attakulangara Ward Section,Low
Online application for death certificate not processed at Fort Area Civic Office,Low
Online application for death certificate not processed at Poojappura Zonal Office,Low
Parent details incorrectly recorded in birth certificate at Karamana Zonal Office,Low
Parent details incorrectly recorded in birth certificate at Kazhakkoottam Zonal Office,Low
Birth certificate correction request pending at Kowdiar Area Office,Low
Parent details incorrectly recorded in birth certificate at Attakulangara Ward Section,Low
Death certificate not received despite payment at Kazhakkoottam Zonal Office,Low
Late registration of birth not accepted at Peroorkada Civic Center office,Low
Birth certificate correction request pending at Vellayambalam Ward Office,Low
Death certificate not received despite payment at Palayam Records Office,Low
Late registration of birth not accepted at Nemom Ward Office office,Low
Urgent birth certificate request delayed at Fort Area Civic Office,Low
Hospital record mismatch affecting certificate issuance at Karamana Zonal Office,Low
Name spelling mistake in birth certificate issued at Kazhakkoottam Zonal Office,Low
Incorrect place of birth recorded in certificate at Poojappura Zonal Office,Low
Incorrect place of birth recorded in certificate at Vanchiyoor Corporation Office,Low
Birth certificate correction request pending at Poojappura Zonal Office,Low
Certificate payment successful but not updated in portal at Kowdiar Area Office,Low
Incorrect place of birth recorded in certificate at Karamana Zonal Office,Low
Urgent birth certificate request delayed at Attakulangara Ward Section,Low
Death certificate not received despite payment at Fort Area Civic Office,Low
Late registration of birth not accepted at Nemom Ward Office office,Low
Late registration of birth not accepted at Karamana Zonal Office office,Low
Duplicate birth certificate request not approved at Nemom Ward Office,Low
Death certificate not received despite payment at Pattom Ward Office,Low
Death certificate not received despite payment at Palayam Records Office,Low
Incorrect place of birth recorded in certificate at Thampanoor Municipal Office,Low
Application status showing pending for certificate at Poojappura Zonal Office,Low
Name spelling mistake in birth certificate issued at Thampanoor Municipal Office,Low
Duplicate birth certificate request not approved at Poojappura Zonal Office,Low
Online application for death certificate not processed at Karamana Zonal Office,Low
Incorrect date of birth mentioned in certificate from Sreekariyam Civic Center,Low
Incorrect date of birth mentioned in certificate from Vellayambalam Ward Office,Low
Delay in issuing birth certificate at Nemom Ward Office TVM Corporation office,Low
Online application for death certificate not processed at Sreekariyam Civic Center,Low
Hospital record mismatch affecting certificate issuance at Karamana Zonal Office,Low
Death certificate download link not working for Manacaud Ward Office,Low
Incorrect date of birth mentioned in certificate from Attakulangara Ward Section,Low
Duplicate birth certificate request not approved at Palayam Records Office,Low
Delay in issuing birth certificate at Nemom Ward Office TVM Corporation office,Low
Name spelling mistake in birth certificate issued at Karamana Zonal Office,Low
Urgent birth certificate request delayed at Karamana Zonal Office,Low
Incorrect date of birth mentioned in certificate from Pattom Ward Office,Low
Online application for death certificate not processed at Manacaud Ward Office,Low
Name spelling mistake in birth certificate issued at Nemom Ward Office,Low
Death certificate not received despite payment at Sreekariyam Civic Center,Low
Birth certificate correction request pending at Vanchiyoor Corporation Office,Low
Name spelling mistake in birth certificate issued at Vellayambalam Ward Office,Low
Incorrect date of birth mentioned in certificate from Nemom Ward Office,Low
Late registration of birth not accepted at Sreekariyam Civic Center office,Low
Delay in issuing birth certificate at Thampanoor Municipal Office TVM Corporation office,Low
Incorrect place of birth recorded in certificate at Kazhakkoottam Zonal Office,Low
Application status showing pending for certificate at Thampanoor Municipal Office,Low
Incorrect place of birth recorded in certificate at Kowdiar Area Office,Low
Online application for death certificate not processed at Kazhakkoottam Zonal Office,Low
Death certificate not received despite payment at Fort Area Civic Office,Low
Birth certificate correction request pending at Vanchiyoor Corporation Office,Low
Duplicate birth certificate request not approved at Manacaud Ward Office,Low
Incorrect place of birth recorded in certificate at Nemom Ward Office,Low
Late registration of birth not accepted at Poojappura Zonal Office office,Low
Urgent birth certificate request delayed at Palayam Records Office,Low
Incorrect place of birth recorded in certificate at Karamana Zonal Office,Low
Certificate payment successful but not updated in portal at Nemom Ward Office,Low
Incorrect date of birth mentioned in certificate from Karamana Zonal Office,Low
Urgent birth certificate request delayed at Palayam Records Office,Low
Name spelling mistake in birth certificate issued at Palayam Records Office,Low
Delay in issuing birth certificate at Palayam Records Office TVM Corporation office,Low
Incorrect place of birth recorded in certificate at Palayam Records Office,Low
Delay in issuing birth certificate at Karamana Zonal Office TVM Corporation office,Low
Birth certificate correction request pending at Vanchiyoor Corporation Office,Low
Late registration of birth not accepted at Kazhakkoottam Zonal Office office,Low
Parent details incorrectly recorded in birth certificate at Pattom Ward Office,Low
Hospital record mismatch affecting certificate issuance at Peroorkada Civic Center,Low
Birth certificate correction request pending at Attakulangara Ward Section,Low
Death certificate download link not working for Palayam Records Office,Low
Birth certificate correction request pending at Kazhakkoottam Zonal Office,Low
Death certificate download link not working for Pattom Ward Office,Low
Death certificate not received despite payment at Palayam Records Office,Low
Hospital record mismatch affecting certificate issuance at Manacaud Ward Office,Low
Incorrect date of birth mentioned in certificate from Fort Area Civic Office,Low
Death certificate not received despite payment at Manacaud Ward Office,Low
Delay in issuing birth certificate at Fort Area Civic Office TVM Corporation office,Low
Duplicate birth certificate request not approved at Vanchiyoor Corporation Office,Low
Incorrect date of birth mentioned in certificate from Peroorkada Civic Center,Low
Parent details incorrectly recorded in birth certificate at Kazhakkoottam Zonal Office,Low
Certificate payment successful but not updated in portal at Poojappura Zonal Office,Low
Hospital record mismatch affecting certificate issuance at Attakulangara Ward Section,Low
Death certificate not received despite payment at Vellayambalam Ward Office,Low
Hospital record mismatch affecting certificate issuance at Pattom Ward Office,Low
Urgent birth certificate request delayed at Pattom Ward Office,Low
Urgent birth certificate request delayed at Palayam Records Office,Low
Duplicate birth certificate request not approved at Vellayambalam Ward Office,Low
Death certificate not received despite payment at Attakulangara Ward Section,Low
Duplicate birth certificate request not approved at Thampanoor Municipal Office,Low
Hospital record mismatch affecting certificate issuance at Fort Area Civic Office,Low
Certificate payment successful but not updated in portal at Sreekariyam Civic Center,Low
Hospital record mismatch affecting certificate issuance at Palayam Records Office,Low
Incorrect place of birth recorded in certificate at Nemom Ward Office,Low
Urgent birth certificate request delayed at Kowdiar Area Office,Low
Online application for death certificate not processed at Vanchiyoor Corporation Office,Low
Birth certificate correction request pending at Kowdiar Area Office,Low
Incorrect place of birth recorded in certificate at Manacaud Ward Office,Low
Death certificate download link not working for Thampanoor Municipal Office,Low
Late registration of birth not accepted at Vanchiyoor Corporation Office office,Low
Death certificate download link not working for Karamana Zonal Office,Low
Delay in issuing birth certificate at Peroorkada Civic Center TVM Corporation office,Low
Parent details incorrectly recorded in birth certificate at Thampanoor Municipal Office,Low
Death certificate download link not working for Kowdiar Area Office,Low
Birth certificate correction request pending at Kazhakkoottam Zonal Office,Low
Online application for death certificate not processed at Kowdiar Area Office,Low
Name spelling mistake in birth certificate issued at Vanchiyoor Corporation Office,Low
Hospital record mismatch affecting certificate issuance at Fort Area Civic Office,Low
Hospital record mismatch affecting certificate issuance at Poojappura Zonal Office,Low
Hospital record mismatch affecting certificate issuance at Thampanoor Municipal Office,Low
Late registration of birth not accepted at Palayam Records Office office,Low
Urgent birth certificate request delayed at Kowdiar Area Office,Low
Incorrect place of birth recorded in certificate at Vanchiyoor Corporation Office,Low
Parent details incorrectly recorded in birth certificate at Fort Area Civic Office,Low
Application status showing pending for certificate at Kowdiar Area Office,Low
Incorrect date of birth mentioned in certificate from Nemom Ward Office,Low
Urgent birth certificate request delayed at Nemom Ward Office,Low
Certificate payment successful but not updated in portal at Kazhakkoottam Zonal Office,Low
Name spelling mistake in birth certificate issued at Kowdiar Area Office,Low
Death certificate download link not working for Poojappura Zonal Office,Low
Late registration of birth not accepted at Poojappura Zonal Office office,Low
Hospital record mismatch affecting certificate issuance at Nemom Ward Office,Low
Birth certificate correction request pending at Kowdiar Area Office,Low
Application status showing pending for certificate at Fort Area Civic Office,Low
Hospital record mismatch affecting certificate issuance at Vanchiyoor Corporation Office,Low
Incorrect date of birth mentioned in certificate from Fort Area Civic Office,Low
Death certificate download link not working for Attakulangara Ward Section,Low
Death certificate download link not working for Pattom Ward Office,Low
Duplicate birth certificate request not approved at Sreekariyam Civic Center,Low
Death certificate not received despite payment at Kazhakkoottam Zonal Office,Low
Incorrect place of birth recorded in certificate at Manacaud Ward Office,Low
Late registration of birth not accepted at Attakulangara Ward Section office,Low
Death certificate not received despite payment at Nemom Ward Office,Low
Application status showing pending for certificate at Kowdiar Area Office,Low
Application status showing pending for certificate at Peroorkada Civic Center,Low
Certificate payment successful but not updated in portal at Vellayambalam Ward Office,Low
Birth certificate correction request pending at Thampanoor Municipal Office,Low
Online application for death certificate not processed at Manacaud Ward Office,Low
Incorrect place of birth recorded in certificate at Sreekariyam Civic Center,Low
Name spelling mistake in birth certificate issued at Poojappura Zonal Office,Low
Parent details incorrectly recorded in birth certificate at Sreekariyam Civic Center,Low
Application status showing pending for certificate at Karamana Zonal Office,Low
Delay in issuing birth certificate at Fort Area Civic Office TVM Corporation office,Low
Hospital record mismatch affecting certificate issuance at Thampanoor Municipal Office,Low
Parent details incorrectly recorded in birth certificate at Attakulangara Ward Section,Low
Birth certificate correction request pending at Poojappura Zonal Office,Low
Application status showing pending for certificate at Attakulangara Ward Section,Low
Incorrect place of birth recorded in certificate at Attakulangara Ward Section,Low
Application status showing pending for certificate at Fort Area Civic Office,Low
Application status showing pending for certificate at Palayam Records Office,Low
Certificate payment successful but not updated in portal at Fort Area Civic Office,Low
Death certificate download link not working for Manacaud Ward Office,Low
Certificate payment successful but not updated in portal at Manacaud Ward Office,Low
Parent details incorrectly recorded in birth certificate at Fort Area Civic Office,Low
Hospital record mismatch affecting certificate issuance at Attakulangara Ward Section,Low
Death certificate download link not working for Fort Area Civic Office,Low
Incorrect place of birth recorded in certificate at Peroorkada Civic Center,Low
Birth certificate correction request pending at Fort Area Civic Office,Low
Certificate payment successful but not updated in portal at Pattom Ward Office,Low
Duplicate birth certificate request not approved at Pattom Ward Office,Low
Late registration of birth not accepted at Sreekariyam Civic Center office,Low
Death certificate not received despite payment at Palayam Records Office,Low
Urgent birth certificate request delayed at Manacaud Ward Office,Low
Application status showing pending for certificate at Karamana Zonal Office,Low
Birth certificate correction request pending at Palayam Records Office,Low
Parent details incorrectly recorded in birth certificate at Sreekariyam Civic Center,Low
Urgent birth certificate request delayed at Kazhakkoottam Zonal Office,Low
Death certificate download link not working for Kowdiar Area Office,Low
Duplicate birth certificate request not approved at Sreekariyam Civic Center,Low
Late registration of birth not accepted at Vellayambalam Ward Office office,Low
Death certificate download link not working for Peroorkada Civic Center,Low
Certificate payment successful but not updated in portal at Kowdiar Area Office,Low
Death certificate download link not working for Attakulangara Ward Section,Low
Delay in issuing birth certificate at Kowdiar Area Office TVM Corporation office,Low
Duplicate birth certificate request not approved at Peroorkada Civic Center,Low
Delay in issuing birth certificate at Kowdiar Area Office TVM Corporation office,Low
Name spelling mistake in birth certificate issued at Peroorkada Civic Center,Low
Duplicate birth certificate request not approved at Nemom Ward Office,Low
Incorrect place of birth recorded in certificate at Karamana Zonal Office,Low
Death certificate not received despite payment at Kazhakkoottam Zonal Office,Low
Online application for death certificate not processed at Attakulangara Ward Section,Low
Duplicate birth certificate request not approved at Vanchiyoor Corporation Office,Low
Urgent birth certificate request delayed at Vanchiyoor Corporation Office,Low
Death certificate not received despite payment at Attakulangara Ward Section,Low
Delay in issuing birth certificate at Fort Area Civic Office TVM Corporation office,Low
Delay in issuing birth certificate at Fort Area Civic Office TVM Corporation office,Low
Name spelling mistake in birth certificate issued at Poojappura Zonal Office,Low
Parent details incorrectly recorded in birth certificate at Karamana Zonal Office,Low
Incorrect date of birth mentioned in certificate from Thampanoor Municipal Office,Low
Hospital record mismatch affecting certificate issuance at Palayam Records Office,Low
Online application for death certificate not processed at Kazhakkoottam Zonal Office,Low
Urgent birth certificate request delayed at Manacaud Ward Office,Low
Death certificate not received despite payment at Pattom Ward Office,Low
Certificate payment successful but not updated in portal at Karamana Zonal Office,Low
Hospital record mismatch affecting certificate issuance at Peroorkada Civic Center,Low
Delay in issuing birth certificate at Palayam Records Office TVM Corporation office,Low
Name spelling mistake in birth certificate issued at Fort Area Civic Office,Low
Urgent birth certificate request delayed at Pattom Ward Office,Low
Name spelling mistake in birth certificate issued at Vanchiyoor Corporation Office,Low
Duplicate birth certificate request not approved at Palayam Records Office,Low
Incorrect date of birth mentioned in certificate from Thampanoor Municipal Office,Low
Urgent birth certificate request delayed at Karamana Zonal Office,Low
Name spelling mistake in birth certificate issued at Karamana Zonal Office,Low
Incorrect date of birth mentioned in certificate from Fort Area Civic Office,Low
Parent details incorrectly recorded in birth certificate at Vellayambalam Ward Office,Low
Death certificate not received despite payment at Fort Area Civic Office,Low
Application status showing pending for certificate at Manacaud Ward Office,Low
Death certificate not received despite payment at Sreekariyam Civic Center,Low
Application status showing pending for certificate at Poojappura Zonal Office,Low
Urgent birth certificate request delayed at Nemom Ward Office,Low
Incorrect date of birth mentioned in certificate from Sreekariyam Civic Center,Low
Incorrect date of birth mentioned in certificate from Kowdiar Area Office,Low
Certificate payment successful but not updated in portal at Palayam Records Office,Low
Parent details incorrectly recorded in birth certificate at Manacaud Ward Office,Low
Hospital record mismatch affecting certificate issuance at Kazhakkoottam Zonal Office,Low
Late registration of birth not accepted at Karamana Zonal Office office,Low
Online application for death certificate not processed at Manacaud Ward Office,Low
Death certificate not received despite payment at Vanchiyoor Corporation Office,Low
Incorrect place of birth recorded in certificate at Sreekariyam Civic Center,Low
Name spelling mistake in birth certificate issued at Vellayambalam Ward Office,Low
Urgent birth certificate request delayed at Pattom Ward Office,Low
Name spelling mistake in birth certificate issued at Pattom Ward Office,Low
Birth certificate correction request pending at Karamana Zonal Office,Low
Death certificate not received despite payment at Poojappura Zonal Office,Low
Parent details incorrectly recorded in birth certificate at Vellayambalam Ward Office,Low
Birth certificate correction request pending at Karamana Zonal Office,Low
Certificate payment successful but not updated in portal at Manacaud Ward Office,Low
Online application for death certificate not processed at Pattom Ward Office,Low
Urgent birth certificate request delayed at Sreekariyam Civic Center,Low
Parent details incorrectly recorded in birth certificate at Poojappura Zonal Office,Low
Death certificate not received despite payment at Peroorkada Civic Center,Low
Online application for death certificate not processed at Thampanoor Municipal Office,Low
Hospital record mismatch affecting certificate issuance at Kazhakkoottam Zonal Office,Low
Certificate payment successful but not updated in portal at Peroorkada Civic Center,Low
Name spelling mistake in birth certificate issued at Palayam Records Office,Low
Parent details incorrectly recorded in birth certificate at Attakulangara Ward Section,Low
Delay in issuing birth certificate at Karamana Zonal Office TVM Corporation office,Low
Incorrect date of birth mentioned in certificate from Kowdiar Area Office,Low
Urgent birth certificate request delayed at Vellayambalam Ward Office,Low
Incorrect date of birth mentioned in certificate from Manacaud Ward Office,Low
Duplicate birth certificate request not approved at Kazhakkoottam Zonal Office,Low
Online application for death certificate not processed at Nemom Ward Office,Low
Online application for death certificate not processed at Peroorkada Civic Center,Low
Online application for death certificate not processed at Kazhakkoottam Zonal Office,Low
Online application for death certificate not processed at Sreekariyam Civic Center,Low
Online application for death certificate not processed at Attakulangara Ward Section,Low
Hospital record mismatch affecting certificate issuance at Thampanoor Municipal Office,Low
Death certificate not received despite payment at Vanchiyoor Corporation Office,Low
Incorrect place of birth recorded in certificate at Kazhakkoottam Zonal Office,Low
Online application for death certificate not processed at Vellayambalam Ward Office,Low
Incorrect place of birth recorded in certificate at Vanchiyoor Corporation Office,Low
Birth certificate correction request pending at Manacaud Ward Office,Low
Incorrect place of birth recorded in certificate at Nemom Ward Office,Low
Duplicate birth certificate request not approved at Fort Area Civic Office,Low
Death certificate download link not working for Vanchiyoor Corporation Office,Low
Parent details incorrectly recorded in birth certificate at Vellayambalam Ward Office,Low
Duplicate birth certificate request not approved at Poojappura Zonal Office,Low
Late registration of birth not accepted at Poojappura Zonal Office office,Low
Incorrect place of birth recorded in certificate at Manacaud Ward Office,Low
Application status showing pending for certificate at Palayam Records Office,Low
Late registration of birth not accepted at Kowdiar Area Office office,Low
Death certificate not received despite payment at Thampanoor Municipal Office,Low
Hospital record mismatch affecting certificate issuance at Fort Area Civic Office,Low
Urgent birth certificate request delayed at Thampanoor Municipal Office,Low
Certificate payment successful but not updated in portal at Fort Area Civic Office,Low
Certificate payment successful but not updated in portal at Poojappura Zonal Office,Low
Hospital record mismatch affecting certificate issuance at Pattom Ward Office,Low
Incorrect place of birth recorded in certificate at Poojappura Zonal Office,Low
Name spelling mistake in birth certificate issued at Vanchiyoor Corporation Office,Low
Duplicate birth certificate request not approved at Vellayambalam Ward Office,Low
Online application for death certificate not processed at Karamana Zonal Office,Low
Parent details incorrectly recorded in birth certificate at Vellayambalam Ward Office,Low
Incorrect place of birth recorded in certificate at Nemom Ward Office,Low
Certificate payment successful but not updated in portal at Kowdiar Area Office,Low
Parent details incorrectly recorded in birth certificate at Vellayambalam Ward Office,Low
Certificate payment successful but not updated in portal at Manacaud Ward Office,Low
Death certificate not received despite payment at Attakulangara Ward Section,Low
Urgent birth certificate request delayed at Vellayambalam Ward Office,Low
Birth certificate correction request pending at Vanchiyoor Corporation Office,Low
Online application for death certificate not processed at Peroorkada Civic Center,Low
Death certificate not received despite payment at Nemom Ward Office,Low
Death certificate download link not working for Sreekariyam Civic Center,Low
Late registration of birth not accepted at Sreekariyam Civic Center office,Low
Birth certificate correction request pending at Thampanoor Municipal Office,Low
Urgent birth certificate request delayed at Vanchiyoor Corporation Office,Low
Hospital record mismatch affecting certificate issuance at Manacaud Ward Office,Low
Duplicate birth certificate request not approved at Palayam Records Office,Low
Duplicate birth certificate request not approved at Kowdiar Area Office,Low
Death certificate download link not working for Manacaud Ward Office,Low
Incorrect place of birth recorded in certificate at Vellayambalam Ward Office,Low
Death certificate not received despite payment at Sreekariyam Civic Center,Low
Name spelling mistake in birth certificate issued at Kowdiar Area Office,Low
Online application for death certificate not processed at Sreekariyam Civic Center,Low
Name spelling mistake in birth certificate issued at Palayam Records Office,Low
Late registration of birth not accepted at Attakulangara Ward Section office,Low
Death certificate not received despite payment at Sreekariyam Civic Center,Low
Incorrect place of birth recorded in certificate at Sreekariyam Civic Center,Low
Certificate payment successful but not updated in portal at Fort Area Civic Office,Low
Delay in issuing birth certificate at Palayam Records Office TVM Corporation office,Low
Birth certificate correction request pending at Attakulangara Ward Section,Low
Urgent birth certificate request delayed at Thampanoor Municipal Office,Low
Death certificate not received despite payment at Pattom Ward Office,Low
Late registration of birth not accepted at Attakulangara Ward Section office,Low
Duplicate birth certificate request not approved at Attakulangara Ward Section,Low
Name spelling mistake in birth certificate issued at Nemom Ward Office,Low
Hospital record mismatch affecting certificate issuance at Thampanoor Municipal Office,Low
Late registration of birth not accepted at Peroorkada Civic Center office,Low
Application status showing pending for certificate at Karamana Zonal Office,Low
Delay in issuing birth certificate at Peroorkada Civic Center TVM Corporation office,Low
Death certificate not received despite payment at Vanchiyoor Corporation Office,Low
Name spelling mistake in birth certificate issued at Karamana Zonal Office,Low
Application status showing pending for certificate at Poojappura Zonal Office,Low
Delay in issuing birth certificate at Manacaud Ward Office TVM Corporation office,Low
Incorrect date of birth mentioned in certificate from Manacaud Ward Office,Low
Duplicate birth certificate request not approved at Peroorkada Civic Center,Low
Incorrect place of birth recorded in certificate at Thampanoor Municipal Office,Low
Death certificate download link not working for Palayam Records Office,Low
Birth certificate correction request pending at Kowdiar Area Office,Low
Name spelling mistake in birth certificate issued at Sreekariyam Civic Center,Low
Birth certificate correction request pending at Kazhakkoottam Zonal Office,Low
Online application for death certificate not processed at Vanchiyoor Corporation Office,Low
Incorrect place of birth recorded in certificate at Fort Area Civic Office,Low
Birth certificate correction request pending at Fort Area Civic Office,Low
Late registration of birth not accepted at Pattom Ward Office office,Low
Parent details incorrectly recorded in birth certificate at Poojappura Zonal Office,Low
Birth certificate correction request pending at Manacaud Ward Office,Low
Incorrect date of birth mentioned in certificate from Manacaud Ward Office,Low
Incorrect place of birth recorded in certificate at Fort Area Civic Office,Low
Certificate payment successful but not updated in portal at Thampanoor Municipal Office,Low
Certificate payment successful but not updated in portal at Manacaud Ward Office,Low
Duplicate birth certificate request not approved at Fort Area Civic Office,Low
Urgent birth certificate request delayed at Poojappura Zonal Office,Low
Incorrect place of birth recorded in certificate at Sreekariyam Civic Center,Low
Birth certificate correction request pending at Fort Area Civic Office,Low
Birth certificate correction request pending at Peroorkada Civic Center,Low
Name spelling mistake in birth certificate issued at Sreekariyam Civic Center,Low
Late registration of birth not accepted at Fort Area Civic Office office,Low
Certificate payment successful but not updated in portal at Thampanoor Municipal Office,Low
Urgent birth certificate request delayed at Vellayambalam Ward Office,Low
Hospital record mismatch affecting certificate issuance at Vellayambalam Ward Office,Low
Incorrect date of birth mentioned in certificate from Kowdiar Area Office,Low
Death certificate not received despite payment at Attakulangara Ward Section,Low
Incorrect date of birth mentioned in certificate from Poojappura Zonal Office,Low
Duplicate birth certificate request not approved at Attakulangara Ward Section,Low
Incorrect date of birth mentioned in certificate from Fort Area Civic Office,Low
Name spelling mistake in birth certificate issued at Karamana Zonal Office,Low
Application status showing pending for certificate at Nemom Ward Office,Low
Parent details incorrectly recorded in birth certificate at Manacaud Ward Office,Low
Urgent birth certificate request delayed at Karamana Zonal Office,Low
Incorrect place of birth recorded in certificate at Pattom Ward Office,Low
Birth certificate correction request pending at Vellayambalam Ward Office,Low
Application status showing pending for certificate at Kazhakkoottam Zonal Office,Low
Online application for death certificate not processed at Manacaud Ward Office,Low
Death certificate download link not working for Kowdiar Area Office,Low
Certificate payment successful but not updated in portal at Peroorkada Civic Center,Low
Urgent birth certificate request delayed at Sreekariyam Civic Center,Low
Certificate payment successful but not updated in portal at Attakulangara Ward Section,Low
Online application for death certificate not processed at Palayam Records Office,Low
Structural safety concerns raised for building at Pattom Ward,Critical
Unapproved renovation work ongoing at Manacaud Area,High
Commercial construction operating in residential zone at Attakulangara Market Area,High
Unapproved renovation work ongoing at Attakulangara Market Area,High
Construction started without TVM Corporation approval at Nemom Ward,High
Unapproved renovation work ongoing at Vanchiyoor Ward,High
Structural safety concerns raised for building at Pattom Ward,Critical
Zoning regulation violation reported at Peroorkada Junction,High
Construction debris blocking public pathway at Attakulangara Market Area,Medium
Construction debris blocking public pathway at East Fort Junction,Medium
Violation of setback rules noticed at Vanchiyoor Ward property,Medium
Unauthorized construction observed at Kazhakkoottam Junction without approved building permit,High
No building permit board displayed at Kazhakkoottam Junction construction site,Medium
Structural safety concerns raised for building at Kowdiar Junction,Critical
Construction debris blocking public pathway at Attakulangara Market Area,Medium
Unauthorized construction observed at Manacaud Area without approved building permit,High
Construction debris blocking public pathway at Peroorkada Junction,Medium
Violation of setback rules noticed at Peroorkada Junction property,Medium
Commercial construction operating in residential zone at Thampanoor Junction,High
Commercial construction operating in residential zone at Karamana Area,High
Demolition work initiated without permit at Vellayambalam Ward,High
Structural safety concerns raised for building at Poojappura Road,Critical
Unauthorized construction observed at Vanchiyoor Ward without approved building permit,High
Unapproved renovation work ongoing at Thampanoor Junction,High
Structural safety concerns raised for building at Thampanoor Junction,Critical
Illegal extension work carried out at Thampanoor Junction exceeding sanctioned plan,High
Unapproved renovation work ongoing at Sreekariyam Area,High
Illegal extension work carried out at Karamana Area exceeding sanctioned plan,High
Building height violation reported at Manacaud Area,High
Unapproved renovation work ongoing at Kazhakkoottam Junction,High
Building height violation reported at Kazhakkoottam Junction,High
Structural safety concerns raised for building at Vellayambalam Ward,Critical
Zoning regulation violation reported at Sreekariyam Area,High
Construction started without TVM Corporation approval at Manacaud Area,High
Violation of setback rules noticed at Vanchiyoor Ward property,Medium
Violation of setback rules noticed at Palayam Area property,Medium
Unsafe scaffolding observed at construction site in Nemom Ward,Critical
Commercial construction operating in residential zone at Thampanoor Junction,High
Illegal extension work carried out at Sreekariyam Area exceeding sanctioned plan,High
Commercial construction operating in residential zone at Peroorkada Junction,High
Violation of setback rules noticed at Thampanoor Junction property,Medium
Construction debris blocking public pathway at Nemom Ward,Medium
Structural safety concerns raised for building at Manacaud Area,Critical
Unapproved renovation work ongoing at Pattom Ward,High
Basement constructed without proper permission at Manacaud Area,High
Demolition work initiated without permit at Vellayambalam Ward,High
Zoning regulation violation reported at Kazhakkoottam Junction,High
No building permit board displayed at East Fort Junction construction site,Medium
Structural safety concerns raised for building at Thampanoor Junction,Critical
Demolition work initiated without permit at Karamana Area,High
Encroachment on public land by building at Vellayambalam Ward,High
Unauthorized construction observed at Pattom Ward without approved building permit,High
Illegal extension work carried out at Nemom Ward exceeding sanctioned plan,High
Zoning regulation violation reported at Sreekariyam Area,High
Construction started without TVM Corporation approval at Kowdiar Junction,High
Commercial construction operating in residential zone at Peroorkada Junction,High
Commercial construction operating in residential zone at Kowdiar Junction,High
Illegal extension work carried out at Attakulangara Market Area exceeding sanctioned plan,High
Basement constructed without proper permission at Vanchiyoor Ward,High
Basement constructed without proper permission at Peroorkada Junction,High
Zoning regulation violation reported at Vanchiyoor Ward,High
Zoning regulation violation reported at Kazhakkoottam Junction,High
Encroachment on public land by building at Peroorkada Junction,High
Unauthorized construction observed at Poojappura Road without approved building permit,High
Construction debris blocking public pathway at Vellayambalam Ward,Medium
Structural safety concerns raised for building at Pattom Ward,Critical
Zoning regulation violation reported at Attakulangara Market Area,High
Encroachment on public land by building at Vanchiyoor Ward,High
Illegal extension work carried out at Kazhakkoottam Junction exceeding sanctioned plan,High
Violation of setback rules noticed at Pattom Ward property,Medium
Structural safety concerns raised for building at Sreekariyam Area,Critical
Violation of setback rules noticed at Peroorkada Junction property,Medium
Basement constructed without proper permission at Poojappura Road,High
Encroachment on public land by building at Manacaud Area,High
Demolition work initiated without permit at Peroorkada Junction,High
No building permit board displayed at Thampanoor Junction construction site,Medium
Zoning regulation violation reported at Palayam Area,High
Unapproved renovation work ongoing at Peroorkada Junction,High
Commercial construction operating in residential zone at Attakulangara Market Area,High
Unauthorized construction observed at Palayam Area without approved building permit,High
Unauthorized construction observed at Vanchiyoor Ward without approved building permit,High
Zoning regulation violation reported at Vellayambalam Ward,High
Demolition work initiated without permit at Karamana Area,High
Basement constructed without proper permission at Palayam Area,High
Construction debris blocking public pathway at Karamana Area,Medium
Construction debris blocking public pathway at Vanchiyoor Ward,Medium
Encroachment on public land by building at Kowdiar Junction,High
Zoning regulation violation reported at East Fort Junction,High
Encroachment on public land by building at Thampanoor Junction,High
Unauthorized construction observed at Vellayambalam Ward without approved building permit,High
No building permit board displayed at Vanchiyoor Ward construction site,Medium
Construction debris blocking public pathway at Poojappura Road,Medium
Basement constructed without proper permission at Sreekariyam Area,High
Zoning regulation violation reported at Poojappura Road,High
Construction started without TVM Corporation approval at Vellayambalam Ward,High
Unsafe scaffolding observed at construction site in Nemom Ward,Critical
Structural safety concerns raised for building at Poojappura Road,Critical
Basement constructed without proper permission at Palayam Area,High
Unauthorized construction observed at Thampanoor Junction without approved building permit,High
Commercial construction operating in residential zone at Kowdiar Junction,High
Unapproved renovation work ongoing at Attakulangara Market Area,High
Construction started without TVM Corporation approval at East Fort Junction,High
Structural safety concerns raised for building at Peroorkada Junction,Critical
Demolition work initiated without permit at Nemom Ward,High
Illegal extension work carried out at Manacaud Area exceeding sanctioned plan,High
Unapproved renovation work ongoing at Palayam Area,High
Construction started without TVM Corporation approval at Vellayambalam Ward,High
No building permit board displayed at Sreekariyam Area construction site,Medium
Construction started without TVM Corporation approval at Attakulangara Market Area,High
Building height violation reported at Poojappura Road,High
Construction debris blocking public pathway at Manacaud Area,Medium
Zoning regulation violation reported at Palayam Area,High
Commercial construction operating in residential zone at Manacaud Area,High
Building height violation reported at Manacaud Area,High
Unapproved renovation work ongoing at Karamana Area,High
No building permit board displayed at Kazhakkoottam Junction construction site,Medium
Basement constructed without proper permission at Peroorkada Junction,High
Illegal extension work carried out at Kowdiar Junction exceeding sanctioned plan,High
Commercial construction operating in residential zone at Pattom Ward,High
Commercial construction operating in residential zone at Palayam Area,High
Violation of setback rules noticed at Attakulangara Market Area property,Medium
Encroachment on public land by building at Pattom Ward,High
Unapproved renovation work ongoing at Vellayambalam Ward,High
Building height violation reported at Nemom Ward,High
Commercial construction operating in residential zone at Manacaud Area,High
Building height violation reported at Palayam Area,High
Basement constructed without proper permission at Sreekariyam Area,High
No building permit board displayed at Poojappura Road construction site,Medium
Violation of setback rules noticed at Vellayambalam Ward property,Medium
Encroachment on public land by building at Peroorkada Junction,High
Illegal extension work carried out at East Fort Junction exceeding sanctioned plan,High
Structural safety concerns raised for building at Kowdiar Junction,Critical
Demolition work initiated without permit at Karamana Area,High
Zoning regulation violation reported at Poojappura Road,High
No building permit board displayed at Palayam Area construction site,Medium
Zoning regulation violation reported at Nemom Ward,High
Basement constructed without proper permission at Peroorkada Junction,High
Construction debris blocking public pathway at Vanchiyoor Ward,Medium
Demolition work initiated without permit at Palayam Area,High
Structural safety concerns raised for building at Nemom Ward,Critical
Commercial construction operating in residential zone at Thampanoor Junction,High
Construction debris blocking public pathway at Manacaud Area,Medium
No building permit board displayed at Vellayambalam Ward construction site,Medium
Construction debris blocking public pathway at Poojappura Road,Medium
No building permit board displayed at Vanchiyoor Ward construction site,Medium
Construction debris blocking public pathway at Poojappura Road,Medium
Structural safety concerns raised for building at Manacaud Area,Critical
Structural safety concerns raised for building at Kowdiar Junction,Critical
Demolition work initiated without permit at East Fort Junction,High
Structural safety concerns raised for building at Peroorkada Junction,Critical
Demolition work initiated without permit at East Fort Junction,High
Construction started without TVM Corporation approval at Vanchiyoor Ward,High
Commercial construction operating in residential zone at Vanchiyoor Ward,High
Demolition work initiated without permit at Thampanoor Junction,High
Construction started without TVM Corporation approval at Thampanoor Junction,High
Unsafe scaffolding observed at construction site in Vanchiyoor Ward,Critical
No building permit board displayed at Pattom Ward construction site,Medium
Construction debris blocking public pathway at Palayam Area,Medium
Demolition work initiated without permit at Kazhakkoottam Junction,High
Construction started without TVM Corporation approval at Vellayambalam Ward,High
Basement constructed without proper permission at Kazhakkoottam Junction,High
Commercial construction operating in residential zone at Vellayambalam Ward,High
Zoning regulation violation reported at East Fort Junction,High
Building height violation reported at Kowdiar Junction,High
No building permit board displayed at East Fort Junction construction site,Medium
Basement constructed without proper permission at Pattom Ward,High
No building permit board displayed at Thampanoor Junction construction site,Medium
Structural safety concerns raised for building at Thampanoor Junction,Critical
Structural safety concerns raised for building at East Fort Junction,Critical
Construction started without TVM Corporation approval at Kazhakkoottam Junction,High
Zoning regulation violation reported at Kowdiar Junction,High
Basement constructed without proper permission at Thampanoor Junction,High
Basement constructed without proper permission at Vanchiyoor Ward,High
Unauthorized construction observed at Thampanoor Junction without approved building permit,High
Building height violation reported at Sreekariyam Area,High
Illegal extension work carried out at Vanchiyoor Ward exceeding sanctioned plan,High
No building permit board displayed at Sreekariyam Area construction site,Medium
Zoning regulation violation reported at Vanchiyoor Ward,High
Violation of setback rules noticed at Karamana Area property,Medium
Construction debris blocking public pathway at Kazhakkoottam Junction,Medium
Building height violation reported at Peroorkada Junction,High
Basement constructed without proper permission at Manacaud Area,High
Building height violation reported at East Fort Junction,High
Basement constructed without proper permission at Manacaud Area,High
Violation of setback rules noticed at Pattom Ward property,Medium
Unsafe scaffolding observed at construction site in Poojappura Road,Critical
No building permit board displayed at Kowdiar Junction construction site,Medium
Zoning regulation violation reported at Peroorkada Junction,High
Zoning regulation violation reported at Kowdiar Junction,High
Unauthorized construction observed at Pattom Ward without approved building permit,High
Structural safety concerns raised for building at Manacaud Area,Critical
No building permit board displayed at Nemom Ward construction site,Medium
Demolition work initiated without permit at Manacaud Area,High
Construction started without TVM Corporation approval at Vanchiyoor Ward,High
Structural safety concerns raised for building at East Fort Junction,Critical
Unsafe scaffolding observed at construction site in Pattom Ward,Critical
Demolition work initiated without permit at Attakulangara Market Area,High
Unsafe scaffolding observed at construction site in Karamana Area,Critical
Structural safety concerns raised for building at Sreekariyam Area,Critical
Unauthorized construction observed at Attakulangara Market Area without approved building permit,High
Unsafe scaffolding observed at construction site in Thampanoor Junction,Critical
Unapproved renovation work ongoing at Vanchiyoor Ward,High
Demolition work initiated without permit at Thampanoor Junction,High
Violation of setback rules noticed at Thampanoor Junction property,Medium
Construction started without TVM Corporation approval at Vanchiyoor Ward,High
Structural safety concerns raised for building at Palayam Area,Critical
No building permit board displayed at Karamana Area construction site,Medium
Demolition work initiated without permit at Pattom Ward,High
Demolition work initiated without permit at Pattom Ward,High
Demolition work initiated without permit at Vellayambalam Ward,High
Construction started without TVM Corporation approval at Karamana Area,High
Construction debris blocking public pathway at Peroorkada Junction,Medium
Violation of setback rules noticed at East Fort Junction property,Medium
Unapproved renovation work ongoing at Nemom Ward,High
Unsafe scaffolding observed at construction site in Manacaud Area,Critical
Encroachment on public land by building at Peroorkada Junction,High
Structural safety concerns raised for building at Kazhakkoottam Junction,Critical
Unsafe scaffolding observed at construction site in Thampanoor Junction,Critical
No building permit board displayed at Vanchiyoor Ward construction site,Medium
No building permit board displayed at Vellayambalam Ward construction site,Medium
Basement constructed without proper permission at Peroorkada Junction,High
Violation of setback rules noticed at Sreekariyam Area property,Medium
Commercial construction operating in residential zone at Attakulangara Market Area,High
No building permit board displayed at Thampanoor Junction construction site,Medium
Zoning regulation violation reported at Vellayambalam Ward,High
Building height violation reported at Peroorkada Junction,High
Violation of setback rules noticed at Vanchiyoor Ward property,Medium
Violation of setback rules noticed at Poojappura Road property,Medium
Structural safety concerns raised for building at Nemom Ward,Critical
Zoning regulation violation reported at Peroorkada Junction,High
Structural safety concerns raised for building at Karamana Area,Critical
Building height violation reported at East Fort Junction,High
Demolition work initiated without permit at Poojappura Road,High
Illegal extension work carried out at Kowdiar Junction exceeding sanctioned plan,High
Basement constructed without proper permission at Vellayambalam Ward,High
Demolition work initiated without permit at Attakulangara Market Area,High
Commercial construction operating in residential zone at Kazhakkoottam Junction,High
Unsafe scaffolding observed at construction site in Poojappura Road,Critical
Construction debris blocking public pathway at Thampanoor Junction,Medium
Commercial construction operating in residential zone at Vanchiyoor Ward,High
Unsafe scaffolding observed at construction site in Palayam Area,Critical
Illegal extension work carried out at Sreekariyam Area exceeding sanctioned plan,High
Encroachment on public land by building at East Fort Junction,High
Encroachment on public land by building at Kowdiar Junction,High
Commercial construction operating in residential zone at Peroorkada Junction,High
Unsafe scaffolding observed at construction site in Kowdiar Junction,Critical
Zoning regulation violation reported at Karamana Area,High
Building height violation reported at Sreekariyam Area,High
Basement constructed without proper permission at Karamana Area,High
No building permit board displayed at Pattom Ward construction site,Medium
Basement constructed without proper permission at Thampanoor Junction,High
Illegal extension work carried out at Vellayambalam Ward exceeding sanctioned plan,High
Construction started without TVM Corporation approval at Kazhakkoottam Junction,High
No building permit board displayed at Nemom Ward construction site,Medium
Construction started without TVM Corporation approval at Karamana Area,High
Commercial construction operating in residential zone at Kowdiar Junction,High
Unapproved renovation work ongoing at Peroorkada Junction,High
Construction started without TVM Corporation approval at Kowdiar Junction,High
Violation of setback rules noticed at Peroorkada Junction property,Medium
Demolition work initiated without permit at East Fort Junction,High
Commercial construction operating in residential zone at Poojappura Road,High
Structural safety concerns raised for building at Vellayambalam Ward,Critical
Commercial construction operating in residential zone at Thampanoor Junction,High
Encroachment on public land by building at Karamana Area,High
Zoning regulation violation reported at Sreekariyam Area,High
Violation of setback rules noticed at Poojappura Road property,Medium
Violation of setback rules noticed at Pattom Ward property,Medium
Basement constructed without proper permission at Vellayambalam Ward,High
Unsafe scaffolding observed at construction site in East Fort Junction,Critical
Construction debris blocking public pathway at Vanchiyoor Ward,Medium
Commercial construction operating in residential zone at Pattom Ward,High
No building permit board displayed at Nemom Ward construction site,Medium
Violation of setback rules noticed at Nemom Ward property,Medium
Construction started without TVM Corporation approval at Vellayambalam Ward,High
No building permit board displayed at Kazhakkoottam Junction construction site,Medium
Structural safety concerns raised for building at Vanchiyoor Ward,Critical
Unsafe scaffolding observed at construction site in Attakulangara Market Area,Critical
Illegal extension work carried out at Sreekariyam Area exceeding sanctioned plan,High
Structural safety concerns raised for building at Sreekariyam Area,Critical
Unsafe scaffolding observed at construction site in Manacaud Area,Critical
No building permit board displayed at East Fort Junction construction site,Medium
Structural safety concerns raised for building at Peroorkada Junction,Critical
Demolition work initiated without permit at Poojappura Road,High
No building permit board displayed at Sreekariyam Area construction site,Medium
Commercial construction operating in residential zone at Vellayambalam Ward,High
Illegal extension work carried out at Peroorkada Junction exceeding sanctioned plan,High
Violation of setback rules noticed at Vanchiyoor Ward property,Medium
No building permit board displayed at Palayam Area construction site,Medium
Unapproved renovation work ongoing at Thampanoor Junction,High
Demolition work initiated without permit at Vellayambalam Ward,High
Unauthorized construction observed at Attakulangara Market Area without approved building permit,High
No building permit board displayed at Pattom Ward construction site,Medium
Unsafe scaffolding observed at construction site in Pattom Ward,Critical
Structural safety concerns raised for building at Kowdiar Junction,Critical
Construction started without TVM Corporation approval at Karamana Area,High
Encroachment on public land by building at Vellayambalam Ward,High
Construction debris blocking public pathway at Manacaud Area,Medium
Unauthorized construction observed at Kazhakkoottam Junction without approved building permit,High
Basement constructed without proper permission at Karamana Area,High
Structural safety concerns raised for building at Pattom Ward,Critical
Unapproved renovation work ongoing at Pattom Ward,High
Unauthorized construction observed at Palayam Area without approved building permit,High
Illegal extension work carried out at Sreekariyam Area exceeding sanctioned plan,High
Encroachment on public land by building at Vellayambalam Ward,High
Commercial construction operating in residential zone at Vellayambalam Ward,High
Commercial construction operating in residential zone at Manacaud Area,High
Demolition work initiated without permit at Kowdiar Junction,High
Illegal extension work carried out at Karamana Area exceeding sanctioned plan,High
Building height violation reported at Sreekariyam Area,High
Unauthorized construction observed at Karamana Area without approved building permit,High
No building permit board displayed at Palayam Area construction site,Medium
Demolition work initiated without permit at Poojappura Road,High
No building permit board displayed at Thampanoor Junction construction site,Medium
Unapproved renovation work ongoing at East Fort Junction,High
Violation of setback rules noticed at Kowdiar Junction property,Medium
Unapproved renovation work ongoing at Vellayambalam Ward,High
Encroachment on public land by building at Pattom Ward,High
Building height violation reported at East Fort Junction,High
Demolition work initiated without permit at Attakulangara Market Area,High
Building height violation reported at Kowdiar Junction,High
Unsafe scaffolding observed at construction site in Kazhakkoottam Junction,Critical
Unsafe scaffolding observed at construction site in Kowdiar Junction,Critical
Encroachment on public land by building at Manacaud Area,High
Encroachment on public land by building at Karamana Area,High
Basement constructed without proper permission at Nemom Ward,High
Illegal extension work carried out at Manacaud Area exceeding sanctioned plan,High
Demolition work initiated without permit at Vellayambalam Ward,High
Structural safety concerns raised for building at Kazhakkoottam Junction,Critical
Unauthorized construction observed at Kazhakkoottam Junction without approved building permit,High
Construction started without TVM Corporation approval at Pattom Ward,High
Encroachment on public land by building at Thampanoor Junction,High
Illegal extension work carried out at Pattom Ward exceeding sanctioned plan,High
Unauthorized construction observed at Thampanoor Junction without approved building permit,High
Construction debris blocking public pathway at East Fort Junction,Medium
No building permit board displayed at Nemom Ward construction site,Medium
Unsafe scaffolding observed at construction site in Vanchiyoor Ward,Critical
Structural safety concerns raised for building at Attakulangara Market Area,Critical
Demolition work initiated without permit at Thampanoor Junction,High
Construction debris blocking public pathway at East Fort Junction,Medium
Encroachment on public land by building at Vellayambalam Ward,High
Basement constructed without proper permission at Nemom Ward,High
Violation of setback rules noticed at Vellayambalam Ward property,Medium
Demolition work initiated without permit at Sreekariyam Area,High
Illegal extension work carried out at Kazhakkoottam Junction exceeding sanctioned plan,High
Unapproved renovation work ongoing at Pattom Ward,High
Unauthorized construction observed at Palayam Area without approved building permit,High
No building permit board displayed at Karamana Area construction site,Medium
Violation of setback rules noticed at Nemom Ward property,Medium
Zoning regulation violation reported at Kowdiar Junction,High
Construction started without TVM Corporation approval at Vanchiyoor Ward,High
Construction debris blocking public pathway at Kazhakkoottam Junction,Medium
No building permit board displayed at East Fort Junction construction site,Medium
Basement constructed without proper permission at East Fort Junction,High
Commercial construction operating in residential zone at Kowdiar Junction,High
Structural safety concerns raised for building at Sreekariyam Area,Critical
Unauthorized construction observed at Sreekariyam Area without approved building permit,High
Unsafe scaffolding observed at construction site in Vellayambalam Ward,Critical
Construction debris blocking public pathway at East Fort Junction,Medium
Demolition work initiated without permit at Pattom Ward,High
Basement constructed without proper permission at Kazhakkoottam Junction,High
Structural safety concerns raised for building at Vellayambalam Ward,Critical
Unauthorized construction observed at Sreekariyam Area without approved building permit,High
Unauthorized construction observed at Sreekariyam Area without approved building permit,High
Unauthorized construction observed at Kowdiar Junction without approved building permit,High
No building permit board displayed at Kowdiar Junction construction site,Medium
Construction debris blocking public pathway at Karamana Area,Medium
Basement constructed without proper permission at East Fort Junction,High
Zoning regulation violation reported at Vellayambalam Ward,High
Demolition work initiated without permit at Attakulangara Market Area,High
Construction started without TVM Corporation approval at Sreekariyam Area,High
Unsafe scaffolding observed at construction site in Nemom Ward,Critical
Building height violation reported at Thampanoor Junction,High
Commercial construction operating in residential zone at Thampanoor Junction,High
Violation of setback rules noticed at Poojappura Road property,Medium
Zoning regulation violation reported at Peroorkada Junction,High
Construction started without TVM Corporation approval at Poojappura Road,High
No building permit board displayed at East Fort Junction construction site,Medium
Structural safety concerns raised for building at Karamana Area,Critical
Construction debris blocking public pathway at Kowdiar Junction,Medium
No building permit board displayed at Palayam Area construction site,Medium
Unapproved renovation work ongoing at Palayam Area,High
Zoning regulation violation reported at Pattom Ward,High
Demolition work initiated without permit at Pattom Ward,High
Basement constructed without proper permission at Vellayambalam Ward,High
Construction started without TVM Corporation approval at Vellayambalam Ward,High
Unapproved renovation work ongoing at Karamana Area,High
Zoning regulation violation reported at East Fort Junction,High
Commercial construction operating in residential zone at Nemom Ward,High
Commercial construction operating in residential zone at Vellayambalam Ward,High
Building height violation reported at Vellayambalam Ward,High
Structural safety concerns raised for building at Poojappura Road,Critical
Encroachment on public land by building at Attakulangara Market Area,High
Unauthorized construction observed at Vellayambalam Ward without approved building permit,High
Demolition work initiated without permit at Attakulangara Market Area,High
Construction started without TVM Corporation approval at Attakulangara Market Area,High
Demolition work initiated without permit at Manacaud Area,High
Unsafe scaffolding observed at construction site in Manacaud Area,Critical
Building height violation reported at Nemom Ward,High
No building permit board displayed at Attakulangara Market Area construction site,Medium
Unauthorized construction observed at Palayam Area without approved building permit,High
Illegal extension work carried out at Vanchiyoor Ward exceeding sanctioned plan,High
Encroachment on public land by building at Nemom Ward,High
No building permit board displayed at Attakulangara Market Area construction site,Medium
Unsafe scaffolding observed at construction site in Kazhakkoottam Junction,Critical
Encroachment on public land by building at Peroorkada Junction,High
Unsafe scaffolding observed at construction site in East Fort Junction,Critical
Illegal extension work carried out at East Fort Junction exceeding sanctioned plan,High
Commercial construction operating in residential zone at Poojappura Road,High
No building permit board displayed at Vellayambalam Ward construction site,Medium
Unapproved renovation work ongoing at Karamana Area,High
Zoning regulation violation reported at Sreekariyam Area,High
Basement constructed without proper permission at Kazhakkoottam Junction,High
No building permit board displayed at Manacaud Area construction site,Medium
Encroachment on public land by building at Vellayambalam Ward,High
Illegal extension work carried out at East Fort Junction exceeding sanctioned plan,High
Commercial construction operating in residential zone at Thampanoor Junction,High
Unapproved renovation work ongoing at Vanchiyoor Ward,High
No building permit board displayed at Palayam Area construction site,Medium
Violation of setback rules noticed at Karamana Area property,Medium
Building height violation reported at Nemom Ward,High
Basement constructed without proper permission at Thampanoor Junction,High
Demolition work initiated without permit at Peroorkada Junction,High
Illegal extension work carried out at Nemom Ward exceeding sanctioned plan,High
Zoning regulation violation reported at Palayam Area,High
Violation of setback rules noticed at East Fort Junction property,Medium
Encroachment on public land by building at Thampanoor Junction,High
Commercial construction operating in residential zone at Kowdiar Junction,High
Violation of setback rules noticed at Palayam Area property,Medium
Illegal extension work carried out at Palayam Area exceeding sanctioned plan,High
Construction started without TVM Corporation approval at Sreekariyam Area,High
Unapproved renovation work ongoing at Palayam Area,High
Basement constructed without proper permission at Poojappura Road,High
Encroachment on public land by building at Vanchiyoor Ward,High
Building height violation reported at Vellayambalam Ward,High
Unsafe scaffolding observed at construction site in Kowdiar Junction,Critical
Violation of setback rules noticed at Karamana Area property,Medium
Violation of setback rules noticed at Nemom Ward property,Medium
Building height violation reported at Pattom Ward,High
Zoning regulation violation reported at Pattom Ward,High
No building permit board displayed at Karamana Area construction site,Medium
Basement constructed without proper permission at Nemom Ward,High
Structural safety concerns raised for building at Attakulangara Market Area,Critical
Structural safety concerns raised for building at Karamana Area,Critical
Building height violation reported at Vanchiyoor Ward,High
Illegal extension work carried out at Peroorkada Junction exceeding sanctioned plan,High
Zoning regulation violation reported at Sreekariyam Area,High
Illegal extension work carried out at Sreekariyam Area exceeding sanctioned plan,High
Structural safety concerns raised for building at Manacaud Area,Critical
Structural safety concerns raised for building at Thampanoor Junction,Critical
Violation of setback rules noticed at Kazhakkoottam Junction property,Medium
Building height violation reported at Karamana Area,High
Violation of setback rules noticed at Vellayambalam Ward property,Medium
Unapproved renovation work ongoing at Pattom Ward,High
Unauthorized construction observed at Thampanoor Junction without approved building permit,High
Illegal extension work carried out at Attakulangara Market Area exceeding sanctioned plan,High
Structural safety concerns raised for building at Vellayambalam Ward,Critical
Zoning regulation violation reported at Attakulangara Market Area,High
No building permit board displayed at Attakulangara Market Area construction site,Medium
Commercial construction operating in residential zone at Poojappura Road,High
No building permit board displayed at Peroorkada Junction construction site,Medium
Demolition work initiated without permit at Sreekariyam Area,High
Unapproved renovation work ongoing at Nemom Ward,High
Unauthorized construction observed at Kazhakkoottam Junction without approved building permit,High
Commercial construction operating in residential zone at Sreekariyam Area,High
Zoning regulation violation reported at Kazhakkoottam Junction,High
Basement constructed without proper permission at Kowdiar Junction,High
Encroachment on public land by building at Sreekariyam Area,High
Violation of setback rules noticed at Kazhakkoottam Junction property,Medium
Violation of setback rules noticed at Kowdiar Junction property,Medium
Unsafe scaffolding observed at construction site in Vellayambalam Ward,Critical
Illegal extension work carried out at Vellayambalam Ward exceeding sanctioned plan,High
Commercial construction operating in residential zone at Attakulangara Market Area,High
Unsafe scaffolding observed at construction site in Kazhakkoottam Junction,Critical
Building height violation reported at Sreekariyam Area,High
Construction debris blocking public pathway at Poojappura Road,Medium
No building permit board displayed at Karamana Area construction site,Medium
Violation of setback rules noticed at Nemom Ward property,Medium
Construction started without TVM Corporation approval at Thampanoor Junction,High
Building height violation reported at East Fort Junction,High
Building height violation reported at Vellayambalam Ward,High
Unapproved renovation work ongoing at Peroorkada Junction,High
Unauthorized construction observed at Karamana Area without approved building permit,High
Commercial construction operating in residential zone at Peroorkada Junction,High
Violation of setback rules noticed at Attakulangara Market Area property,Medium
Unauthorized construction observed at Peroorkada Junction without approved building permit,High
Commercial construction operating in residential zone at Manacaud Area,High
Commercial construction operating in residential zone at Vellayambalam Ward,High
Encroachment on public land by building at Manacaud Area,High
Unauthorized construction observed at Pattom Ward without approved building permit,High
No building permit board displayed at Peroorkada Junction construction site,Medium
Basement constructed without proper permission at Nemom Ward,High
Zoning regulation violation reported at Vanchiyoor Ward,High
Construction started without TVM Corporation approval at Nemom Ward,High
Construction debris blocking public pathway at Vanchiyoor Ward,Medium
No building permit board displayed at Palayam Area construction site,Medium
Construction debris blocking public pathway at Vanchiyoor Ward,Medium
Unsafe scaffolding observed at construction site in Manacaud Area,Critical
Commercial construction operating in residential zone at Kowdiar Junction,High
Basement constructed without proper permission at Attakulangara Market Area,High
Building height violation reported at Palayam Area,High
Overflowing sewer line affecting residents at Palayam Ward,Low
Broken drainage cover posing safety risk at Manacaud Area,Critical
Sewage overflow noticed at Nemom Ward causing foul smell,High
Overflowing sewer line affecting residents at Peroorkada Junction,Low
Unauthorized structural modification in building at Pattom Ward,Low
Unauthorized structural modification in building at Karamana Area,Low
Roof leakage in public building at Poojappura Road,Low
Damaged staircase railing in public building at Karamana Area,Medium
Ceiling plaster falling in municipal office at Pattom Ward,Medium
Ceiling plaster falling in municipal office at Pattom Ward,Medium
Drain cleaning request pending at Kazhakkoottam Junction area,Low
Broken drainage cover posing safety risk at Vellayambalam Ward,Critical
Sewage overflow noticed at East Fort Area causing foul smell,High
Broken drainage cover posing safety risk at Poojappura Road,Critical
Water stagnation due to poor drainage at Vanchiyoor Ward,Medium
Building wall cracks observed in municipal structure at Nemom Ward,Medium
Open drain causing mosquito breeding at Sreekariyam Area,High
Building wall cracks observed in municipal structure at Sreekariyam Area,Medium
Overflowing sewer line affecting residents at Vanchiyoor Ward,Low
Unauthorized structural modification in building at Kazhakkoottam Junction,Low
Drainage pipeline leakage reported at Poojappura Road locality,Medium
Water stagnation due to poor drainage at Vellayambalam Ward,Medium
Unauthorized structural modification in building at Palayam Ward,Low
Damaged staircase railing in public building at Manacaud Area,Medium
Roof leakage in public building at Kowdiar Area,Low
Roof leakage in public building at Palayam Ward,Low
Building wall cracks observed in municipal structure at Palayam Ward,Medium
Roof leakage in public building at Vellayambalam Ward,Low
Drainage pipeline leakage reported at Nemom Ward locality,Medium
Building wall cracks observed in municipal structure at Poojappura Road,Medium
Drain cleaning request pending at Poojappura Road area,Low
Foundation damage suspected in municipal building at Manacaud Area,Medium
Damaged staircase railing in public building at Vellayambalam Ward,Medium
Stormwater drain clogged at Manacaud Area after heavy rain,Medium
Sewage overflow noticed at Poojappura Road causing foul smell,High
Overflowing sewer line affecting residents at Palayam Ward,Low
Drain cleaning request pending at Peroorkada Junction area,Low
Water stagnation due to poor drainage at Pattom Ward,Medium
Roof leakage in public building at Manacaud Area,Low
Foundation damage suspected in municipal building at East Fort Area,Medium
Roof leakage in public building at Karamana Area,Low
Water stagnation due to poor drainage at Vellayambalam Ward,Medium
Ceiling plaster falling in municipal office at Vellayambalam Ward,Medium
Stormwater drain clogged at Thampanoor Area after heavy rain,Medium
Sewage overflow noticed at Vellayambalam Ward causing foul smell,High
Drainage pipeline leakage reported at Kazhakkoottam Junction locality,Medium
Water stagnation due to poor drainage at Peroorkada Junction,Medium
Drain cleaning request pending at East Fort Area area,Low
Water stagnation due to poor drainage at Thampanoor Area,Medium
Broken drainage cover posing safety risk at Karamana Area,Critical
Roof leakage in public building at Sreekariyam Area,Low
Drainage pipeline leakage reported at Vanchiyoor Ward locality,Medium
Broken drainage cover posing safety risk at Peroorkada Junction,Critical
Blocked drainage system reported at Sreekariyam Area under TVM Corporation limits,Medium
Building wall cracks observed in municipal structure at Peroorkada Junction,Medium
Broken drainage cover posing safety risk at Pattom Ward,Critical
Stormwater drain clogged at Kowdiar Area after heavy rain,Medium
Drain cleaning request pending at Vanchiyoor Ward area,Low
Blocked drainage system reported at Palayam Ward under TVM Corporation limits,Medium
Damaged staircase railing in public building at Manacaud Area,Medium
Drainage pipeline leakage reported at Pattom Ward locality,Medium
Stormwater drain clogged at Attakulangara Ward after heavy rain,Medium
Sewage overflow noticed at Attakulangara Ward causing foul smell,High
Sewage overflow noticed at Manacaud Area causing foul smell,High
Overflowing sewer line affecting residents at Attakulangara Ward,Low
Building wall cracks observed in municipal structure at Pattom Ward,Medium
Water stagnation due to poor drainage at Peroorkada Junction,Medium
Sewage overflow noticed at Nemom Ward causing foul smell,High
Damaged staircase railing in public building at East Fort Area,Medium
Building wall cracks observed in municipal structure at Peroorkada Junction,Medium
Unauthorized structural modification in building at Thampanoor Area,Low
Drainage pipeline leakage reported at Thampanoor Area locality,Medium
Stormwater drain clogged at Attakulangara Ward after heavy rain,Medium
Unauthorized structural modification in building at East Fort Area,Low
Open drain causing mosquito breeding at Manacaud Area,High
Roof leakage in public building at Manacaud Area,Low
Drain cleaning request pending at Vellayambalam Ward area,Low
Blocked drainage system reported at Pattom Ward under TVM Corporation limits,Medium
Roof leakage in public building at Poojappura Road,Low
Overflowing sewer line affecting residents at Attakulangara Ward,Low
Building wall cracks observed in municipal structure at Vellayambalam Ward,Medium
Unauthorized structural modification in building at Poojappura Road,Low
Open drain causing mosquito breeding at Palayam Ward,High
Overflowing sewer line affecting residents at Vellayambalam Ward,Low
Sewage overflow noticed at Nemom Ward causing foul smell,High
Water stagnation due to poor drainage at Palayam Ward,Medium
Roof leakage in public building at Palayam Ward,Low
Damaged staircase railing in public building at Peroorkada Junction,Medium
Blocked drainage system reported at Peroorkada Junction under TVM Corporation limits,Medium
Unauthorized structural modification in building at Kowdiar Area,Low
Sewage overflow noticed at East Fort Area causing foul smell,High
Sewage overflow noticed at Manacaud Area causing foul smell,High
Ceiling plaster falling in municipal office at Peroorkada Junction,Medium
Building wall cracks observed in municipal structure at Karamana Area,Medium
Unauthorized structural modification in building at Karamana Area,Low
Ceiling plaster falling in municipal office at Thampanoor Area,Medium
Foundation damage suspected in municipal building at Karamana Area,Medium
Sewage overflow noticed at Pattom Ward causing foul smell,High
Foundation damage suspected in municipal building at Poojappura Road,Medium
Building wall cracks observed in municipal structure at Karamana Area,Medium
Open drain causing mosquito breeding at Thampanoor Area,High
Drain cleaning request pending at Kazhakkoottam Junction area,Low
Water stagnation due to poor drainage at Attakulangara Ward,Medium
Water stagnation due to poor drainage at East Fort Area,Medium
Damaged staircase railing in public building at Thampanoor Area,Medium
Roof leakage in public building at Peroorkada Junction,Low
Open drain causing mosquito breeding at Manacaud Area,High
Water stagnation due to poor drainage at East Fort Area,Medium
Broken drainage cover posing safety risk at Sreekariyam Area,Critical
Building wall cracks observed in municipal structure at Sreekariyam Area,Medium
Water stagnation due to poor drainage at Attakulangara Ward,Medium
Foundation damage suspected in municipal building at Pattom Ward,Medium
Broken drainage cover posing safety risk at Manacaud Area,Critical
Unauthorized structural modification in building at Sreekariyam Area,Low
Damaged staircase railing in public building at Karamana Area,Medium
Water stagnation due to poor drainage at Kazhakkoottam Junction,Medium
Damaged staircase railing in public building at Karamana Area,Medium
Stormwater drain clogged at Palayam Ward after heavy rain,Medium
Drain cleaning request pending at Pattom Ward area,Low
Sewage overflow noticed at Attakulangara Ward causing foul smell,High
Building wall cracks observed in municipal structure at Karamana Area,Medium
Blocked drainage system reported at Vellayambalam Ward under TVM Corporation limits,Medium
Open drain causing mosquito breeding at Kowdiar Area,High
Overflowing sewer line affecting residents at Karamana Area,Low
Damaged staircase railing in public building at Sreekariyam Area,Medium
Drainage pipeline leakage reported at Manacaud Area locality,Medium
Ceiling plaster falling in municipal office at Manacaud Area,Medium
Blocked drainage system reported at Vanchiyoor Ward under TVM Corporation limits,Medium
Broken drainage cover posing safety risk at Manacaud Area,Critical
Ceiling plaster falling in municipal office at Peroorkada Junction,Medium
Open drain causing mosquito breeding at Attakulangara Ward,High
Open drain causing mosquito breeding at Vanchiyoor Ward,High
Broken drainage cover posing safety risk at Vanchiyoor Ward,Critical
Overflowing sewer line affecting residents at Vellayambalam Ward,Low
Drain cleaning request pending at Pattom Ward area,Low
Water stagnation due to poor drainage at Palayam Ward,Medium
Stormwater drain clogged at Thampanoor Area after heavy rain,Medium
Roof leakage in public building at Vellayambalam Ward,Low
Roof leakage in public building at Peroorkada Junction,Low
Ceiling plaster falling in municipal office at Vanchiyoor Ward,Medium
Drainage pipeline leakage reported at Peroorkada Junction locality,Medium
Blocked drainage system reported at Sreekariyam Area under TVM Corporation limits,Medium
Damaged staircase railing in public building at Thampanoor Area,Medium
Damaged staircase railing in public building at Sreekariyam Area,Medium
Drainage pipeline leakage reported at Nemom Ward locality,Medium
Water stagnation due to poor drainage at Vellayambalam Ward,Medium
Water stagnation due to poor drainage at Poojappura Road,Medium
Sewage overflow noticed at Kazhakkoottam Junction causing foul smell,High
Drainage pipeline leakage reported at East Fort Area locality,Medium
Damaged staircase railing in public building at Kazhakkoottam Junction,Medium
Roof leakage in public building at Thampanoor Area,Low
Stormwater drain clogged at Sreekariyam Area after heavy rain,Medium
Foundation damage suspected in municipal building at Peroorkada Junction,Medium
Broken drainage cover posing safety risk at Peroorkada Junction,Critical
Roof leakage in public building at Kazhakkoottam Junction,Low
Building wall cracks observed in municipal structure at Attakulangara Ward,Medium
Building wall cracks observed in municipal structure at Thampanoor Area,Medium
Damaged staircase railing in public building at Poojappura Road,Medium
Ceiling plaster falling in municipal office at Karamana Area,Medium
Ceiling plaster falling in municipal office at Vanchiyoor Ward,Medium
Unauthorized structural modification in building at Thampanoor Area,Low
Overflowing sewer line affecting residents at Nemom Ward,Low
Ceiling plaster falling in municipal office at Manacaud Area,Medium
Water stagnation due to poor drainage at Pattom Ward,Medium
Overflowing sewer line affecting residents at Karamana Area,Low
Ceiling plaster falling in municipal office at Kazhakkoottam Junction,Medium
Unauthorized structural modification in building at Sreekariyam Area,Low
Unauthorized structural modification in building at East Fort Area,Low
Foundation damage suspected in municipal building at Kazhakkoottam Junction,Medium
Overflowing sewer line affecting residents at Pattom Ward,Low
Foundation damage suspected in municipal building at East Fort Area,Medium
Sewage overflow noticed at Karamana Area causing foul smell,High
Drain cleaning request pending at Poojappura Road area,Low
Roof leakage in public building at Poojappura Road,Low
Blocked drainage system reported at Sreekariyam Area under TVM Corporation limits,Medium
Open drain causing mosquito breeding at Kazhakkoottam Junction,High
Stormwater drain clogged at Vanchiyoor Ward after heavy rain,Medium
Blocked drainage system reported at Manacaud Area under TVM Corporation limits,Medium
Foundation damage suspected in municipal building at Kowdiar Area,Medium
Broken drainage cover posing safety risk at Kowdiar Area,Critical
Drainage pipeline leakage reported at Manacaud Area locality,Medium
Unauthorized structural modification in building at Kazhakkoottam Junction,Low
Ceiling plaster falling in municipal office at Peroorkada Junction,Medium
Drain cleaning request pending at Manacaud Area area,Low
Roof leakage in public building at Kowdiar Area,Low
Ceiling plaster falling in municipal office at Kazhakkoottam Junction,Medium
Blocked drainage system reported at Nemom Ward under TVM Corporation limits,Medium
Sewage overflow noticed at Thampanoor Area causing foul smell,High
Overflowing sewer line affecting residents at Nemom Ward,Low
Sewage overflow noticed at Attakulangara Ward causing foul smell,High
Foundation damage suspected in municipal building at Kowdiar Area,Medium
Ceiling plaster falling in municipal office at Kowdiar Area,Medium
Drainage pipeline leakage reported at Palayam Ward locality,Medium
Roof leakage in public building at Manacaud Area,Low
Stormwater drain clogged at Kazhakkoottam Junction after heavy rain,Medium
Overflowing sewer line affecting residents at Sreekariyam Area,Low
Water stagnation due to poor drainage at Vellayambalam Ward,Medium
Sewage overflow noticed at Nemom Ward causing foul smell,High
Unauthorized structural modification in building at Karamana Area,Low
Drainage pipeline leakage reported at Vellayambalam Ward locality,Medium
Stormwater drain clogged at Pattom Ward after heavy rain,Medium
Ceiling plaster falling in municipal office at Thampanoor Area,Medium
Overflowing sewer line affecting residents at Pattom Ward,Low
Building wall cracks observed in municipal structure at Sreekariyam Area,Medium
Ceiling plaster falling in municipal office at Kazhakkoottam Junction,Medium
Unauthorized structural modification in building at Palayam Ward,Low
Stormwater drain clogged at Vanchiyoor Ward after heavy rain,Medium
Building wall cracks observed in municipal structure at Thampanoor Area,Medium
Open drain causing mosquito breeding at Thampanoor Area,High
Ceiling plaster falling in municipal office at Poojappura Road,Medium
Blocked drainage system reported at Nemom Ward under TVM Corporation limits,Medium
Foundation damage suspected in municipal building at Pattom Ward,Medium
Building wall cracks observed in municipal structure at Kowdiar Area,Medium
Overflowing sewer line affecting residents at Peroorkada Junction,Low
Damaged staircase railing in public building at Thampanoor Area,Medium
Drainage pipeline leakage reported at Manacaud Area locality,Medium
Roof leakage in public building at Vellayambalam Ward,Low
Building wall cracks observed in municipal structure at East Fort Area,Medium
Roof leakage in public building at Peroorkada Junction,Low
Roof leakage in public building at East Fort Area,Low
Unauthorized structural modification in building at Palayam Ward,Low
Roof leakage in public building at Sreekariyam Area,Low
Blocked drainage system reported at Kowdiar Area under TVM Corporation limits,Medium
Damaged staircase railing in public building at Vellayambalam Ward,Medium
Overflowing sewer line affecting residents at Poojappura Road,Low
Drainage pipeline leakage reported at Thampanoor Area locality,Medium
Water stagnation due to poor drainage at Poojappura Road,Medium
Drain cleaning request pending at Vellayambalam Ward area,Low
Foundation damage suspected in municipal building at Kowdiar Area,Medium
Damaged staircase railing in public building at Peroorkada Junction,Medium
Blocked drainage system reported at Manacaud Area under TVM Corporation limits,Medium
Building wall cracks observed in municipal structure at Sreekariyam Area,Medium
Drain cleaning request pending at Vanchiyoor Ward area,Low
Damaged staircase railing in public building at Palayam Ward,Medium
Broken drainage cover posing safety risk at East Fort Area,Critical
Drainage pipeline leakage reported at Vanchiyoor Ward locality,Medium
Water stagnation due to poor drainage at Karamana Area,Medium
Unauthorized structural modification in building at Pattom Ward,Low
Foundation damage suspected in municipal building at Karamana Area,Medium
Overflowing sewer line affecting residents at Sreekariyam Area,Low
Sewage overflow noticed at Palayam Ward causing foul smell,High
Damaged staircase railing in public building at Kowdiar Area,Medium
Blocked drainage system reported at Poojappura Road under TVM Corporation limits,Medium
Water stagnation due to poor drainage at Sreekariyam Area,Medium
Ceiling plaster falling in municipal office at Karamana Area,Medium
Building wall cracks observed in municipal structure at Kazhakkoottam Junction,Medium
Unauthorized structural modification in building at East Fort Area,Low
Blocked drainage system reported at Karamana Area under TVM Corporation limits,Medium
Drainage pipeline leakage reported at Attakulangara Ward locality,Medium
Overflowing sewer line affecting residents at Peroorkada Junction,Low
Water stagnation due to poor drainage at Kazhakkoottam Junction,Medium
Sewage overflow noticed at East Fort Area causing foul smell,High
Ceiling plaster falling in municipal office at Sreekariyam Area,Medium
Unauthorized structural modification in building at Nemom Ward,Low
Drain cleaning request pending at Nemom Ward area,Low
Ceiling plaster falling in municipal office at Karamana Area,Medium
Drain cleaning request pending at Peroorkada Junction area,Low
Stormwater drain clogged at Sreekariyam Area after heavy rain,Medium
Sewage overflow noticed at Kowdiar Area causing foul smell,High
Damaged staircase railing in public building at Karamana Area,Medium
Building wall cracks observed in municipal structure at Vellayambalam Ward,Medium
Building wall cracks observed in municipal structure at Thampanoor Area,Medium
Roof leakage in public building at Karamana Area,Low
Ceiling plaster falling in municipal office at Poojappura Road,Medium
Stormwater drain clogged at Palayam Ward after heavy rain,Medium
Water stagnation due to poor drainage at Peroorkada Junction,Medium
Roof leakage in public building at Thampanoor Area,Low
Sewage overflow noticed at Thampanoor Area causing foul smell,High
Drainage pipeline leakage reported at Nemom Ward locality,Medium
Overflowing sewer line affecting residents at Vanchiyoor Ward,Low
Sewage overflow noticed at Thampanoor Area causing foul smell,High
Ceiling plaster falling in municipal office at Karamana Area,Medium
Water stagnation due to poor drainage at Attakulangara Ward,Medium
Sewage overflow noticed at East Fort Area causing foul smell,High
Roof leakage in public building at Thampanoor Area,Low
Drain cleaning request pending at Pattom Ward area,Low
Broken drainage cover posing safety risk at Kowdiar Area,Critical
Damaged staircase railing in public building at Pattom Ward,Medium
Damaged staircase railing in public building at Pattom Ward,Medium
Stormwater drain clogged at Vanchiyoor Ward after heavy rain,Medium
Open drain causing mosquito breeding at Sreekariyam Area,High
Building wall cracks observed in municipal structure at Attakulangara Ward,Medium
Damaged staircase railing in public building at Thampanoor Area,Medium
Broken drainage cover posing safety risk at Pattom Ward,Critical
Drainage pipeline leakage reported at Vanchiyoor Ward locality,Medium
Blocked drainage system reported at Sreekariyam Area under TVM Corporation limits,Medium
Sewage overflow noticed at Vellayambalam Ward causing foul smell,High
Blocked drainage system reported at East Fort Area under TVM Corporation limits,Medium
Drainage pipeline leakage reported at Vellayambalam Ward locality,Medium
Blocked drainage system reported at East Fort Area under TVM Corporation limits,Medium
Sewage overflow noticed at Pattom Ward causing foul smell,High
Foundation damage suspected in municipal building at Attakulangara Ward,Medium
Open drain causing mosquito breeding at Kazhakkoottam Junction,High
Overflowing sewer line affecting residents at Sreekariyam Area,Low
Building wall cracks observed in municipal structure at Palayam Ward,Medium
Blocked drainage system reported at Kazhakkoottam Junction under TVM Corporation limits,Medium
Ceiling plaster falling in municipal office at Peroorkada Junction,Medium
Water stagnation due to poor drainage at Thampanoor Area,Medium
Foundation damage suspected in municipal building at East Fort Area,Medium
Open drain causing mosquito breeding at Poojappura Road,High
Stormwater drain clogged at Attakulangara Ward after heavy rain,Medium
Blocked drainage system reported at Nemom Ward under TVM Corporation limits,Medium
Damaged staircase railing in public building at Sreekariyam Area,Medium
Open drain causing mosquito breeding at Pattom Ward,High
Blocked drainage system reported at Sreekariyam Area under TVM Corporation limits,Medium
Broken drainage cover posing safety risk at Attakulangara Ward,Critical
Ceiling plaster falling in municipal office at Thampanoor Area,Medium
Blocked drainage system reported at Pattom Ward under TVM Corporation limits,Medium
Open drain causing mosquito breeding at Peroorkada Junction,High
Drain cleaning request pending at Manacaud Area area,Low
Roof leakage in public building at Kowdiar Area,Low
Damaged staircase railing in public building at Pattom Ward,Medium
Damaged staircase railing in public building at Karamana Area,Medium
Water stagnation due to poor drainage at Peroorkada Junction,Medium
Open drain causing mosquito breeding at Kowdiar Area,High
Ceiling plaster falling in municipal office at Sreekariyam Area,Medium
Building wall cracks observed in municipal structure at Attakulangara Ward,Medium
Ceiling plaster falling in municipal office at Sreekariyam Area,Medium
Water stagnation due to poor drainage at East Fort Area,Medium
Open drain causing mosquito breeding at Karamana Area,High
Damaged staircase railing in public building at Sreekariyam Area,Medium
Drain cleaning request pending at Pattom Ward area,Low
Drainage pipeline leakage reported at Attakulangara Ward locality,Medium
Stormwater drain clogged at Peroorkada Junction after heavy rain,Medium
Water stagnation due to poor drainage at Poojappura Road,Medium
Blocked drainage system reported at Palayam Ward under TVM Corporation limits,Medium
Sewage overflow noticed at Palayam Ward causing foul smell,High
Damaged staircase railing in public building at Sreekariyam Area,Medium
Ceiling plaster falling in municipal office at East Fort Area,Medium
Blocked drainage system reported at Kazhakkoottam Junction under TVM Corporation limits,Medium
Unauthorized structural modification in building at Thampanoor Area,Low
Blocked drainage system reported at Thampanoor Area under TVM Corporation limits,Medium
Water stagnation due to poor drainage at Vanchiyoor Ward,Medium
Roof leakage in public building at Vellayambalam Ward,Low
Drainage pipeline leakage reported at Kowdiar Area locality,Medium
Building wall cracks observed in municipal structure at East Fort Area,Medium
Open drain causing mosquito breeding at Manacaud Area,High
Stormwater drain clogged at Vanchiyoor Ward after heavy rain,Medium
Building wall cracks observed in municipal structure at Kazhakkoottam Junction,Medium
Foundation damage suspected in municipal building at Kazhakkoottam Junction,Medium
Blocked drainage system reported at Palayam Ward under TVM Corporation limits,Medium
Open drain causing mosquito breeding at Karamana Area,High
Open drain causing mosquito breeding at Thampanoor Area,High
Drainage pipeline leakage reported at Poojappura Road locality,Medium
Blocked drainage system reported at Vanchiyoor Ward under TVM Corporation limits,Medium
Blocked drainage system reported at Sreekariyam Area under TVM Corporation limits,Medium
Water stagnation due to poor drainage at Karamana Area,Medium
Foundation damage suspected in municipal building at Kowdiar Area,Medium
Stormwater drain clogged at Palayam Ward after heavy rain,Medium
Unauthorized structural modification in building at Poojappura Road,Low
Sewage overflow noticed at Karamana Area causing foul smell,High
Damaged staircase railing in public building at Manacaud Area,Medium
Overflowing sewer line affecting residents at Vanchiyoor Ward,Low
Damaged staircase railing in public building at Kazhakkoottam Junction,Medium
Water stagnation due to poor drainage at Vanchiyoor Ward,Medium
Drain cleaning request pending at Attakulangara Ward area,Low
Ceiling plaster falling in municipal office at Attakulangara Ward,Medium
Stormwater drain clogged at Palayam Ward after heavy rain,Medium
Broken drainage cover posing safety risk at Vanchiyoor Ward,Critical
Damaged staircase railing in public building at Kowdiar Area,Medium
Sewage overflow noticed at Pattom Ward causing foul smell,High
Roof leakage in public building at Pattom Ward,Low
Roof leakage in public building at Sreekariyam Area,Low
Stormwater drain clogged at Palayam Ward after heavy rain,Medium
Open drain causing mosquito breeding at Vellayambalam Ward,High
Open drain causing mosquito breeding at Attakulangara Ward,High
Roof leakage in public building at Vellayambalam Ward,Low
Overflowing sewer line affecting residents at Poojappura Road,Low
Building wall cracks observed in municipal structure at Attakulangara Ward,Medium
Drainage pipeline leakage reported at Thampanoor Area locality,Medium
Broken drainage cover posing safety risk at Vellayambalam Ward,Critical
Unauthorized structural modification in building at Palayam Ward,Low
Drain cleaning request pending at Nemom Ward area,Low
Drain cleaning request pending at Attakulangara Ward area,Low
Blocked drainage system reported at Karamana Area under TVM Corporation limits,Medium
Unauthorized structural modification in building at Pattom Ward,Low
Open drain causing mosquito breeding at Thampanoor Area,High
Broken drainage cover posing safety risk at Manacaud Area,Critical
Broken drainage cover posing safety risk at Vellayambalam Ward,Critical
Building wall cracks observed in municipal structure at Nemom Ward,Medium
Drainage pipeline leakage reported at Manacaud Area locality,Medium
Unauthorized structural modification in building at Thampanoor Area,Low
Unauthorized structural modification in building at Vanchiyoor Ward,Low
Roof leakage in public building at Peroorkada Junction,Low
Damaged staircase railing in public building at Attakulangara Ward,Medium
Building wall cracks observed in municipal structure at East Fort Area,Medium
Ceiling plaster falling in municipal office at Vanchiyoor Ward,Medium
Foundation damage suspected in municipal building at Sreekariyam Area,Medium
Ceiling plaster falling in municipal office at Palayam Ward,Medium
Damaged staircase railing in public building at Nemom Ward,Medium
Stormwater drain clogged at Peroorkada Junction after heavy rain,Medium
Blocked drainage system reported at Kazhakkoottam Junction under TVM Corporation limits,Medium
Damaged staircase railing in public building at Palayam Ward,Medium
Foundation damage suspected in municipal building at Vanchiyoor Ward,Medium
Broken drainage cover posing safety risk at Vellayambalam Ward,Critical
Water stagnation due to poor drainage at Kowdiar Area,Medium
Roof leakage in public building at Sreekariyam Area,Low
Open drain causing mosquito breeding at Kazhakkoottam Junction,High
Drain cleaning request pending at Vellayambalam Ward area,Low
Stormwater drain clogged at Thampanoor Area after heavy rain,Medium
Roof leakage in public building at Vanchiyoor Ward,Low
Building wall cracks observed in municipal structure at Attakulangara Ward,Medium
Overflowing sewer line affecting residents at Peroorkada Junction,Low
Damaged staircase railing in public building at Vanchiyoor Ward,Medium
Unauthorized structural modification in building at Attakulangara Ward,Low
Drain cleaning request pending at Vellayambalam Ward area,Low
Ceiling plaster falling in municipal office at Peroorkada Junction,Medium
Drain cleaning request pending at Nemom Ward area,Low
Open drain causing mosquito breeding at Thampanoor Area,High
Open drain causing mosquito breeding at Vellayambalam Ward,High
Sewage overflow noticed at Vellayambalam Ward causing foul smell,High
Damaged staircase railing in public building at Karamana Area,Medium
Stormwater drain clogged at Peroorkada Junction after heavy rain,Medium
Stormwater drain clogged at Manacaud Area after heavy rain,Medium
Ceiling plaster falling in municipal office at Vanchiyoor Ward,Medium
Damaged staircase railing in public building at Pattom Ward,Medium
Water stagnation due to poor drainage at Vanchiyoor Ward,Medium
Ceiling plaster falling in municipal office at Karamana Area,Medium
Damaged staircase railing in public building at Manacaud Area,Medium
Foundation damage suspected in municipal building at Nemom Ward,Medium
Damaged staircase railing in public building at Sreekariyam Area,Medium
Damaged staircase railing in public building at Sreekariyam Area,Medium
Drain cleaning request pending at Kazhakkoottam Junction area,Low
Ceiling plaster falling in municipal office at Vanchiyoor Ward,Medium
Blocked drainage system reported at Attakulangara Ward under TVM Corporation limits,Medium
Open drain causing mosquito breeding at Manacaud Area,High
Ceiling plaster falling in municipal office at Vanchiyoor Ward,Medium
Damaged staircase railing in public building at Kowdiar Area,Medium
Damaged staircase railing in public building at Palayam Ward,Medium
Open drain causing mosquito breeding at Nemom Ward,High
Drain cleaning request pending at Thampanoor Area area,Low
Building wall cracks observed in municipal structure at Karamana Area,Medium
Stormwater drain clogged at Poojappura Road after heavy rain,Medium
Overflowing sewer line affecting residents at Poojappura Road,Low
Roof leakage in public building at Karamana Area,Low
Overflowing sewer line affecting residents at Pattom Ward,Low
Damaged staircase railing in public building at Kazhakkoottam Junction,Medium
Stormwater drain clogged at Peroorkada Junction after heavy rain,Medium
Building wall cracks observed in municipal structure at Sreekariyam Area,Medium
Ceiling plaster falling in municipal office at Nemom Ward,Medium
Broken drainage cover posing safety risk at Vellayambalam Ward,Critical
Building wall cracks observed in municipal structure at Pattom Ward,Medium
Sewage overflow noticed at Palayam Ward causing foul smell,High
Damaged staircase railing in public building at Manacaud Area,Medium
Drainage pipeline leakage reported at Nemom Ward locality,Medium
Water stagnation due to poor drainage at Thampanoor Area,Medium
Building wall cracks observed in municipal structure at Pattom Ward,Medium
Open drain causing mosquito breeding at Peroorkada Junction,High
Open drain causing mosquito breeding at Sreekariyam Area,High
Blocked drainage system reported at Thampanoor Area under TVM Corporation limits,Medium
Drain cleaning request pending at Attakulangara Ward area,Low
Water stagnation due to poor drainage at Vanchiyoor Ward,Medium
Damaged staircase railing in public building at Thampanoor Area,Medium
Unauthorized structural modification in building at Pattom Ward,Low
Roof leakage in public building at Pattom Ward,Low
Unauthorized structural modification in building at Attakulangara Ward,Low
Overflowing sewer line affecting residents at Peroorkada Junction,Low
Unauthorized structural modification in building at Karamana Area,Low
Unauthorized structural modification in building at Kazhakkoottam Junction,Low
Foundation damage suspected in municipal building at Nemom Ward,Medium
Foundation damage suspected in municipal building at Kazhakkoottam Junction,Medium
Foundation damage suspected in municipal building at Poojappura Road,Medium
Foundation damage suspected in municipal building at Kowdiar Area,Medium
Foundation damage suspected in municipal building at Nemom Ward,Medium
Sewage overflow noticed at Kazhakkoottam Junction causing foul smell,High
Open drain causing mosquito breeding at Palayam Ward,High
Unauthorized structural modification in building at Palayam Ward,Low
Open drain causing mosquito breeding at Vellayambalam Ward,High
Roof leakage in public building at Kowdiar Area,Low
Stormwater drain clogged at Pattom Ward after heavy rain,Medium
Drain cleaning request pending at Sreekariyam Area area,Low
Sewage overflow noticed at Attakulangara Ward causing foul smell,High
Overflowing sewer line affecting residents at Peroorkada Junction,Low
Building wall cracks observed in municipal structure at Vellayambalam Ward,Medium
Drainage pipeline leakage reported at Palayam Ward locality,Medium
Stormwater drain clogged at Peroorkada Junction after heavy rain,Medium
Blocked drainage system reported at Pattom Ward under TVM Corporation limits,Medium
Ceiling plaster falling in municipal office at Peroorkada Junction,Medium
Foundation damage suspected in municipal building at Palayam Ward,Medium
Blocked drainage system reported at Pattom Ward under TVM Corporation limits,Medium
Roof leakage in public building at Poojappura Road,Low
Ceiling plaster falling in municipal office at Kowdiar Area,Medium
Drainage pipeline leakage reported at Manacaud Area locality,Medium
Broken drainage cover posing safety risk at Palayam Ward,Critical
Overflowing sewer line affecting residents at East Fort Area,Low
Drain cleaning request pending at Pattom Ward area,Low
Drainage pipeline leakage reported at Attakulangara Ward locality,Medium
Overflowing sewer line affecting residents at Thampanoor Area,Low
Foundation damage suspected in municipal building at Kazhakkoottam Junction,Medium
Roof leakage in public building at East Fort Area,Low
Roof leakage in public building at Poojappura Road,Low
Building wall cracks observed in municipal structure at Kazhakkoottam Junction,Medium
Broken drainage cover posing safety risk at Kowdiar Area,Critical
Water stagnation due to poor drainage at Vellayambalam Ward,Medium
Damaged staircase railing in public building at Pattom Ward,Medium
Roof leakage in public building at Attakulangara Ward,Low
Sewage overflow noticed at Kowdiar Area causing foul smell,High
Broken drainage cover posing safety risk at Manacaud Area,Critical
Drainage pipeline leakage reported at Palayam Ward locality,Medium
Damaged staircase railing in public building at Pattom Ward,Medium
Expired food items being sold at Karamana Area shop,High
Contaminated drinking water served at Peroorkada Junction restaurant,Critical
Lack of cleanliness in kitchen area at Attakulangara Market Area,High
Foul smell from food waste behind Manacaud Area bakery,Low
Oil reused multiple times in food preparation at Karamana Area,High
Stale food being served at East Fort Junction hotel,High
Lack of cleanliness in kitchen area at Poojappura Road,High
Contaminated drinking water served at Palayam Area restaurant,Critical
Foul smell from food waste behind Manacaud Area bakery,Low
Poor sanitation inside food outlet at Karamana Area,High
Foul smell from food waste behind Nemom Ward bakery,Low
Lack of cleanliness in kitchen area at Manacaud Area,High
Food handlers not wearing gloves at Manacaud Area outlet,High
Food handlers not wearing gloves at Peroorkada Junction outlet,High
Poor sanitation inside food outlet at Kazhakkoottam Junction,High
Oil reused multiple times in food preparation at Palayam Area,High
Expired food items being sold at Vanchiyoor Ward shop,High
Foul smell from food waste behind Peroorkada Junction bakery,Low
Lack of cleanliness in kitchen area at Attakulangara Market Area,High
Food waste improperly disposed near Nemom Ward eatery,Low
Foul smell from food waste behind Attakulangara Market Area bakery,Low
Rodent infestation reported in food shop at Attakulangara Market Area,High
Unauthorized street food vendor operating unhygienically at Vellayambalam Ward,High
Improper storage of meat products at Vanchiyoor Ward,High
Lack of cleanliness in kitchen area at Attakulangara Market Area,High
Poor sanitation inside food outlet at Thampanoor Junction,High
Oil reused multiple times in food preparation at Kowdiar Junction,High
Improper storage of meat products at Karamana Area,High
Improper storage of meat products at East Fort Junction,High
Open garbage near food stall at Karamana Area,Low
Expired food items being sold at Vellayambalam Ward shop,High
Unhygienic food preparation observed at Nemom Ward restaurant,High
Lack of cleanliness in kitchen area at Kowdiar Junction,High
Foul smell from food waste behind Kowdiar Junction bakery,Low
Improper storage of meat products at Poojappura Road,High
Unauthorized street food vendor operating unhygienically at Palayam Area,High
Poor sanitation inside food outlet at Nemom Ward,High
Food waste improperly disposed near East Fort Junction eatery,Low
Rodent infestation reported in food shop at Vellayambalam Ward,High
Poor sanitation inside food outlet at Vanchiyoor Ward,High
Poor sanitation inside food outlet at Poojappura Road,High
Lack of cleanliness in kitchen area at Poojappura Road,High
Lack of cleanliness in kitchen area at Palayam Area,High
Foul smell from food waste behind Thampanoor Junction bakery,Low
Stale food being served at Peroorkada Junction hotel,High
Unhygienic food preparation observed at Vellayambalam Ward restaurant,High
Foul smell from food waste behind Manacaud Area bakery,Low
Lack of cleanliness in kitchen area at Poojappura Road,High
Contaminated drinking water served at Peroorkada Junction restaurant,Critical
Unhygienic food preparation observed at Pattom Ward restaurant,High
Food handlers not wearing gloves at Peroorkada Junction outlet,High
Stale food being served at Thampanoor Junction hotel,High
Food handlers not wearing gloves at Pattom Ward outlet,High
Expired food items being sold at Vanchiyoor Ward shop,High
Expired food items being sold at Kazhakkoottam Junction shop,High
Improper storage of meat products at Nemom Ward,High
Oil reused multiple times in food preparation at Nemom Ward,High
Food handlers not wearing gloves at Karamana Area outlet,High
Unauthorized street food vendor operating unhygienically at Kowdiar Junction,High
Oil reused multiple times in food preparation at Kazhakkoottam Junction,High
Expired food items being sold at Attakulangara Market Area shop,High
Unhygienic food preparation observed at Attakulangara Market Area restaurant,High
Expired food items being sold at Vellayambalam Ward shop,High
Expired food items being sold at Kowdiar Junction shop,High
Food waste improperly disposed near Vanchiyoor Ward eatery,Low
Poor sanitation inside food outlet at Manacaud Area,High
Unhygienic food preparation observed at Palayam Area restaurant,High
Rodent infestation reported in food shop at Attakulangara Market Area,High
Rodent infestation reported in food shop at Peroorkada Junction,High
Oil reused multiple times in food preparation at Attakulangara Market Area,High
Unhygienic food preparation observed at Thampanoor Junction restaurant,High
Rodent infestation reported in food shop at Kowdiar Junction,High
Contaminated drinking water served at Peroorkada Junction restaurant,Critical
Expired food items being sold at Nemom Ward shop,High
Unhygienic food preparation observed at Vellayambalam Ward restaurant,High
Rodent infestation reported in food shop at Kowdiar Junction,High
Lack of cleanliness in kitchen area at Manacaud Area,High
Open garbage near food stall at Pattom Ward,Low
Food handlers not wearing gloves at Palayam Area outlet,High
Improper refrigeration of dairy products at Pattom Ward,High
Unhygienic food preparation observed at Kowdiar Junction restaurant,High
Foul smell from food waste behind Manacaud Area bakery,Low
Expired food items being sold at Vellayambalam Ward shop,High
Food waste improperly disposed near Vanchiyoor Ward eatery,Low
Stale food being served at Manacaud Area hotel,High
Poor sanitation inside food outlet at Attakulangara Market Area,High
Poor sanitation inside food outlet at Karamana Area,High
Stale food being served at Pattom Ward hotel,High
Unhygienic food preparation observed at Kowdiar Junction restaurant,High
Improper refrigeration of dairy products at Peroorkada Junction,High
Stale food being served at Pattom Ward hotel,High
Lack of cleanliness in kitchen area at Manacaud Area,High
Stale food being served at Vellayambalam Ward hotel,High
Food waste improperly disposed near Kowdiar Junction eatery,Low
Food handlers not wearing gloves at Sreekariyam Area outlet,High
Open garbage near food stall at Palayam Area,Low
Open garbage near food stall at Vellayambalam Ward,Low
Improper refrigeration of dairy products at Kazhakkoottam Junction,High
Unhygienic food preparation observed at Poojappura Road restaurant,High
Improper refrigeration of dairy products at Manacaud Area,High
Lack of cleanliness in kitchen area at Nemom Ward,High
Stale food being served at Thampanoor Junction hotel,High
Food waste improperly disposed near Kowdiar Junction eatery,Low
Improper storage of meat products at Vellayambalam Ward,High
Improper storage of meat products at East Fort Junction,High
Open garbage near food stall at Vanchiyoor Ward,Low
Unauthorized street food vendor operating unhygienically at Poojappura Road,High
Rodent infestation reported in food shop at Vellayambalam Ward,High
Poor sanitation inside food outlet at East Fort Junction,High
Unhygienic food preparation observed at Peroorkada Junction restaurant,High
Improper storage of meat products at Nemom Ward,High
Lack of cleanliness in kitchen area at Attakulangara Market Area,High
Food handlers not wearing gloves at Thampanoor Junction outlet,High
Stale food being served at Manacaud Area hotel,High
Poor sanitation inside food outlet at Peroorkada Junction,High
Stale food being served at Peroorkada Junction hotel,High
Lack of cleanliness in kitchen area at Sreekariyam Area,High
Improper storage of meat products at Karamana Area,High
Poor sanitation inside food outlet at Kowdiar Junction,High
Poor sanitation inside food outlet at Poojappura Road,High
Contaminated drinking water served at Kowdiar Junction restaurant,Critical
Poor sanitation inside food outlet at Nemom Ward,High
Unauthorized street food vendor operating unhygienically at Manacaud Area,High
Food handlers not wearing gloves at Palayam Area outlet,High
Poor sanitation inside food outlet at East Fort Junction,High
Stale food being served at Nemom Ward hotel,High
Unhygienic food preparation observed at Poojappura Road restaurant,High
Poor sanitation inside food outlet at Kazhakkoottam Junction,High
Improper refrigeration of dairy products at Poojappura Road,High
Improper refrigeration of dairy products at Manacaud Area,High
Food handlers not wearing gloves at East Fort Junction outlet,High
Open garbage near food stall at Peroorkada Junction,Low
Improper refrigeration of dairy products at Vanchiyoor Ward,High
Improper storage of meat products at Manacaud Area,High
Oil reused multiple times in food preparation at Pattom Ward,High
Expired food items being sold at Kazhakkoottam Junction shop,High
Contaminated drinking water served at Kowdiar Junction restaurant,Critical
Open garbage near food stall at Vanchiyoor Ward,Low
Stale food being served at Poojappura Road hotel,High
Stale food being served at Karamana Area hotel,High
Poor sanitation inside food outlet at Pattom Ward,High
Unhygienic food preparation observed at East Fort Junction restaurant,High
Lack of cleanliness in kitchen area at Thampanoor Junction,High
Open garbage near food stall at Manacaud Area,Low
Contaminated drinking water served at Pattom Ward restaurant,Critical
Improper storage of meat products at Attakulangara Market Area,High
Food handlers not wearing gloves at Attakulangara Market Area outlet,High
Contaminated drinking water served at East Fort Junction restaurant,Critical
Stale food being served at Karamana Area hotel,High
Lack of cleanliness in kitchen area at Karamana Area,High
Food waste improperly disposed near Vellayambalam Ward eatery,Low
Rodent infestation reported in food shop at Karamana Area,High
Oil reused multiple times in food preparation at Karamana Area,High
Stale food being served at Nemom Ward hotel,High
Improper refrigeration of dairy products at Vellayambalam Ward,High
Improper refrigeration of dairy products at Attakulangara Market Area,High
Unhygienic food preparation observed at Peroorkada Junction restaurant,High
Rodent infestation reported in food shop at Pattom Ward,High
Improper refrigeration of dairy products at Vanchiyoor Ward,High
Improper storage of meat products at Palayam Area,High
Poor sanitation inside food outlet at Thampanoor Junction,High
Food handlers not wearing gloves at Vanchiyoor Ward outlet,High
Improper storage of meat products at Kazhakkoottam Junction,High
Unhygienic food preparation observed at Sreekariyam Area restaurant,High
Rodent infestation reported in food shop at Kowdiar Junction,High
Unauthorized street food vendor operating unhygienically at Peroorkada Junction,High
Food handlers not wearing gloves at Poojappura Road outlet,High
Foul smell from food waste behind Karamana Area bakery,Low
Unauthorized street food vendor operating unhygienically at Kazhakkoottam Junction,High
Oil reused multiple times in food preparation at Pattom Ward,High
Expired food items being sold at Pattom Ward shop,High
Contaminated drinking water served at Kowdiar Junction restaurant,Critical
Open garbage near food stall at Palayam Area,Low
Open garbage near food stall at Kowdiar Junction,Low
Food waste improperly disposed near Thampanoor Junction eatery,Low
Contaminated drinking water served at Palayam Area restaurant,Critical
Improper storage of meat products at Kazhakkoottam Junction,High
Foul smell from food waste behind Manacaud Area bakery,Low
Improper refrigeration of dairy products at Manacaud Area,High
Lack of cleanliness in kitchen area at Peroorkada Junction,High
Expired food items being sold at Kowdiar Junction shop,High
Food handlers not wearing gloves at Vellayambalam Ward outlet,High
Oil reused multiple times in food preparation at Pattom Ward,High
Food waste improperly disposed near Manacaud Area eatery,Low
Poor sanitation inside food outlet at Vellayambalam Ward,High
Contaminated drinking water served at Nemom Ward restaurant,Critical
Foul smell from food waste behind Nemom Ward bakery,Low
Stale food being served at Peroorkada Junction hotel,High
Unauthorized street food vendor operating unhygienically at Palayam Area,High
Lack of cleanliness in kitchen area at Manacaud Area,High
Poor sanitation inside food outlet at Vellayambalam Ward,High
Open garbage near food stall at Kowdiar Junction,Low
Expired food items being sold at Kazhakkoottam Junction shop,High
Improper refrigeration of dairy products at Vanchiyoor Ward,High
Expired food items being sold at Attakulangara Market Area shop,High
Improper storage of meat products at Vanchiyoor Ward,High
Unauthorized street food vendor operating unhygienically at Manacaud Area,High
Open garbage near food stall at Karamana Area,Low
Improper refrigeration of dairy products at Sreekariyam Area,High
Rodent infestation reported in food shop at Peroorkada Junction,High
Lack of cleanliness in kitchen area at Poojappura Road,High
Lack of cleanliness in kitchen area at Peroorkada Junction,High
Oil reused multiple times in food preparation at Palayam Area,High
Lack of cleanliness in kitchen area at Thampanoor Junction,High
Rodent infestation reported in food shop at Kowdiar Junction,High
Unauthorized street food vendor operating unhygienically at Peroorkada Junction,High
Lack of cleanliness in kitchen area at Vanchiyoor Ward,High
Expired food items being sold at Manacaud Area shop,High
Improper storage of meat products at Nemom Ward,High
Foul smell from food waste behind Sreekariyam Area bakery,Low
Rodent infestation reported in food shop at Kazhakkoottam Junction,High
Rodent infestation reported in food shop at Vellayambalam Ward,High
Poor sanitation inside food outlet at Poojappura Road,High
Expired food items being sold at Poojappura Road shop,High
Open garbage near food stall at East Fort Junction,Low
Poor sanitation inside food outlet at Vanchiyoor Ward,High
Expired food items being sold at Sreekariyam Area shop,High
Lack of cleanliness in kitchen area at Vanchiyoor Ward,High
Foul smell from food waste behind Vanchiyoor Ward bakery,Low
Open garbage near food stall at Attakulangara Market Area,Low
Unhygienic food preparation observed at Kazhakkoottam Junction restaurant,High
Contaminated drinking water served at Kowdiar Junction restaurant,Critical
Oil reused multiple times in food preparation at Vellayambalam Ward,High
Lack of cleanliness in kitchen area at Vellayambalam Ward,High
Unauthorized street food vendor operating unhygienically at Peroorkada Junction,High
Unhygienic food preparation observed at Karamana Area restaurant,High
Rodent infestation reported in food shop at Karamana Area,High
Rodent infestation reported in food shop at Pattom Ward,High
Expired food items being sold at Nemom Ward shop,High
Improper refrigeration of dairy products at East Fort Junction,High
Oil reused multiple times in food preparation at Kazhakkoottam Junction,High
Unauthorized street food vendor operating unhygienically at Karamana Area,High
Lack of cleanliness in kitchen area at East Fort Junction,High
Unauthorized street food vendor operating unhygienically at East Fort Junction,High
Improper storage of meat products at Nemom Ward,High
Poor sanitation inside food outlet at Manacaud Area,High
Open garbage near food stall at Sreekariyam Area,Low
Open garbage near food stall at Kazhakkoottam Junction,Low
Rodent infestation reported in food shop at East Fort Junction,High
Expired food items being sold at Kowdiar Junction shop,High
Unhygienic food preparation observed at Vellayambalam Ward restaurant,High
Improper refrigeration of dairy products at Nemom Ward,High
Improper refrigeration of dairy products at East Fort Junction,High
Improper refrigeration of dairy products at Vanchiyoor Ward,High
Improper storage of meat products at Karamana Area,High
Expired food items being sold at Pattom Ward shop,High
Open garbage near food stall at Vellayambalam Ward,Low
Improper storage of meat products at East Fort Junction,High
Rodent infestation reported in food shop at Palayam Area,High
Rodent infestation reported in food shop at Manacaud Area,High
Unauthorized street food vendor operating unhygienically at Nemom Ward,High
Oil reused multiple times in food preparation at Kowdiar Junction,High
Expired food items being sold at Attakulangara Market Area shop,High
Rodent infestation reported in food shop at Vellayambalam Ward,High
Open garbage near food stall at Nemom Ward,Low
Contaminated drinking water served at Karamana Area restaurant,Critical
Food waste improperly disposed near Palayam Area eatery,Low
Foul smell from food waste behind Kowdiar Junction bakery,Low
Unhygienic food preparation observed at Peroorkada Junction restaurant,High
Improper storage of meat products at Kowdiar Junction,High
Improper refrigeration of dairy products at Vanchiyoor Ward,High
Food waste improperly disposed near Vellayambalam Ward eatery,Low
Lack of cleanliness in kitchen area at Poojappura Road,High
Lack of cleanliness in kitchen area at Karamana Area,High
Improper refrigeration of dairy products at Attakulangara Market Area,High
Food handlers not wearing gloves at Thampanoor Junction outlet,High
Stale food being served at Pattom Ward hotel,High
Rodent infestation reported in food shop at Karamana Area,High
Lack of cleanliness in kitchen area at Kazhakkoottam Junction,High
Expired food items being sold at Sreekariyam Area shop,High
Open garbage near food stall at Karamana Area,Low
Stale food being served at Pattom Ward hotel,High
Foul smell from food waste behind Vanchiyoor Ward bakery,Low
Improper refrigeration of dairy products at Kowdiar Junction,High
Unhygienic food preparation observed at Kazhakkoottam Junction restaurant,High
Improper storage of meat products at Karamana Area,High
Expired food items being sold at Attakulangara Market Area shop,High
Lack of cleanliness in kitchen area at Vanchiyoor Ward,High
Expired food items being sold at Kazhakkoottam Junction shop,High
Food handlers not wearing gloves at Attakulangara Market Area outlet,High
Improper storage of meat products at Kazhakkoottam Junction,High
Lack of cleanliness in kitchen area at Attakulangara Market Area,High
Poor sanitation inside food outlet at Peroorkada Junction,High
Lack of cleanliness in kitchen area at East Fort Junction,High
Food waste improperly disposed near Poojappura Road eatery,Low
Expired food items being sold at Sreekariyam Area shop,High
Oil reused multiple times in food preparation at Pattom Ward,High
Food waste improperly disposed near Pattom Ward eatery,Low
Expired food items being sold at Pattom Ward shop,High
Stale food being served at Sreekariyam Area hotel,High
Unhygienic food preparation observed at Nemom Ward restaurant,High
Rodent infestation reported in food shop at Palayam Area,High
Oil reused multiple times in food preparation at Vellayambalam Ward,High
Improper refrigeration of dairy products at Vellayambalam Ward,High
Improper storage of meat products at Karamana Area,High
Rodent infestation reported in food shop at Manacaud Area,High
Rodent infestation reported in food shop at Kowdiar Junction,High
Food waste improperly disposed near Nemom Ward eatery,Low
Oil reused multiple times in food preparation at Manacaud Area,High
Rodent infestation reported in food shop at East Fort Junction,High
Contaminated drinking water served at East Fort Junction restaurant,Critical
Expired food items being sold at Thampanoor Junction shop,High
Improper refrigeration of dairy products at Sreekariyam Area,High
Oil reused multiple times in food preparation at Vanchiyoor Ward,High
Unauthorized street food vendor operating unhygienically at Manacaud Area,High
Rodent infestation reported in food shop at Poojappura Road,High
Food handlers not wearing gloves at Pattom Ward outlet,High
Food handlers not wearing gloves at Poojappura Road outlet,High
Unhygienic food preparation observed at Poojappura Road restaurant,High
Open garbage near food stall at Poojappura Road,Low
Expired food items being sold at Sreekariyam Area shop,High
Unauthorized street food vendor operating unhygienically at Peroorkada Junction,High
Oil reused multiple times in food preparation at Karamana Area,High
Rodent infestation reported in food shop at Poojappura Road,High
Open garbage near food stall at Vellayambalam Ward,Low
Improper storage of meat products at Vanchiyoor Ward,High
Unhygienic food preparation observed at Vanchiyoor Ward restaurant,High
Lack of cleanliness in kitchen area at Peroorkada Junction,High
Unauthorized street food vendor operating unhygienically at Manacaud Area,High
Improper refrigeration of dairy products at Nemom Ward,High
Improper refrigeration of dairy products at Attakulangara Market Area,High
Improper refrigeration of dairy products at Vellayambalam Ward,High
Unhygienic food preparation observed at Poojappura Road restaurant,High
Improper storage of meat products at Kazhakkoottam Junction,High
Food waste improperly disposed near Poojappura Road eatery,Low
Oil reused multiple times in food preparation at Sreekariyam Area,High
Expired food items being sold at Peroorkada Junction shop,High
Contaminated drinking water served at Peroorkada Junction restaurant,Critical
Lack of cleanliness in kitchen area at Vanchiyoor Ward,High
Oil reused multiple times in food preparation at Thampanoor Junction,High
Oil reused multiple times in food preparation at Kowdiar Junction,High
Lack of cleanliness in kitchen area at Pattom Ward,High
Poor sanitation inside food outlet at Thampanoor Junction,High
Rodent infestation reported in food shop at Manacaud Area,High
Improper storage of meat products at Vanchiyoor Ward,High
Stale food being served at Vellayambalam Ward hotel,High
Improper storage of meat products at Vellayambalam Ward,High
Foul smell from food waste behind Manacaud Area bakery,Low
Poor sanitation inside food outlet at Manacaud Area,High
Unauthorized street food vendor operating unhygienically at Palayam Area,High
Oil reused multiple times in food preparation at Kazhakkoottam Junction,High
Foul smell from food waste behind Poojappura Road bakery,Low
Food waste improperly disposed near Nemom Ward eatery,Low
Rodent infestation reported in food shop at Peroorkada Junction,High
Unauthorized street food vendor operating unhygienically at Palayam Area,High
Improper refrigeration of dairy products at Karamana Area,High
Lack of cleanliness in kitchen area at Kowdiar Junction,High
Expired food items being sold at Sreekariyam Area shop,High
Unauthorized street food vendor operating unhygienically at Vanchiyoor Ward,High
Contaminated drinking water served at Palayam Area restaurant,Critical
Oil reused multiple times in food preparation at Palayam Area,High
Oil reused multiple times in food preparation at Kazhakkoottam Junction,High
Foul smell from food waste behind Sreekariyam Area bakery,Low
Stale food being served at Palayam Area hotel,High
Rodent infestation reported in food shop at East Fort Junction,High
Unauthorized street food vendor operating unhygienically at Peroorkada Junction,High
Food waste improperly disposed near Attakulangara Market Area eatery,Low
Improper refrigeration of dairy products at Vellayambalam Ward,High
Foul smell from food waste behind Kowdiar Junction bakery,Low
Unauthorized street food vendor operating unhygienically at Vanchiyoor Ward,High
Open garbage near food stall at Palayam Area,Low
Unauthorized street food vendor operating unhygienically at Poojappura Road,High
Stale food being served at Peroorkada Junction hotel,High
Contaminated drinking water served at Kowdiar Junction restaurant,Critical
Expired food items being sold at East Fort Junction shop,High
Lack of cleanliness in kitchen area at Thampanoor Junction,High
Contaminated drinking water served at East Fort Junction restaurant,Critical
Foul smell from food waste behind East Fort Junction bakery,Low
Open garbage near food stall at Kazhakkoottam Junction,Low
Improper refrigeration of dairy products at Karamana Area,High
Improper refrigeration of dairy products at Attakulangara Market Area,High
Improper refrigeration of dairy products at Poojappura Road,High
Unhygienic food preparation observed at Peroorkada Junction restaurant,High
Rodent infestation reported in food shop at Vellayambalam Ward,High
Unauthorized street food vendor operating unhygienically at Pattom Ward,High
Improper storage of meat products at Sreekariyam Area,High
Improper storage of meat products at Vellayambalam Ward,High
Unauthorized street food vendor operating unhygienically at Poojappura Road,High
Improper storage of meat products at Attakulangara Market Area,High
Rodent infestation reported in food shop at Peroorkada Junction,High
Rodent infestation reported in food shop at Palayam Area,High
Open garbage near food stall at Nemom Ward,Low
Oil reused multiple times in food preparation at Kowdiar Junction,High
Improper storage of meat products at Vellayambalam Ward,High
Unauthorized street food vendor operating unhygienically at Vellayambalam Ward,High
Unhygienic food preparation observed at East Fort Junction restaurant,High
Improper refrigeration of dairy products at Kowdiar Junction,High
Expired food items being sold at Vanchiyoor Ward shop,High
Unhygienic food preparation observed at Sreekariyam Area restaurant,High
Open garbage near food stall at Pattom Ward,Low
Improper refrigeration of dairy products at Vellayambalam Ward,High
Expired food items being sold at Nemom Ward shop,High
Oil reused multiple times in food preparation at Peroorkada Junction,High
Unauthorized street food vendor operating unhygienically at Attakulangara Market Area,High
Poor sanitation inside food outlet at Peroorkada Junction,High
Open garbage near food stall at Kowdiar Junction,Low
Food waste improperly disposed near East Fort Junction eatery,Low
Improper refrigeration of dairy products at Vanchiyoor Ward,High
Improper refrigeration of dairy products at Thampanoor Junction,High
Poor sanitation inside food outlet at East Fort Junction,High
Foul smell from food waste behind Karamana Area bakery,Low
Stale food being served at Karamana Area hotel,High
Contaminated drinking water served at Peroorkada Junction restaurant,Critical
Foul smell from food waste behind Karamana Area bakery,Low
Contaminated drinking water served at Attakulangara Market Area restaurant,Critical
Food waste improperly disposed near Nemom Ward eatery,Low
Unhygienic food preparation observed at Manacaud Area restaurant,High
Food handlers not wearing gloves at Peroorkada Junction outlet,High
Contaminated drinking water served at Poojappura Road restaurant,Critical
Poor sanitation inside food outlet at Karamana Area,High
Improper refrigeration of dairy products at Palayam Area,High
Improper refrigeration of dairy products at Pattom Ward,High
Food handlers not wearing gloves at Thampanoor Junction outlet,High
Foul smell from food waste behind Poojappura Road bakery,Low
Expired food items being sold at Kazhakkoottam Junction shop,High
Foul smell from food waste behind Kazhakkoottam Junction bakery,Low
Improper refrigeration of dairy products at Palayam Area,High
Foul smell from food waste behind Poojappura Road bakery,Low
Food handlers not wearing gloves at Vellayambalam Ward outlet,High
Food waste improperly disposed near Nemom Ward eatery,Low
Contaminated drinking water served at Sreekariyam Area restaurant,Critical
Foul smell from food waste behind Kowdiar Junction bakery,Low
Contaminated drinking water served at Kowdiar Junction restaurant,Critical
Poor sanitation inside food outlet at Kowdiar Junction,High
Poor sanitation inside food outlet at Attakulangara Market Area,High
Unauthorized street food vendor operating unhygienically at Vanchiyoor Ward,High
Lack of cleanliness in kitchen area at Manacaud Area,High
Stale food being served at East Fort Junction hotel,High
Stale food being served at Poojappura Road hotel,High
Rodent infestation reported in food shop at Peroorkada Junction,High
Lack of cleanliness in kitchen area at Palayam Area,High
Unauthorized street food vendor operating unhygienically at Peroorkada Junction,High
Rodent infestation reported in food shop at Karamana Area,High
Unauthorized street food vendor operating unhygienically at Poojappura Road,High
Expired food items being sold at Karamana Area shop,High
Unauthorized street food vendor operating unhygienically at Sreekariyam Area,High
Rodent infestation reported in food shop at Pattom Ward,High
Foul smell from food waste behind Kowdiar Junction bakery,Low
Improper refrigeration of dairy products at Nemom Ward,High
Improper storage of meat products at Pattom Ward,High
Foul smell from food waste behind Thampanoor Junction bakery,Low
Expired food items being sold at Kowdiar Junction shop,High
Unauthorized street food vendor operating unhygienically at Peroorkada Junction,High
Stale food being served at Nemom Ward hotel,High
Improper storage of meat products at Poojappura Road,High
Expired food items being sold at Vanchiyoor Ward shop,High
Unhygienic food preparation observed at East Fort Junction restaurant,High
Food handlers not wearing gloves at Karamana Area outlet,High
Lack of cleanliness in kitchen area at Manacaud Area,High
Unhygienic food preparation observed at Karamana Area restaurant,High
Food waste improperly disposed near Manacaud Area eatery,Low
Contaminated drinking water served at Thampanoor Junction restaurant,Critical
Unauthorized street food vendor operating unhygienically at Poojappura Road,High
Expired food items being sold at Vanchiyoor Ward shop,High
Contaminated drinking water served at Kowdiar Junction restaurant,Critical
Food handlers not wearing gloves at Poojappura Road outlet,High
Improper refrigeration of dairy products at Vanchiyoor Ward,High
Stale food being served at Peroorkada Junction hotel,High
Poor sanitation inside food outlet at Palayam Area,High
Stale food being served at Vellayambalam Ward hotel,High
Unhygienic food preparation observed at Poojappura Road restaurant,High
Improper storage of meat products at Peroorkada Junction,High
Lack of cleanliness in kitchen area at East Fort Junction,High
Expired food items being sold at Manacaud Area shop,High
Lack of cleanliness in kitchen area at Thampanoor Junction,High
Contaminated drinking water served at Manacaud Area restaurant,Critical
Food waste improperly disposed near Attakulangara Market Area eatery,Low
Contaminated drinking water served at Peroorkada Junction restaurant,Critical
Stale food being served at Pattom Ward hotel,High
Foul smell from food waste behind Vellayambalam Ward bakery,Low
Food handlers not wearing gloves at Kazhakkoottam Junction outlet,High
Food waste improperly disposed near Kazhakkoottam Junction eatery,Low
Food waste improperly disposed near Peroorkada Junction eatery,Low
Food waste improperly disposed near Vellayambalam Ward eatery,Low
Improper refrigeration of dairy products at Thampanoor Junction,High
Stale food being served at Kazhakkoottam Junction hotel,High
Contaminated drinking water served at East Fort Junction restaurant,Critical
Improper refrigeration of dairy products at Sreekariyam Area,High
Unauthorized street food vendor operating unhygienically at Thampanoor Junction,High
Improper refrigeration of dairy products at Kazhakkoottam Junction,High
Oil reused multiple times in food preparation at Peroorkada Junction,High
Unhygienic food preparation observed at Palayam Area restaurant,High
Expired food items being sold at Sreekariyam Area shop,High
Open garbage near food stall at Manacaud Area,Low
Unhygienic food preparation observed at Pattom Ward restaurant,High
Unhygienic food preparation observed at Kowdiar Junction restaurant,High
Contaminated drinking water served at Poojappura Road restaurant,Critical
Improper storage of meat products at Nemom Ward,High
Stale food being served at Karamana Area hotel,High
Contaminated drinking water served at East Fort Junction restaurant,Critical
Contaminated drinking water served at Attakulangara Market Area restaurant,Critical
Unauthorized street food vendor operating unhygienically at Thampanoor Junction,High
Rodent infestation reported in food shop at Kowdiar Junction,High
Stale food being served at Poojappura Road hotel,High
Poor sanitation inside food outlet at East Fort Junction,High
Improper storage of meat products at Pattom Ward,High
Unhygienic food preparation observed at Peroorkada Junction restaurant,High
Stale food being served at Sreekariyam Area hotel,High
Stale food being served at Pattom Ward hotel,High
Food waste improperly disposed near Karamana Area eatery,Low
Land tax payment updated but ownership not corrected at Sreekariyam Area,Low
Land classification error shown in revenue portal for Palayam Ward,Low
Name correction request pending in land records at Kazhakkoottam Ward,Low
Survey number mismatch in revenue records for property at Nemom Ward,Low
Name correction request pending in land records at Manacaud Area,Low
Land tax payment updated but ownership not corrected at Peroorkada Ward,Low
Property subdivision not reflected in TVM Corporation records at Nemom Ward,Medium
Delay in issuing possession certificate for land at Fort Ward,Low
Delay in issuing possession certificate for land at Fort Ward,Low
Land tax payment updated but ownership not corrected at Kowdiar Area,Low
Property subdivision not reflected in TVM Corporation records at Manacaud Area,Medium
Duplicate ownership entry found in records at Palayam Ward,Medium
Name correction request pending in land records at Nemom Ward,Low
Revenue portal not showing updated land data for Sreekariyam Area,Low
Incorrect ownership details reflected in land records at Vanchiyoor Ward,Low
Land transfer application status not updated for Sreekariyam Area,Low
Land classification error shown in revenue portal for Fort Ward,Low
Incorrect area measurement recorded for property at Fort Ward,Medium
Revenue portal not showing updated land data for Thampanoor Area,Low
Land classification error shown in revenue portal for Kazhakkoottam Ward,Low
Delay in issuing possession certificate for land at Vellayambalam Ward,Low
Land tax payment updated but ownership not corrected at Palayam Ward,Low
Old owner name still appearing in records for Poojappura Ward,Low
Revenue portal not showing updated land data for Kowdiar Area,Low
Delay in mutation of property records at Peroorkada Ward under TVM Corporation,Low
Delay in issuing possession certificate for land at Fort Ward,Low
Incorrect ownership details reflected in land records at Vellayambalam Ward,Low
Encumbrance certificate not updated for property at Fort Ward,Medium
Incorrect ownership details reflected in land records at Kowdiar Area,Low
Boundary details incorrectly recorded for land at Karamana Area,Medium
Encumbrance certificate not updated for property at Vellayambalam Ward,Medium
Property subdivision not reflected in TVM Corporation records at Attakulangara Ward,Medium
Land tax payment updated but ownership not corrected at Attakulangara Ward,Low
Land classification error shown in revenue portal for Peroorkada Ward,Low
Name correction request pending in land records at Nemom Ward,Low
Name correction request pending in land records at Karamana Area,Low
Incorrect ownership details reflected in land records at Vanchiyoor Ward,Low
Old owner name still appearing in records for Kazhakkoottam Ward,Low
Delay in issuing possession certificate for land at Nemom Ward,Low
Revenue portal not showing updated land data for Attakulangara Ward,Low
Encumbrance certificate not updated for property at Vanchiyoor Ward,Medium
Name correction request pending in land records at Fort Ward,Low
Delay in issuing possession certificate for land at Kowdiar Area,Low
Delay in mutation of property records at Poojappura Ward under TVM Corporation,Low
Land transfer application status not updated for Nemom Ward,Low
Old owner name still appearing in records for Attakulangara Ward,Low
Delay in issuing possession certificate for land at Peroorkada Ward,Low
Revenue portal not showing updated land data for Manacaud Area,Low
Old owner name still appearing in records for Sreekariyam Area,Low
Incorrect area measurement recorded for property at Fort Ward,Medium
Revenue portal not showing updated land data for Fort Ward,Low
Land transfer application status not updated for Palayam Ward,Low
Old owner name still appearing in records for Manacaud Area,Low
Incorrect area measurement recorded for property at Poojappura Ward,Medium
Boundary details incorrectly recorded for land at Vanchiyoor Ward,Medium
Land transfer application status not updated for Pattom Ward,Low
Duplicate ownership entry found in records at Palayam Ward,Medium
Boundary details incorrectly recorded for land at Nemom Ward,Medium
Boundary details incorrectly recorded for land at Kowdiar Area,Medium
Delay in mutation of property records at Thampanoor Area under TVM Corporation,Low
Delay in mutation of property records at Manacaud Area under TVM Corporation,Low
Land tax payment updated but ownership not corrected at Vanchiyoor Ward,Low
Land classification error shown in revenue portal for Sreekariyam Area,Low
Boundary details incorrectly recorded for land at Nemom Ward,Medium
Old owner name still appearing in records for Sreekariyam Area,Low
Survey number mismatch in revenue records for property at Manacaud Area,Low
Incorrect ownership details reflected in land records at Vellayambalam Ward,Low
Land tax payment updated but ownership not corrected at Vellayambalam Ward,Low
Incorrect area measurement recorded for property at Sreekariyam Area,Medium
Delay in mutation of property records at Fort Ward under TVM Corporation,Low
Property subdivision not reflected in TVM Corporation records at Thampanoor Area,Medium
Incorrect ownership details reflected in land records at Peroorkada Ward,Low
Delay in issuing possession certificate for land at Manacaud Area,Low
Delay in mutation of property records at Vanchiyoor Ward under TVM Corporation,Low
Encumbrance certificate not updated for property at Karamana Area,Medium
Boundary details incorrectly recorded for land at Manacaud Area,Medium
Delay in issuing possession certificate for land at Attakulangara Ward,Low
Land classification error shown in revenue portal for Pattom Ward,Low
Delay in mutation of property records at Karamana Area under TVM Corporation,Low
Encumbrance certificate not updated for property at Pattom Ward,Medium
Revenue portal not showing updated land data for Pattom Ward,Low
Land tax payment updated but ownership not corrected at Kowdiar Area,Low
Delay in issuing possession certificate for land at Manacaud Area,Low
Boundary details incorrectly recorded for land at Attakulangara Ward,Medium
Revenue portal not showing updated land data for Vanchiyoor Ward,Low
Boundary details incorrectly recorded for land at Kowdiar Area,Medium
Incorrect area measurement recorded for property at Karamana Area,Medium
Name correction request pending in land records at Kowdiar Area,Low
Delay in issuing possession certificate for land at Vanchiyoor Ward,Low
Name correction request pending in land records at Poojappura Ward,Low
Land tax payment updated but ownership not corrected at Vanchiyoor Ward,Low
Incorrect ownership details reflected in land records at Sreekariyam Area,Low
Land classification error shown in revenue portal for Vanchiyoor Ward,Low
Land tax payment updated but ownership not corrected at Kazhakkoottam Ward,Low
Encumbrance certificate not updated for property at Fort Ward,Medium
Encumbrance certificate not updated for property at Attakulangara Ward,Medium
Revenue portal not showing updated land data for Attakulangara Ward,Low
Land classification error shown in revenue portal for Fort Ward,Low
Survey number mismatch in revenue records for property at Fort Ward,Low
Survey number mismatch in revenue records for property at Poojappura Ward,Low
Delay in mutation of property records at Attakulangara Ward under TVM Corporation,Low
Property subdivision not reflected in TVM Corporation records at Vellayambalam Ward,Medium
Encumbrance certificate not updated for property at Palayam Ward,Medium
Delay in issuing possession certificate for land at Kazhakkoottam Ward,Low
Delay in mutation of property records at Sreekariyam Area under TVM Corporation,Low
Incorrect ownership details reflected in land records at Poojappura Ward,Low
Land transfer application status not updated for Poojappura Ward,Low
Name correction request pending in land records at Fort Ward,Low
Delay in mutation of property records at Attakulangara Ward under TVM Corporation,Low
Delay in mutation of property records at Fort Ward under TVM Corporation,Low
Boundary details incorrectly recorded for land at Sreekariyam Area,Medium
Old owner name still appearing in records for Peroorkada Ward,Low
Property subdivision not reflected in TVM Corporation records at Kowdiar Area,Medium
Incorrect ownership details reflected in land records at Poojappura Ward,Low
Revenue portal not showing updated land data for Vellayambalam Ward,Low
Land classification error shown in revenue portal for Fort Ward,Low
Incorrect area measurement recorded for property at Fort Ward,Medium
Revenue portal not showing updated land data for Sreekariyam Area,Low
Land tax payment updated but ownership not corrected at Poojappura Ward,Low
Boundary details incorrectly recorded for land at Palayam Ward,Medium
Old owner name still appearing in records for Nemom Ward,Low
Land classification error shown in revenue portal for Pattom Ward,Low
Land transfer application status not updated for Poojappura Ward,Low
Revenue portal not showing updated land data for Peroorkada Ward,Low
Name correction request pending in land records at Attakulangara Ward,Low
Survey number mismatch in revenue records for property at Thampanoor Area,Low
Land classification error shown in revenue portal for Vellayambalam Ward,Low
Land transfer application status not updated for Peroorkada Ward,Low
Survey number mismatch in revenue records for property at Vellayambalam Ward,Low
Survey number mismatch in revenue records for property at Kowdiar Area,Low
Property subdivision not reflected in TVM Corporation records at Vanchiyoor Ward,Medium
Survey number mismatch in revenue records for property at Thampanoor Area,Low
Land classification error shown in revenue portal for Kowdiar Area,Low
Name correction request pending in land records at Pattom Ward,Low
Encumbrance certificate not updated for property at Poojappura Ward,Medium
Land classification error shown in revenue portal for Nemom Ward,Low
Delay in mutation of property records at Kowdiar Area under TVM Corporation,Low
Delay in issuing possession certificate for land at Sreekariyam Area,Low
Old owner name still appearing in records for Pattom Ward,Low
Old owner name still appearing in records for Kazhakkoottam Ward,Low
Land tax payment updated but ownership not corrected at Vellayambalam Ward,Low
Incorrect ownership details reflected in land records at Kazhakkoottam Ward,Low
Land tax payment updated but ownership not corrected at Palayam Ward,Low
Land classification error shown in revenue portal for Kazhakkoottam Ward,Low
Land tax payment updated but ownership not corrected at Kazhakkoottam Ward,Low
Land classification error shown in revenue portal for Palayam Ward,Low
Revenue portal not showing updated land data for Fort Ward,Low
Old owner name still appearing in records for Sreekariyam Area,Low
Land transfer application status not updated for Karamana Area,Low
Survey number mismatch in revenue records for property at Manacaud Area,Low
Land tax payment updated but ownership not corrected at Sreekariyam Area,Low
Name correction request pending in land records at Pattom Ward,Low
Delay in mutation of property records at Karamana Area under TVM Corporation,Low
Property subdivision not reflected in TVM Corporation records at Palayam Ward,Medium
Delay in issuing possession certificate for land at Pattom Ward,Low
Old owner name still appearing in records for Palayam Ward,Low
Delay in issuing possession certificate for land at Poojappura Ward,Low
Land tax payment updated but ownership not corrected at Poojappura Ward,Low
Incorrect ownership details reflected in land records at Thampanoor Area,Low
Land tax payment updated but ownership not corrected at Nemom Ward,Low
Land classification error shown in revenue portal for Karamana Area,Low
Duplicate ownership entry found in records at Kazhakkoottam Ward,Medium
Old owner name still appearing in records for Kowdiar Area,Low
Boundary details incorrectly recorded for land at Poojappura Ward,Medium
Incorrect area measurement recorded for property at Palayam Ward,Medium
Delay in issuing possession certificate for land at Nemom Ward,Low
Name correction request pending in land records at Kowdiar Area,Low
Old owner name still appearing in records for Fort Ward,Low
Land transfer application status not updated for Peroorkada Ward,Low
Duplicate ownership entry found in records at Kowdiar Area,Medium
Delay in mutation of property records at Palayam Ward under TVM Corporation,Low
Property subdivision not reflected in TVM Corporation records at Kowdiar Area,Medium
Revenue portal not showing updated land data for Vanchiyoor Ward,Low
Old owner name still appearing in records for Fort Ward,Low
Old owner name still appearing in records for Peroorkada Ward,Low
Incorrect area measurement recorded for property at Vanchiyoor Ward,Medium
Old owner name still appearing in records for Peroorkada Ward,Low
Revenue portal not showing updated land data for Pattom Ward,Low
Revenue portal not showing updated land data for Karamana Area,Low
Encumbrance certificate not updated for property at Karamana Area,Medium
Survey number mismatch in revenue records for property at Karamana Area,Low
Land classification error shown in revenue portal for Attakulangara Ward,Low
Delay in mutation of property records at Manacaud Area under TVM Corporation,Low
Incorrect area measurement recorded for property at Fort Ward,Medium
Boundary details incorrectly recorded for land at Fort Ward,Medium
Duplicate ownership entry found in records at Fort Ward,Medium
Delay in mutation of property records at Poojappura Ward under TVM Corporation,Low
Land tax payment updated but ownership not corrected at Kazhakkoottam Ward,Low
Land transfer application status not updated for Poojappura Ward,Low
Name correction request pending in land records at Fort Ward,Low
Boundary details incorrectly recorded for land at Vanchiyoor Ward,Medium
Land transfer application status not updated for Poojappura Ward,Low
Delay in mutation of property records at Karamana Area under TVM Corporation,Low
Old owner name still appearing in records for Peroorkada Ward,Low
Incorrect area measurement recorded for property at Kazhakkoottam Ward,Medium
Duplicate ownership entry found in records at Peroorkada Ward,Medium
Incorrect ownership details reflected in land records at Nemom Ward,Low
Delay in issuing possession certificate for land at Palayam Ward,Low
Land classification error shown in revenue portal for Pattom Ward,Low
Incorrect area measurement recorded for property at Kowdiar Area,Medium
Property subdivision not reflected in TVM Corporation records at Vanchiyoor Ward,Medium
Revenue portal not showing updated land data for Manacaud Area,Low
Delay in mutation of property records at Pattom Ward under TVM Corporation,Low
Incorrect ownership details reflected in land records at Pattom Ward,Low
Incorrect area measurement recorded for property at Peroorkada Ward,Medium
Old owner name still appearing in records for Fort Ward,Low
Land classification error shown in revenue portal for Nemom Ward,Low
Survey number mismatch in revenue records for property at Thampanoor Area,Low
Survey number mismatch in revenue records for property at Vellayambalam Ward,Low
Incorrect ownership details reflected in land records at Manacaud Area,Low
Incorrect ownership details reflected in land records at Kowdiar Area,Low
Duplicate ownership entry found in records at Peroorkada Ward,Medium
Incorrect area measurement recorded for property at Palayam Ward,Medium
Duplicate ownership entry found in records at Thampanoor Area,Medium
Old owner name still appearing in records for Attakulangara Ward,Low
Delay in mutation of property records at Nemom Ward under TVM Corporation,Low
Incorrect area measurement recorded for property at Sreekariyam Area,Medium
Boundary details incorrectly recorded for land at Fort Ward,Medium
Land transfer application status not updated for Vellayambalam Ward,Low
Boundary details incorrectly recorded for land at Pattom Ward,Medium
Delay in issuing possession certificate for land at Sreekariyam Area,Low
Delay in mutation of property records at Poojappura Ward under TVM Corporation,Low
Duplicate ownership entry found in records at Pattom Ward,Medium
Delay in issuing possession certificate for land at Kowdiar Area,Low
Incorrect ownership details reflected in land records at Vellayambalam Ward,Low
Encumbrance certificate not updated for property at Thampanoor Area,Medium
Delay in mutation of property records at Kazhakkoottam Ward under TVM Corporation,Low
Land transfer application status not updated for Manacaud Area,Low
Survey number mismatch in revenue records for property at Thampanoor Area,Low
Duplicate ownership entry found in records at Pattom Ward,Medium
Land tax payment updated but ownership not corrected at Kazhakkoottam Ward,Low
Land transfer application status not updated for Manacaud Area,Low
Land tax payment updated but ownership not corrected at Manacaud Area,Low
Delay in issuing possession certificate for land at Fort Ward,Low
Land transfer application status not updated for Vellayambalam Ward,Low
Old owner name still appearing in records for Nemom Ward,Low
Boundary details incorrectly recorded for land at Kowdiar Area,Medium
Incorrect area measurement recorded for property at Vellayambalam Ward,Medium
Revenue portal not showing updated land data for Kazhakkoottam Ward,Low
Revenue portal not showing updated land data for Kowdiar Area,Low
Delay in mutation of property records at Attakulangara Ward under TVM Corporation,Low
Incorrect area measurement recorded for property at Fort Ward,Medium
Incorrect area measurement recorded for property at Vanchiyoor Ward,Medium
Survey number mismatch in revenue records for property at Thampanoor Area,Low
Old owner name still appearing in records for Attakulangara Ward,Low
Land tax payment updated but ownership not corrected at Vanchiyoor Ward,Low
Land classification error shown in revenue portal for Palayam Ward,Low
Property subdivision not reflected in TVM Corporation records at Manacaud Area,Medium
Name correction request pending in land records at Vanchiyoor Ward,Low
Delay in issuing possession certificate for land at Manacaud Area,Low
Land tax payment updated but ownership not corrected at Kowdiar Area,Low
Delay in issuing possession certificate for land at Vanchiyoor Ward,Low
Boundary details incorrectly recorded for land at Peroorkada Ward,Medium
Land transfer application status not updated for Sreekariyam Area,Low
Old owner name still appearing in records for Manacaud Area,Low
Delay in issuing possession certificate for land at Palayam Ward,Low
Land transfer application status not updated for Nemom Ward,Low
Duplicate ownership entry found in records at Palayam Ward,Medium
Land transfer application status not updated for Thampanoor Area,Low
Old owner name still appearing in records for Sreekariyam Area,Low
Old owner name still appearing in records for Kazhakkoottam Ward,Low
Delay in issuing possession certificate for land at Manacaud Area,Low
Encumbrance certificate not updated for property at Pattom Ward,Medium
Boundary details incorrectly recorded for land at Vanchiyoor Ward,Medium
Survey number mismatch in revenue records for property at Vellayambalam Ward,Low
Property subdivision not reflected in TVM Corporation records at Attakulangara Ward,Medium
Old owner name still appearing in records for Fort Ward,Low
Incorrect area measurement recorded for property at Vellayambalam Ward,Medium
Boundary details incorrectly recorded for land at Kazhakkoottam Ward,Medium
Name correction request pending in land records at Thampanoor Area,Low
Revenue portal not showing updated land data for Vellayambalam Ward,Low
Encumbrance certificate not updated for property at Pattom Ward,Medium
Encumbrance certificate not updated for property at Nemom Ward,Medium
Old owner name still appearing in records for Sreekariyam Area,Low
Survey number mismatch in revenue records for property at Sreekariyam Area,Low
Boundary details incorrectly recorded for land at Kazhakkoottam Ward,Medium
Delay in mutation of property records at Karamana Area under TVM Corporation,Low
Survey number mismatch in revenue records for property at Fort Ward,Low
Name correction request pending in land records at Thampanoor Area,Low
Encumbrance certificate not updated for property at Palayam Ward,Medium
Delay in mutation of property records at Attakulangara Ward under TVM Corporation,Low
Incorrect ownership details reflected in land records at Pattom Ward,Low
Land transfer application status not updated for Palayam Ward,Low
Incorrect area measurement recorded for property at Fort Ward,Medium
Land classification error shown in revenue portal for Manacaud Area,Low
Land tax payment updated but ownership not corrected at Poojappura Ward,Low
Delay in mutation of property records at Palayam Ward under TVM Corporation,Low
Survey number mismatch in revenue records for property at Poojappura Ward,Low
Property subdivision not reflected in TVM Corporation records at Palayam Ward,Medium
Land tax payment updated but ownership not corrected at Thampanoor Area,Low
Incorrect area measurement recorded for property at Pattom Ward,Medium
Delay in mutation of property records at Vanchiyoor Ward under TVM Corporation,Low
Delay in issuing possession certificate for land at Thampanoor Area,Low
Property subdivision not reflected in TVM Corporation records at Attakulangara Ward,Medium
Incorrect area measurement recorded for property at Vanchiyoor Ward,Medium
Name correction request pending in land records at Nemom Ward,Low
Boundary details incorrectly recorded for land at Vanchiyoor Ward,Medium
Incorrect area measurement recorded for property at Thampanoor Area,Medium
Incorrect area measurement recorded for property at Thampanoor Area,Medium
Duplicate ownership entry found in records at Kowdiar Area,Medium
Land transfer application status not updated for Attakulangara Ward,Low
Incorrect ownership details reflected in land records at Poojappura Ward,Low
Duplicate ownership entry found in records at Vanchiyoor Ward,Medium
Delay in mutation of property records at Sreekariyam Area under TVM Corporation,Low
Duplicate ownership entry found in records at Karamana Area,Medium
Land transfer application status not updated for Kazhakkoottam Ward,Low
Boundary details incorrectly recorded for land at Sreekariyam Area,Medium
Delay in mutation of property records at Fort Ward under TVM Corporation,Low
Delay in mutation of property records at Attakulangara Ward under TVM Corporation,Low
Encumbrance certificate not updated for property at Kowdiar Area,Medium
Encumbrance certificate not updated for property at Vellayambalam Ward,Medium
Incorrect area measurement recorded for property at Fort Ward,Medium
Duplicate ownership entry found in records at Vellayambalam Ward,Medium
Revenue portal not showing updated land data for Attakulangara Ward,Low
Encumbrance certificate not updated for property at Peroorkada Ward,Medium
Duplicate ownership entry found in records at Kowdiar Area,Medium
Land tax payment updated but ownership not corrected at Manacaud Area,Low
Incorrect ownership details reflected in land records at Manacaud Area,Low
Encumbrance certificate not updated for property at Manacaud Area,Medium
Revenue portal not showing updated land data for Nemom Ward,Low
Property subdivision not reflected in TVM Corporation records at Nemom Ward,Medium
Property subdivision not reflected in TVM Corporation records at Fort Ward,Medium
Encumbrance certificate not updated for property at Kazhakkoottam Ward,Medium
Survey number mismatch in revenue records for property at Peroorkada Ward,Low
Delay in mutation of property records at Palayam Ward under TVM Corporation,Low
Boundary details incorrectly recorded for land at Nemom Ward,Medium
Land classification error shown in revenue portal for Thampanoor Area,Low
Property subdivision not reflected in TVM Corporation records at Palayam Ward,Medium
Boundary details incorrectly recorded for land at Fort Ward,Medium
Land transfer application status not updated for Palayam Ward,Low
Survey number mismatch in revenue records for property at Nemom Ward,Low
Boundary details incorrectly recorded for land at Vellayambalam Ward,Medium
Survey number mismatch in revenue records for property at Kazhakkoottam Ward,Low
Incorrect ownership details reflected in land records at Fort Ward,Low
Property subdivision not reflected in TVM Corporation records at Thampanoor Area,Medium
Encumbrance certificate not updated for property at Attakulangara Ward,Medium
Property subdivision not reflected in TVM Corporation records at Peroorkada Ward,Medium
Land classification error shown in revenue portal for Thampanoor Area,Low
Encumbrance certificate not updated for property at Fort Ward,Medium
Old owner name still appearing in records for Vellayambalam Ward,Low
Land transfer application status not updated for Attakulangara Ward,Low
Duplicate ownership entry found in records at Nemom Ward,Medium
Old owner name still appearing in records for Pattom Ward,Low
Duplicate ownership entry found in records at Kowdiar Area,Medium
Survey number mismatch in revenue records for property at Attakulangara Ward,Low
Revenue portal not showing updated land data for Karamana Area,Low
Name correction request pending in land records at Karamana Area,Low
Revenue portal not showing updated land data for Pattom Ward,Low
Encumbrance certificate not updated for property at Vanchiyoor Ward,Medium
Name correction request pending in land records at Sreekariyam Area,Low
Delay in issuing possession certificate for land at Vellayambalam Ward,Low
Encumbrance certificate not updated for property at Vellayambalam Ward,Medium
Incorrect ownership details reflected in land records at Karamana Area,Low
Name correction request pending in land records at Attakulangara Ward,Low
Incorrect ownership details reflected in land records at Manacaud Area,Low
Duplicate ownership entry found in records at Kowdiar Area,Medium
Land tax payment updated but ownership not corrected at Karamana Area,Low
Property subdivision not reflected in TVM Corporation records at Palayam Ward,Medium
Delay in mutation of property records at Vanchiyoor Ward under TVM Corporation,Low
Incorrect area measurement recorded for property at Nemom Ward,Medium
Boundary details incorrectly recorded for land at Vellayambalam Ward,Medium
Incorrect ownership details reflected in land records at Karamana Area,Low
Incorrect ownership details reflected in land records at Poojappura Ward,Low
Property subdivision not reflected in TVM Corporation records at Kazhakkoottam Ward,Medium
Old owner name still appearing in records for Thampanoor Area,Low
Land classification error shown in revenue portal for Attakulangara Ward,Low
Land tax payment updated but ownership not corrected at Vellayambalam Ward,Low
Survey number mismatch in revenue records for property at Kowdiar Area,Low
Delay in issuing possession certificate for land at Vellayambalam Ward,Low
Delay in mutation of property records at Pattom Ward under TVM Corporation,Low
Revenue portal not showing updated land data for Pattom Ward,Low
Delay in mutation of property records at Thampanoor Area under TVM Corporation,Low
Incorrect ownership details reflected in land records at Attakulangara Ward,Low
Boundary details incorrectly recorded for land at Attakulangara Ward,Medium
Encumbrance certificate not updated for property at Nemom Ward,Medium
Land transfer application status not updated for Pattom Ward,Low
Survey number mismatch in revenue records for property at Attakulangara Ward,Low
Land transfer application status not updated for Karamana Area,Low
Encumbrance certificate not updated for property at Thampanoor Area,Medium
Delay in issuing possession certificate for land at Thampanoor Area,Low
Old owner name still appearing in records for Sreekariyam Area,Low
Land tax payment updated but ownership not corrected at Attakulangara Ward,Low
Incorrect area measurement recorded for property at Kazhakkoottam Ward,Medium
Survey number mismatch in revenue records for property at Manacaud Area,Low
Revenue portal not showing updated land data for Fort Ward,Low
Delay in mutation of property records at Karamana Area under TVM Corporation,Low
Old owner name still appearing in records for Thampanoor Area,Low
Incorrect ownership details reflected in land records at Vellayambalam Ward,Low
Old owner name still appearing in records for Kowdiar Area,Low
Encumbrance certificate not updated for property at Nemom Ward,Medium
Name correction request pending in land records at Palayam Ward,Low
Revenue portal not showing updated land data for Thampanoor Area,Low
Incorrect ownership details reflected in land records at Nemom Ward,Low
Delay in issuing possession certificate for land at Peroorkada Ward,Low
Old owner name still appearing in records for Peroorkada Ward,Low
Incorrect area measurement recorded for property at Attakulangara Ward,Medium
Delay in mutation of property records at Poojappura Ward under TVM Corporation,Low
Land classification error shown in revenue portal for Vanchiyoor Ward,Low
Old owner name still appearing in records for Sreekariyam Area,Low
Property subdivision not reflected in TVM Corporation records at Vellayambalam Ward,Medium
Land transfer application status not updated for Nemom Ward,Low
Old owner name still appearing in records for Kazhakkoottam Ward,Low
Survey number mismatch in revenue records for property at Vanchiyoor Ward,Low
Incorrect ownership details reflected in land records at Karamana Area,Low
Old owner name still appearing in records for Kowdiar Area,Low
Delay in mutation of property records at Kowdiar Area under TVM Corporation,Low
Old owner name still appearing in records for Peroorkada Ward,Low
Incorrect area measurement recorded for property at Thampanoor Area,Medium
Property subdivision not reflected in TVM Corporation records at Vanchiyoor Ward,Medium
Delay in issuing possession certificate for land at Thampanoor Area,Low
Delay in issuing possession certificate for land at Pattom Ward,Low
Land classification error shown in revenue portal for Pattom Ward,Low
Property subdivision not reflected in TVM Corporation records at Fort Ward,Medium
Land tax payment updated but ownership not corrected at Vellayambalam Ward,Low
Incorrect area measurement recorded for property at Palayam Ward,Medium
Revenue portal not showing updated land data for Vanchiyoor Ward,Low
Delay in issuing possession certificate for land at Karamana Area,Low
Old owner name still appearing in records for Fort Ward,Low
Old owner name still appearing in records for Peroorkada Ward,Low
Land classification error shown in revenue portal for Sreekariyam Area,Low
Encumbrance certificate not updated for property at Karamana Area,Medium
Land transfer application status not updated for Kowdiar Area,Low
Land classification error shown in revenue portal for Manacaud Area,Low
Incorrect ownership details reflected in land records at Sreekariyam Area,Low
Duplicate ownership entry found in records at Palayam Ward,Medium
Name correction request pending in land records at Pattom Ward,Low
Old owner name still appearing in records for Attakulangara Ward,Low
Encumbrance certificate not updated for property at Palayam Ward,Medium
Land classification error shown in revenue portal for Karamana Area,Low
Boundary details incorrectly recorded for land at Karamana Area,Medium
Survey number mismatch in revenue records for property at Palayam Ward,Low
Old owner name still appearing in records for Vellayambalam Ward,Low
Name correction request pending in land records at Pattom Ward,Low
Revenue portal not showing updated land data for Manacaud Area,Low
Incorrect area measurement recorded for property at Sreekariyam Area,Medium
Property subdivision not reflected in TVM Corporation records at Vellayambalam Ward,Medium
Land classification error shown in revenue portal for Pattom Ward,Low
Delay in mutation of property records at Pattom Ward under TVM Corporation,Low
Incorrect area measurement recorded for property at Peroorkada Ward,Medium
Property subdivision not reflected in TVM Corporation records at Kazhakkoottam Ward,Medium
Revenue portal not showing updated land data for Pattom Ward,Low
Revenue portal not showing updated land data for Kowdiar Area,Low
Delay in mutation of property records at Kazhakkoottam Ward under TVM Corporation,Low
Encumbrance certificate not updated for property at Nemom Ward,Medium
Land tax payment updated but ownership not corrected at Manacaud Area,Low
Land classification error shown in revenue portal for Karamana Area,Low
Delay in mutation of property records at Vanchiyoor Ward under TVM Corporation,Low
Old owner name still appearing in records for Vanchiyoor Ward,Low
Encumbrance certificate not updated for property at Sreekariyam Area,Medium
Revenue portal not showing updated land data for Nemom Ward,Low
Delay in issuing possession certificate for land at Kazhakkoottam Ward,Low
Land transfer application status not updated for Sreekariyam Area,Low
Delay in mutation of property records at Peroorkada Ward under TVM Corporation,Low
Delay in mutation of property records at Kazhakkoottam Ward under TVM Corporation,Low
Old owner name still appearing in records for Vanchiyoor Ward,Low
Incorrect ownership details reflected in land records at Pattom Ward,Low
Land tax payment updated but ownership not corrected at Fort Ward,Low
Name correction request pending in land records at Vanchiyoor Ward,Low
Incorrect area measurement recorded for property at Kowdiar Area,Medium
Land tax payment updated but ownership not corrected at Vanchiyoor Ward,Low
Old owner name still appearing in records for Peroorkada Ward,Low
Incorrect area measurement recorded for property at Palayam Ward,Medium
Land classification error shown in revenue portal for Karamana Area,Low
Duplicate ownership entry found in records at Karamana Area,Medium
Delay in mutation of property records at Thampanoor Area under TVM Corporation,Low
Name correction request pending in land records at Poojappura Ward,Low
Incorrect ownership details reflected in land records at Vellayambalam Ward,Low
Land classification error shown in revenue portal for Vanchiyoor Ward,Low
Boundary details incorrectly recorded for land at Palayam Ward,Medium
Land classification error shown in revenue portal for Fort Ward,Low
Boundary details incorrectly recorded for land at Peroorkada Ward,Medium
Incorrect ownership details reflected in land records at Poojappura Ward,Low
Land classification error shown in revenue portal for Kowdiar Area,Low
Incorrect area measurement recorded for property at Peroorkada Ward,Medium
Delay in issuing possession certificate for land at Vanchiyoor Ward,Low
Encumbrance certificate not updated for property at Palayam Ward,Medium
Duplicate ownership entry found in records at Kowdiar Area,Medium
Survey number mismatch in revenue records for property at Kowdiar Area,Low
Duplicate ownership entry found in records at Peroorkada Ward,Medium
Incorrect ownership details reflected in land records at Thampanoor Area,Low
Survey number mismatch in revenue records for property at Nemom Ward,Low
Land tax payment updated but ownership not corrected at Pattom Ward,Low
Delay in mutation of property records at Vellayambalam Ward under TVM Corporation,Low
Delay in mutation of property records at Attakulangara Ward under TVM Corporation,Low
Delay in mutation of property records at Palayam Ward under TVM Corporation,Low
Boundary details incorrectly recorded for land at Manacaud Area,Medium
Property subdivision not reflected in TVM Corporation records at Sreekariyam Area,Medium
Name correction request pending in land records at Manacaud Area,Low
Revenue portal not showing updated land data for Peroorkada Ward,Low
Name correction request pending in land records at Kazhakkoottam Ward,Low
Duplicate ownership entry found in records at Pattom Ward,Medium
Duplicate ownership entry found in records at Palayam Ward,Medium
Duplicate ownership entry found in records at Poojappura Ward,Medium
Revenue portal not showing updated land data for Fort Ward,Low
Delay in issuing possession certificate for land at Kowdiar Area,Low
Duplicate ownership entry found in records at Sreekariyam Area,Medium
Delay in mutation of property records at Manacaud Area under TVM Corporation,Low
Delay in mutation of property records at Kowdiar Area under TVM Corporation,Low
Land tax payment updated but ownership not corrected at Manacaud Area,Low
Incorrect area measurement recorded for property at Palayam Ward,Medium
Online grievance payment page not loading for Karamana Area,Low
Portal showing transaction error during tax payment for Attakulangara Ward,Low
Birth certificate online payment status pending for Nemom Ward,Low
Unable to download payment receipt from TVM Corporation portal for Kazhakkoottam Ward,Low
Unable to download payment receipt from TVM Corporation portal for Fort Ward,Low
Unable to download payment receipt from TVM Corporation portal for Palayam Ward,Low
Unable to download payment receipt from TVM Corporation portal for Nemom Ward,Low
Trade license renewal payment not reflecting in TVM Corporation portal for Vellayambalam Ward,Low
Payment confirmation SMS received but portal shows unpaid for Nemom Ward,Low
Online property tax payment failed on TVM Corporation portal for property at Fort Ward,Low
Website timeout error during revenue payment for Peroorkada Ward,Low
Payment deducted but receipt not generated on Thiruvananthapuram Corporation website for Fort Ward,Low
Online property tax payment failed on TVM Corporation portal for property at Poojappura Ward,Low
Birth certificate online payment status pending for Peroorkada Ward,Low
Unable to download payment receipt from TVM Corporation portal for Kazhakkoottam Ward,Low
Portal showing transaction error during tax payment for Vellayambalam Ward,Low
Incorrect late fee auto-calculated during online payment for Attakulangara Ward,Low
Portal showing transaction error during tax payment for Kazhakkoottam Ward,Low
Portal showing transaction error during tax payment for Sreekariyam Area,Low
Property tax payment gateway not responding for Fort Ward,Low
Incorrect late fee auto-calculated during online payment for Vellayambalam Ward,Low
Unable to download payment receipt from TVM Corporation portal for Sreekariyam Area,Low
Unable to download payment receipt from TVM Corporation portal for Palayam Ward,Low
Portal showing transaction error during tax payment for Nemom Ward,Low
Incorrect late fee auto-calculated during online payment for Nemom Ward,Low
Online property tax payment failed on TVM Corporation portal for property at Fort Ward,Low
Payment deducted but receipt not generated on Thiruvananthapuram Corporation website for Karamana Area,Low
Online grievance payment page not loading for Kazhakkoottam Ward,Low
Property tax payment gateway not responding for Fort Ward,Low
Unable to download payment receipt from TVM Corporation portal for Kowdiar Area,Low
Portal showing transaction error during tax payment for Kazhakkoottam Ward,Low
Birth certificate online payment status pending for Kowdiar Area,Low
Online grievance payment page not loading for Palayam Ward,Low
Refund not processed for failed online transaction for Vanchiyoor Ward,Low
Online property tax payment failed on TVM Corporation portal for property at Sreekariyam Area,Low
Portal showing transaction error during tax payment for Nemom Ward,Low
Double payment deducted while paying municipal tax for Fort Ward,Low
Unable to download payment receipt from TVM Corporation portal for Thampanoor Area,Low
Online property tax payment failed on TVM Corporation portal for property at Kazhakkoottam Ward,Low
Server error displayed after completing payment for Attakulangara Ward,Low
Online grievance payment page not loading for Vellayambalam Ward,Low
Website timeout error during revenue payment for Manacaud Area,Low
UPI payment successful but not updated in municipal records for Vanchiyoor Ward,Low
Incorrect late fee auto-calculated during online payment for Pattom Ward,Low
Property tax payment gateway not responding for Vellayambalam Ward,Low
Refund not processed for failed online transaction for Karamana Area,Low
UPI payment successful but not updated in municipal records for Thampanoor Area,Low
Payment confirmation SMS received but portal shows unpaid for Attakulangara Ward,Low
Payment deducted but receipt not generated on Thiruvananthapuram Corporation website for Palayam Ward,Low
Website timeout error during revenue payment for Poojappura Ward,Low
Birth certificate online payment status pending for Fort Ward,Low
Website timeout error during revenue payment for Vanchiyoor Ward,Low
Incorrect late fee auto-calculated during online payment for Vellayambalam Ward,Low
Unable to download payment receipt from TVM Corporation portal for Poojappura Ward,Low
Payment deducted but receipt not generated on Thiruvananthapuram Corporation website for Fort Ward,Low
Payment confirmation SMS received but portal shows unpaid for Sreekariyam Area,Low
Property tax payment gateway not responding for Fort Ward,Low
UPI payment successful but not updated in municipal records for Palayam Ward,Low
UPI payment successful but not updated in municipal records for Palayam Ward,Low
UPI payment successful but not updated in municipal records for Vanchiyoor Ward,Low
Unable to download payment receipt from TVM Corporation portal for Nemom Ward,Low
Double payment deducted while paying municipal tax for Kowdiar Area,Low
Incorrect late fee auto-calculated during online payment for Pattom Ward,Low
Online grievance payment page not loading for Kowdiar Area,Low
Incorrect late fee auto-calculated during online payment for Manacaud Area,Low
Trade license renewal payment not reflecting in TVM Corporation portal for Sreekariyam Area,Low
Unable to download payment receipt from TVM Corporation portal for Manacaud Area,Low
UPI payment successful but not updated in municipal records for Sreekariyam Area,Low
Birth certificate online payment status pending for Attakulangara Ward,Low
Trade license renewal payment not reflecting in TVM Corporation portal for Fort Ward,Low
Portal showing transaction error during tax payment for Nemom Ward,Low
Payment confirmation SMS received but portal shows unpaid for Fort Ward,Low
Incorrect late fee auto-calculated during online payment for Vanchiyoor Ward,Low
UPI payment successful but not updated in municipal records for Poojappura Ward,Low
Payment confirmation SMS received but portal shows unpaid for Karamana Area,Low
Payment deducted but receipt not generated on Thiruvananthapuram Corporation website for Vellayambalam Ward,Low
Birth certificate online payment status pending for Karamana Area,Low
Portal showing transaction error during tax payment for Peroorkada Ward,Low
UPI payment successful but not updated in municipal records for Peroorkada Ward,Low
Property tax payment gateway not responding for Thampanoor Area,Low
Server error displayed after completing payment for Karamana Area,Low
Incorrect late fee auto-calculated during online payment for Sreekariyam Area,Low
Trade license renewal payment not reflecting in TVM Corporation portal for Thampanoor Area,Low
Online grievance payment page not loading for Vanchiyoor Ward,Low
Portal showing transaction error during tax payment for Vanchiyoor Ward,Low
Payment deducted but receipt not generated on Thiruvananthapuram Corporation website for Palayam Ward,Low
Portal showing transaction error during tax payment for Poojappura Ward,Low
Payment confirmation SMS received but portal shows unpaid for Manacaud Area,Low
Online property tax payment failed on TVM Corporation portal for property at Kowdiar Area,Low
UPI payment successful but not updated in municipal records for Karamana Area,Low
Server error displayed after completing payment for Manacaud Area,Low
Website timeout error during revenue payment for Poojappura Ward,Low
Online grievance payment page not loading for Manacaud Area,Low
Portal showing transaction error during tax payment for Manacaud Area,Low
Trade license renewal payment not reflecting in TVM Corporation portal for Karamana Area,Low
Online grievance payment page not loading for Vellayambalam Ward,Low
UPI payment successful but not updated in municipal records for Kowdiar Area,Low
Birth certificate online payment status pending for Kowdiar Area,Low
Server error displayed after completing payment for Palayam Ward,Low
Server error displayed after completing payment for Manacaud Area,Low
Incorrect late fee auto-calculated during online payment for Vanchiyoor Ward,Low
Online property tax payment failed on TVM Corporation portal for property at Attakulangara Ward,Low
Trade license renewal payment not reflecting in TVM Corporation portal for Karamana Area,Low
Website timeout error during revenue payment for Manacaud Area,Low
Portal showing transaction error during tax payment for Palayam Ward,Low
Trade license renewal payment not reflecting in TVM Corporation portal for Peroorkada Ward,Low
Website timeout error during revenue payment for Kowdiar Area,Low
Property tax payment gateway not responding for Palayam Ward,Low
Refund not processed for failed online transaction for Sreekariyam Area,Low
Website timeout error during revenue payment for Poojappura Ward,Low
Online grievance payment page not loading for Kowdiar Area,Low
Online property tax payment failed on TVM Corporation portal for property at Manacaud Area,Low
UPI payment successful but not updated in municipal records for Pattom Ward,Low
Payment confirmation SMS received but portal shows unpaid for Palayam Ward,Low
Birth certificate online payment status pending for Manacaud Area,Low
UPI payment successful but not updated in municipal records for Kazhakkoottam Ward,Low
UPI payment successful but not updated in municipal records for Peroorkada Ward,Low
Server error displayed after completing payment for Poojappura Ward,Low
UPI payment successful but not updated in municipal records for Fort Ward,Low
Server error displayed after completing payment for Thampanoor Area,Low
Payment deducted but receipt not generated on Thiruvananthapuram Corporation website for Karamana Area,Low
Refund not processed for failed online transaction for Peroorkada Ward,Low
Refund not processed for failed online transaction for Karamana Area,Low
Online property tax payment failed on TVM Corporation portal for property at Peroorkada Ward,Low
UPI payment successful but not updated in municipal records for Nemom Ward,Low
Double payment deducted while paying municipal tax for Sreekariyam Area,Low
Property tax payment gateway not responding for Pattom Ward,Low
Double payment deducted while paying municipal tax for Palayam Ward,Low
Incorrect late fee auto-calculated during online payment for Manacaud Area,Low
Unable to download payment receipt from TVM Corporation portal for Kazhakkoottam Ward,Low
Incorrect late fee auto-calculated during online payment for Kowdiar Area,Low
Payment confirmation SMS received but portal shows unpaid for Pattom Ward,Low
Online grievance payment page not loading for Nemom Ward,Low
Server error displayed after completing payment for Manacaud Area,Low
Incorrect late fee auto-calculated during online payment for Kazhakkoottam Ward,Low
Trade license renewal payment not reflecting in TVM Corporation portal for Fort Ward,Low
Online property tax payment failed on TVM Corporation portal for property at Vanchiyoor Ward,Low
Payment confirmation SMS received but portal shows unpaid for Vellayambalam Ward,Low
Online grievance payment page not loading for Pattom Ward,Low
Birth certificate online payment status pending for Nemom Ward,Low
Website timeout error during revenue payment for Palayam Ward,Low
Payment deducted but receipt not generated on Thiruvananthapuram Corporation website for Pattom Ward,Low
Refund not processed for failed online transaction for Pattom Ward,Low
Double payment deducted while paying municipal tax for Sreekariyam Area,Low
Unable to download payment receipt from TVM Corporation portal for Palayam Ward,Low
Payment deducted but receipt not generated on Thiruvananthapuram Corporation website for Fort Ward,Low
Portal showing transaction error during tax payment for Karamana Area,Low
Payment confirmation SMS received but portal shows unpaid for Thampanoor Area,Low
Portal showing transaction error during tax payment for Kowdiar Area,Low
Property tax payment gateway not responding for Kowdiar Area,Low
Portal showing transaction error during tax payment for Pattom Ward,Low
Incorrect late fee auto-calculated during online payment for Peroorkada Ward,Low
Payment confirmation SMS received but portal shows unpaid for Sreekariyam Area,Low
Payment confirmation SMS received but portal shows unpaid for Kazhakkoottam Ward,Low
Unable to download payment receipt from TVM Corporation portal for Vanchiyoor Ward,Low
Double payment deducted while paying municipal tax for Peroorkada Ward,Low
Online grievance payment page not loading for Attakulangara Ward,Low
Property tax payment gateway not responding for Pattom Ward,Low
Birth certificate online payment status pending for Attakulangara Ward,Low
Portal showing transaction error during tax payment for Karamana Area,Low
Portal showing transaction error during tax payment for Peroorkada Ward,Low
Website timeout error during revenue payment for Sreekariyam Area,Low
Refund not processed for failed online transaction for Thampanoor Area,Low
Online property tax payment failed on TVM Corporation portal for property at Kazhakkoottam Ward,Low
Payment confirmation SMS received but portal shows unpaid for Fort Ward,Low
Trade license renewal payment not reflecting in TVM Corporation portal for Pattom Ward,Low
Payment deducted but receipt not generated on Thiruvananthapuram Corporation website for Pattom Ward,Low
Online grievance payment page not loading for Kazhakkoottam Ward,Low
Website timeout error during revenue payment for Palayam Ward,Low
Birth certificate online payment status pending for Palayam Ward,Low
Incorrect late fee auto-calculated during online payment for Fort Ward,Low
Portal showing transaction error during tax payment for Poojappura Ward,Low
Property tax payment gateway not responding for Poojappura Ward,Low
Online property tax payment failed on TVM Corporation portal for property at Karamana Area,Low
Payment confirmation SMS received but portal shows unpaid for Manacaud Area,Low
Property tax payment gateway not responding for Peroorkada Ward,Low
Birth certificate online payment status pending for Karamana Area,Low
Birth certificate online payment status pending for Kazhakkoottam Ward,Low
Portal showing transaction error during tax payment for Thampanoor Area,Low
Server error displayed after completing payment for Kazhakkoottam Ward,Low
Unable to download payment receipt from TVM Corporation portal for Pattom Ward,Low
Double payment deducted while paying municipal tax for Thampanoor Area,Low
Unable to download payment receipt from TVM Corporation portal for Pattom Ward,Low
Birth certificate online payment status pending for Vellayambalam Ward,Low
Website timeout error during revenue payment for Manacaud Area,Low
Payment confirmation SMS received but portal shows unpaid for Karamana Area,Low
Property tax payment gateway not responding for Pattom Ward,Low
Refund not processed for failed online transaction for Manacaud Area,Low
Refund not processed for failed online transaction for Vanchiyoor Ward,Low
Trade license renewal payment not reflecting in TVM Corporation portal for Palayam Ward,Low
Refund not processed for failed online transaction for Sreekariyam Area,Low
Trade license renewal payment not reflecting in TVM Corporation portal for Kowdiar Area,Low
Server error displayed after completing payment for Pattom Ward,Low
Website timeout error during revenue payment for Thampanoor Area,Low
Double payment deducted while paying municipal tax for Attakulangara Ward,Low
Unable to download payment receipt from TVM Corporation portal for Manacaud Area,Low
Portal showing transaction error during tax payment for Poojappura Ward,Low
Property tax payment gateway not responding for Kowdiar Area,Low
Website timeout error during revenue payment for Vanchiyoor Ward,Low
Server error displayed after completing payment for Vanchiyoor Ward,Low
Online grievance payment page not loading for Fort Ward,Low
Server error displayed after completing payment for Palayam Ward,Low
Trade license renewal payment not reflecting in TVM Corporation portal for Karamana Area,Low
Trade license renewal payment not reflecting in TVM Corporation portal for Nemom Ward,Low
Refund not processed for failed online transaction for Palayam Ward,Low
Double payment deducted while paying municipal tax for Karamana Area,Low
Payment deducted but receipt not generated on Thiruvananthapuram Corporation website for Vellayambalam Ward,Low
Refund not processed for failed online transaction for Karamana Area,Low
Website timeout error during revenue payment for Poojappura Ward,Low
Server error displayed after completing payment for Fort Ward,Low
Refund not processed for failed online transaction for Nemom Ward,Low
Incorrect late fee auto-calculated during online payment for Pattom Ward,Low
UPI payment successful but not updated in municipal records for Karamana Area,Low
Payment deducted but receipt not generated on Thiruvananthapuram Corporation website for Poojappura Ward,Low
Incorrect late fee auto-calculated during online payment for Poojappura Ward,Low
Incorrect late fee auto-calculated during online payment for Kowdiar Area,Low
Refund not processed for failed online transaction for Attakulangara Ward,Low
Online property tax payment failed on TVM Corporation portal for property at Peroorkada Ward,Low
Payment deducted but receipt not generated on Thiruvananthapuram Corporation website for Attakulangara Ward,Low
Payment confirmation SMS received but portal shows unpaid for Peroorkada Ward,Low
Server error displayed after completing payment for Nemom Ward,Low
UPI payment successful but not updated in municipal records for Poojappura Ward,Low
Payment deducted but receipt not generated on Thiruvananthapuram Corporation website for Poojappura Ward,Low
Birth certificate online payment status pending for Palayam Ward,Low
Trade license renewal payment not reflecting in TVM Corporation portal for Thampanoor Area,Low
UPI payment successful but not updated in municipal records for Kazhakkoottam Ward,Low
Double payment deducted while paying municipal tax for Sreekariyam Area,Low
Double payment deducted while paying municipal tax for Sreekariyam Area,Low
Payment deducted but receipt not generated on Thiruvananthapuram Corporation website for Poojappura Ward,Low
Online grievance payment page not loading for Manacaud Area,Low
Website timeout error during revenue payment for Vanchiyoor Ward,Low
Server error displayed after completing payment for Vanchiyoor Ward,Low
Online property tax payment failed on TVM Corporation portal for property at Peroorkada Ward,Low
Birth certificate online payment status pending for Sreekariyam Area,Low
UPI payment successful but not updated in municipal records for Sreekariyam Area,Low
Server error displayed after completing payment for Manacaud Area,Low
Payment confirmation SMS received but portal shows unpaid for Thampanoor Area,Low
Payment confirmation SMS received but portal shows unpaid for Sreekariyam Area,Low
Unable to download payment receipt from TVM Corporation portal for Peroorkada Ward,Low
Online property tax payment failed on TVM Corporation portal for property at Vellayambalam Ward,Low
Portal showing transaction error during tax payment for Fort Ward,Low
Payment deducted but receipt not generated on Thiruvananthapuram Corporation website for Poojappura Ward,Low
Payment confirmation SMS received but portal shows unpaid for Fort Ward,Low
Refund not processed for failed online transaction for Peroorkada Ward,Low
Incorrect late fee auto-calculated during online payment for Vanchiyoor Ward,Low
Online grievance payment page not loading for Nemom Ward,Low
Incorrect late fee auto-calculated during online payment for Kowdiar Area,Low
Server error displayed after completing payment for Nemom Ward,Low
Payment deducted but receipt not generated on Thiruvananthapuram Corporation website for Vellayambalam Ward,Low
Payment confirmation SMS received but portal shows unpaid for Thampanoor Area,Low
Birth certificate online payment status pending for Thampanoor Area,Low
Online grievance payment page not loading for Sreekariyam Area,Low
Trade license renewal payment not reflecting in TVM Corporation portal for Nemom Ward,Low
Portal showing transaction error during tax payment for Attakulangara Ward,Low
Refund not processed for failed online transaction for Palayam Ward,Low
Online property tax payment failed on TVM Corporation portal for property at Sreekariyam Area,Low
Payment confirmation SMS received but portal shows unpaid for Palayam Ward,Low
Portal showing transaction error during tax payment for Poojappura Ward,Low
Website timeout error during revenue payment for Palayam Ward,Low
Payment confirmation SMS received but portal shows unpaid for Nemom Ward,Low
Unable to download payment receipt from TVM Corporation portal for Karamana Area,Low
Portal showing transaction error during tax payment for Karamana Area,Low
Website timeout error during revenue payment for Kowdiar Area,Low
Double payment deducted while paying municipal tax for Attakulangara Ward,Low
Server error displayed after completing payment for Thampanoor Area,Low
Server error displayed after completing payment for Sreekariyam Area,Low
Online grievance payment page not loading for Pattom Ward,Low
Trade license renewal payment not reflecting in TVM Corporation portal for Karamana Area,Low
Online grievance payment page not loading for Poojappura Ward,Low
Online grievance payment page not loading for Pattom Ward,Low
Unable to download payment receipt from TVM Corporation portal for Manacaud Area,Low
Website timeout error during revenue payment for Vellayambalam Ward,Low
Unable to download payment receipt from TVM Corporation portal for Karamana Area,Low
Payment confirmation SMS received but portal shows unpaid for Kazhakkoottam Ward,Low
Property tax payment gateway not responding for Kazhakkoottam Ward,Low
Portal showing transaction error during tax payment for Vanchiyoor Ward,Low
Refund not processed for failed online transaction for Sreekariyam Area,Low
Online grievance payment page not loading for Nemom Ward,Low
Website timeout error during revenue payment for Peroorkada Ward,Low
Portal showing transaction error during tax payment for Peroorkada Ward,Low
Online property tax payment failed on TVM Corporation portal for property at Manacaud Area,Low
Refund not processed for failed online transaction for Kowdiar Area,Low
Portal showing transaction error during tax payment for Manacaud Area,Low
Trade license renewal payment not reflecting in TVM Corporation portal for Manacaud Area,Low
Unable to download payment receipt from TVM Corporation portal for Vellayambalam Ward,Low
Online grievance payment page not loading for Nemom Ward,Low
Double payment deducted while paying municipal tax for Kazhakkoottam Ward,Low
Portal showing transaction error during tax payment for Vellayambalam Ward,Low
Property tax payment gateway not responding for Peroorkada Ward,Low
Server error displayed after completing payment for Vellayambalam Ward,Low
Property tax payment gateway not responding for Manacaud Area,Low
Payment confirmation SMS received but portal shows unpaid for Poojappura Ward,Low
Unable to download payment receipt from TVM Corporation portal for Nemom Ward,Low
Unable to download payment receipt from TVM Corporation portal for Palayam Ward,Low
Double payment deducted while paying municipal tax for Manacaud Area,Low
Double payment deducted while paying municipal tax for Vellayambalam Ward,Low
Server error displayed after completing payment for Attakulangara Ward,Low
Double payment deducted while paying municipal tax for Poojappura Ward,Low
Server error displayed after completing payment for Manacaud Area,Low
Payment deducted but receipt not generated on Thiruvananthapuram Corporation website for Thampanoor Area,Low
Property tax payment gateway not responding for Palayam Ward,Low
UPI payment successful but not updated in municipal records for Kazhakkoottam Ward,Low
Incorrect late fee auto-calculated during online payment for Peroorkada Ward,Low
Online grievance payment page not loading for Thampanoor Area,Low
Birth certificate online payment status pending for Kazhakkoottam Ward,Low
Payment confirmation SMS received but portal shows unpaid for Vellayambalam Ward,Low
Incorrect late fee auto-calculated during online payment for Pattom Ward,Low
Online grievance payment page not loading for Thampanoor Area,Low
Incorrect late fee auto-calculated during online payment for Kowdiar Area,Low
Refund not processed for failed online transaction for Pattom Ward,Low
UPI payment successful but not updated in municipal records for Palayam Ward,Low
Refund not processed for failed online transaction for Palayam Ward,Low
Server error displayed after completing payment for Nemom Ward,Low
Online property tax payment failed on TVM Corporation portal for property at Palayam Ward,Low
Online property tax payment failed on TVM Corporation portal for property at Vanchiyoor Ward,Low
UPI payment successful but not updated in municipal records for Kazhakkoottam Ward,Low
Online grievance payment page not loading for Manacaud Area,Low
Payment confirmation SMS received but portal shows unpaid for Peroorkada Ward,Low
Unable to download payment receipt from TVM Corporation portal for Nemom Ward,Low
Website timeout error during revenue payment for Manacaud Area,Low
Incorrect late fee auto-calculated during online payment for Vanchiyoor Ward,Low
Online grievance payment page not loading for Vellayambalam Ward,Low
Website timeout error during revenue payment for Poojappura Ward,Low
Website timeout error during revenue payment for Manacaud Area,Low
Payment confirmation SMS received but portal shows unpaid for Nemom Ward,Low
Online grievance payment page not loading for Karamana Area,Low
Property tax payment gateway not responding for Kazhakkoottam Ward,Low
Online property tax payment failed on TVM Corporation portal for property at Fort Ward,Low
Online grievance payment page not loading for Fort Ward,Low
Online property tax payment failed on TVM Corporation portal for property at Thampanoor Area,Low
Online grievance payment page not loading for Karamana Area,Low
Payment deducted but receipt not generated on Thiruvananthapuram Corporation website for Poojappura Ward,Low
Online property tax payment failed on TVM Corporation portal for property at Palayam Ward,Low
Unable to download payment receipt from TVM Corporation portal for Karamana Area,Low
Birth certificate online payment status pending for Palayam Ward,Low
UPI payment successful but not updated in municipal records for Pattom Ward,Low
Online property tax payment failed on TVM Corporation portal for property at Pattom Ward,Low
Server error displayed after completing payment for Poojappura Ward,Low
Double payment deducted while paying municipal tax for Pattom Ward,Low
Server error displayed after completing payment for Vellayambalam Ward,Low
Website timeout error during revenue payment for Manacaud Area,Low
Payment deducted but receipt not generated on Thiruvananthapuram Corporation website for Thampanoor Area,Low
Online property tax payment failed on TVM Corporation portal for property at Karamana Area,Low
Property tax payment gateway not responding for Sreekariyam Area,Low
Double payment deducted while paying municipal tax for Pattom Ward,Low
Incorrect late fee auto-calculated during online payment for Fort Ward,Low
Website timeout error during revenue payment for Thampanoor Area,Low
UPI payment successful but not updated in municipal records for Palayam Ward,Low
Unable to download payment receipt from TVM Corporation portal for Peroorkada Ward,Low
Online property tax payment failed on TVM Corporation portal for property at Peroorkada Ward,Low
Server error displayed after completing payment for Fort Ward,Low
Payment confirmation SMS received but portal shows unpaid for Sreekariyam Area,Low
UPI payment successful but not updated in municipal records for Poojappura Ward,Low
Property tax payment gateway not responding for Vanchiyoor Ward,Low
Website timeout error during revenue payment for Attakulangara Ward,Low
Refund not processed for failed online transaction for Attakulangara Ward,Low
Property tax payment gateway not responding for Palayam Ward,Low
Refund not processed for failed online transaction for Vanchiyoor Ward,Low
Payment confirmation SMS received but portal shows unpaid for Fort Ward,Low
Trade license renewal payment not reflecting in TVM Corporation portal for Karamana Area,Low
Online grievance payment page not loading for Thampanoor Area,Low
Online grievance payment page not loading for Manacaud Area,Low
Server error displayed after completing payment for Palayam Ward,Low
Property tax payment gateway not responding for Kowdiar Area,Low
Website timeout error during revenue payment for Fort Ward,Low
Payment deducted but receipt not generated on Thiruvananthapuram Corporation website for Kazhakkoottam Ward,Low
Online grievance payment page not loading for Pattom Ward,Low
Incorrect late fee auto-calculated during online payment for Pattom Ward,Low
Trade license renewal payment not reflecting in TVM Corporation portal for Vellayambalam Ward,Low
Website timeout error during revenue payment for Kazhakkoottam Ward,Low
Server error displayed after completing payment for Thampanoor Area,Low
Incorrect late fee auto-calculated during online payment for Thampanoor Area,Low
Double payment deducted while paying municipal tax for Attakulangara Ward,Low
Refund not processed for failed online transaction for Vanchiyoor Ward,Low
Online grievance payment page not loading for Attakulangara Ward,Low
Refund not processed for failed online transaction for Kazhakkoottam Ward,Low
Double payment deducted while paying municipal tax for Peroorkada Ward,Low
Property tax payment gateway not responding for Manacaud Area,Low
Online grievance payment page not loading for Peroorkada Ward,Low
Unable to download payment receipt from TVM Corporation portal for Vanchiyoor Ward,Low
Online property tax payment failed on TVM Corporation portal for property at Attakulangara Ward,Low
Online grievance payment page not loading for Peroorkada Ward,Low
Unable to download payment receipt from TVM Corporation portal for Vellayambalam Ward,Low
Refund not processed for failed online transaction for Manacaud Area,Low
Payment deducted but receipt not generated on Thiruvananthapuram Corporation website for Manacaud Area,Low
UPI payment successful but not updated in municipal records for Pattom Ward,Low
Birth certificate online payment status pending for Peroorkada Ward,Low
Payment confirmation SMS received but portal shows unpaid for Karamana Area,Low
Server error displayed after completing payment for Fort Ward,Low
UPI payment successful but not updated in municipal records for Fort Ward,Low
Online grievance payment page not loading for Vanchiyoor Ward,Low
Incorrect late fee auto-calculated during online payment for Vanchiyoor Ward,Low
UPI payment successful but not updated in municipal records for Sreekariyam Area,Low
Double payment deducted while paying municipal tax for Kowdiar Area,Low
Unable to download payment receipt from TVM Corporation portal for Palayam Ward,Low
Property tax payment gateway not responding for Thampanoor Area,Low
Portal showing transaction error during tax payment for Sreekariyam Area,Low
Online property tax payment failed on TVM Corporation portal for property at Fort Ward,Low
Online property tax payment failed on TVM Corporation portal for property at Kowdiar Area,Low
Birth certificate online payment status pending for Peroorkada Ward,Low
Birth certificate online payment status pending for Karamana Area,Low
Online property tax payment failed on TVM Corporation portal for property at Pattom Ward,Low
Online property tax payment failed on TVM Corporation portal for property at Vellayambalam Ward,Low
Payment deducted but receipt not generated on Thiruvananthapuram Corporation website for Peroorkada Ward,Low
Unable to download payment receipt from TVM Corporation portal for Palayam Ward,Low
Refund not processed for failed online transaction for Vellayambalam Ward,Low
Payment confirmation SMS received but portal shows unpaid for Fort Ward,Low
Unable to download payment receipt from TVM Corporation portal for Vanchiyoor Ward,Low
UPI payment successful but not updated in municipal records for Vellayambalam Ward,Low
Online grievance payment page not loading for Vellayambalam Ward,Low
UPI payment successful but not updated in municipal records for Kowdiar Area,Low
Website timeout error during revenue payment for Peroorkada Ward,Low
Website timeout error during revenue payment for Thampanoor Area,Low
UPI payment successful but not updated in municipal records for Poojappura Ward,Low
Website timeout error during revenue payment for Vellayambalam Ward,Low
Unable to download payment receipt from TVM Corporation portal for Thampanoor Area,Low
Incorrect late fee auto-calculated during online payment for Pattom Ward,Low
Double payment deducted while paying municipal tax for Vanchiyoor Ward,Low
Refund not processed for failed online transaction for Karamana Area,Low
Incorrect late fee auto-calculated during online payment for Poojappura Ward,Low
Portal showing transaction error during tax payment for Kowdiar Area,Low
Online grievance payment page not loading for Manacaud Area,Low
Portal showing transaction error during tax payment for Fort Ward,Low
Refund not processed for failed online transaction for Nemom Ward,Low
Payment deducted but receipt not generated on Thiruvananthapuram Corporation website for Karamana Area,Low
Trade license renewal payment not reflecting in TVM Corporation portal for Vanchiyoor Ward,Low
Server error displayed after completing payment for Vellayambalam Ward,Low
Incorrect late fee auto-calculated during online payment for Kowdiar Area,Low
Online property tax payment failed on TVM Corporation portal for property at Thampanoor Area,Low
Website timeout error during revenue payment for Poojappura Ward,Low
Online property tax payment failed on TVM Corporation portal for property at Palayam Ward,Low
Server error displayed after completing payment for Kowdiar Area,Low
Unable to download payment receipt from TVM Corporation portal for Peroorkada Ward,Low
Birth certificate online payment status pending for Peroorkada Ward,Low
Incorrect late fee auto-calculated during online payment for Pattom Ward,Low
Trade license renewal payment not reflecting in TVM Corporation portal for Vanchiyoor Ward,Low
Refund not processed for failed online transaction for Attakulangara Ward,Low
Birth certificate online payment status pending for Manacaud Area,Low
Online property tax payment failed on TVM Corporation portal for property at Thampanoor Area,Low
Double payment deducted while paying municipal tax for Thampanoor Area,Low
Online property tax payment failed on TVM Corporation portal for property at Karamana Area,Low
Trade license renewal payment not reflecting in TVM Corporation portal for Pattom Ward,Low
Birth certificate online payment status pending for Kazhakkoottam Ward,Low
UPI payment successful but not updated in municipal records for Kowdiar Area,Low
Incorrect late fee auto-calculated during online payment for Peroorkada Ward,Low
UPI payment successful but not updated in municipal records for Vanchiyoor Ward,Low
Double payment deducted while paying municipal tax for Vellayambalam Ward,Low
Portal showing transaction error during tax payment for Kazhakkoottam Ward,Low
Server error displayed after completing payment for Nemom Ward,Low
Online grievance payment page not loading for Pattom Ward,Low
Property tax payment gateway not responding for Palayam Ward,Low
Trade license renewal payment not reflecting in TVM Corporation portal for Sreekariyam Area,Low
Website timeout error during revenue payment for Kowdiar Area,Low
Double payment deducted while paying municipal tax for Karamana Area,Low
Unable to download payment receipt from TVM Corporation portal for Sreekariyam Area,Low
Server error displayed after completing payment for Attakulangara Ward,Low
UPI payment successful but not updated in municipal records for Thampanoor Area,Low
Website timeout error during revenue payment for Palayam Ward,Low
Incorrect late fee auto-calculated during online payment for Karamana Area,Low
Incorrect late fee auto-calculated during online payment for Thampanoor Area,Low
Double payment deducted while paying municipal tax for Kowdiar Area,Low
Trade license renewal payment not reflecting in TVM Corporation portal for Karamana Area,Low
Incorrect late fee auto-calculated during online payment for Kowdiar Area,Low
UPI payment successful but not updated in municipal records for Fort Ward,Low
Server error displayed after completing payment for Thampanoor Area,Low
Online property tax payment failed on TVM Corporation portal for property at Vanchiyoor Ward,Low
Website timeout error during revenue payment for Peroorkada Ward,Low
Portal showing transaction error during tax payment for Thampanoor Area,Low
Birth certificate online payment status pending for Attakulangara Ward,Low
Online grievance payment page not loading for Karamana Area,Low
Payment confirmation SMS received but portal shows unpaid for Pattom Ward,Low
Property tax payment gateway not responding for Manacaud Area,Low
Portal showing transaction error during tax payment for Attakulangara Ward,Low
Website timeout error during revenue payment for Vanchiyoor Ward,Low
Refund not processed for failed online transaction for Thampanoor Area,Low
Website timeout error during revenue payment for Pattom Ward,Low
Birth certificate online payment status pending for Karamana Area,Low
Birth certificate online payment status pending for Fort Ward,Low
Server error displayed after completing payment for Vellayambalam Ward,Low
UPI payment successful but not updated in municipal records for Pattom Ward,Low
Unable to download payment receipt from TVM Corporation portal for Poojappura Ward,Low
UPI payment successful but not updated in municipal records for Peroorkada Ward,Low
Server error displayed after completing payment for Vellayambalam Ward,Low
Server error displayed after completing payment for Vanchiyoor Ward,Low
UPI payment successful but not updated in municipal records for Sreekariyam Area,Low
Incorrect late fee auto-calculated during online payment for Thampanoor Area,Low
Online property tax payment failed on TVM Corporation portal for property at Karamana Area,Low
Birth certificate online payment status pending for Sreekariyam Area,Low
Payment deducted but receipt not generated on Thiruvananthapuram Corporation website for Vellayambalam Ward,Low
Unable to download payment receipt from TVM Corporation portal for Palayam Ward,Low
Payment deducted but receipt not generated on Thiruvananthapuram Corporation website for Vellayambalam Ward,Low
Unable to download payment receipt from TVM Corporation portal for Poojappura Ward,Low
Trade license renewal payment not reflecting in TVM Corporation portal for Palayam Ward,Low
Online grievance payment page not loading for Peroorkada Ward,Low
Birth certificate online payment status pending for Poojappura Ward,Low
Online grievance payment page not loading for Kazhakkoottam Ward,Low
Payment confirmation SMS received but portal shows unpaid for Palayam Ward,Low
Portal showing transaction error during tax payment for Attakulangara Ward,Low
Payment confirmation SMS received but portal shows unpaid for Palayam Ward,Low
Online grievance payment page not loading for Palayam Ward,Low
Arrears incorrectly displayed in tax statement for Karamana Area,Low
Tax payment failed due to portal error for East Fort Area,Low
Arrears incorrectly displayed in tax statement for Palayam Ward,Low
Online property tax portal not updating payment status for Palayam Ward,Low
Tax payment failed due to portal error for Nemom Ward,Low
Name mismatch in property tax records for Thampanoor Area,Low
Tax payment failed due to portal error for Peroorkada Ward,Low
Incorrect property tax assessment shown for property at Nemom Ward under TVM Corporation,Low
Property tax exemption not applied for eligible property at Karamana Area,Low
Incorrect property tax assessment shown for property at Vanchiyoor Ward under TVM Corporation,Low
Property tax exemption not applied for eligible property at Pattom Ward,Low
Incorrect building area recorded for tax at Peroorkada Ward,Medium
Name mismatch in property tax records for Peroorkada Ward,Low
Incorrect building area recorded for tax at Kowdiar Area,Medium
Property tax payment deducted but receipt not generated for Peroorkada Ward,Low
Property tax payment deducted but receipt not generated for East Fort Area,Low
Property classification error affecting tax calculation at Attakulangara Ward,Low
Online property tax portal not updating payment status for Nemom Ward,Low
Refund not processed for excess property tax paid at Sreekariyam Area,Low
Name mismatch in property tax records for Karamana Area,Low
Property classification error affecting tax calculation at Thampanoor Area,Low
Property tax bill not received for Pattom Ward,Low
Incorrect property tax assessment shown for property at Peroorkada Ward under TVM Corporation,Low
Online property tax portal not updating payment status for East Fort Area,Low
Tax payment failed due to portal error for Poojappura Ward,Low
Delay in updating property tax payment for Nemom Ward,Low
Property tax exemption not applied for eligible property at Vanchiyoor Ward,Low
Incorrect property tax assessment shown for property at Nemom Ward under TVM Corporation,Low
Double tax charged for property located at Nemom Ward,Low
Property classification error affecting tax calculation at Attakulangara Ward,Low
Property classification error affecting tax calculation at Palayam Ward,Low
Property tax exemption not applied for eligible property at Palayam Ward,Low
Double tax charged for property located at Poojappura Ward,Low
Double tax charged for property located at East Fort Area,Low
Incorrect building area recorded for tax at Peroorkada Ward,Medium
Property tax exemption not applied for eligible property at Attakulangara Ward,Low
Double tax charged for property located at Karamana Area,Low
Late fee wrongly calculated in property tax for Manacaud Area,Low
Refund not processed for excess property tax paid at Nemom Ward,Low
Property tax payment deducted but receipt not generated for Manacaud Area,Low
Arrears incorrectly displayed in tax statement for Pattom Ward,Low
Property classification error affecting tax calculation at Thampanoor Area,Low
Incorrect building area recorded for tax at Nemom Ward,Medium
Property tax exemption not applied for eligible property at Nemom Ward,Low
Online property tax portal not updating payment status for Attakulangara Ward,Low
Tax payment failed due to portal error for Pattom Ward,Low
Property classification error affecting tax calculation at Karamana Area,Low
Refund not processed for excess property tax paid at Palayam Ward,Low
Late fee wrongly calculated in property tax for Thampanoor Area,Low
Property classification error affecting tax calculation at Pattom Ward,Low
Property tax payment deducted but receipt not generated for Kowdiar Area,Low
Property tax exemption not applied for eligible property at Kowdiar Area,Low
Double tax charged for property located at Palayam Ward,Low
Double tax charged for property located at Nemom Ward,Low
Incorrect building area recorded for tax at Kazhakkoottam Ward,Medium
Refund not processed for excess property tax paid at Attakulangara Ward,Low
Name mismatch in property tax records for Sreekariyam Area,Low
Online property tax portal not updating payment status for Vanchiyoor Ward,Low
Delay in updating property tax payment for Kowdiar Area,Low
Property tax exemption not applied for eligible property at Thampanoor Area,Low
Property tax exemption not applied for eligible property at Kowdiar Area,Low
Property tax payment deducted but receipt not generated for Vellayambalam Ward,Low
Property tax exemption not applied for eligible property at Pattom Ward,Low
Penalty wrongly added to property tax for Karamana Area,Low
Incorrect building area recorded for tax at Pattom Ward,Medium
Property tax exemption not applied for eligible property at East Fort Area,Low
Property classification error affecting tax calculation at East Fort Area,Low
Property tax exemption not applied for eligible property at East Fort Area,Low
Delay in updating property tax payment for Vanchiyoor Ward,Low
Tax payment failed due to portal error for Thampanoor Area,Low
Double tax charged for property located at Attakulangara Ward,Low
Property classification error affecting tax calculation at Palayam Ward,Low
Tax payment failed due to portal error for Vanchiyoor Ward,Low
Property tax exemption not applied for eligible property at Vanchiyoor Ward,Low
Property tax exemption not applied for eligible property at Nemom Ward,Low
Property tax bill not received for Poojappura Ward,Low
Property tax exemption not applied for eligible property at Thampanoor Area,Low
Delay in updating property tax payment for Sreekariyam Area,Low
Incorrect building area recorded for tax at East Fort Area,Medium
Property tax payment deducted but receipt not generated for Kazhakkoottam Ward,Low
Property tax bill not received for Poojappura Ward,Low
Property tax exemption not applied for eligible property at Karamana Area,Low
Incorrect building area recorded for tax at Karamana Area,Medium
Incorrect property tax assessment shown for property at Poojappura Ward under TVM Corporation,Low
Property classification error affecting tax calculation at East Fort Area,Low
Penalty wrongly added to property tax for Palayam Ward,Low
Arrears incorrectly displayed in tax statement for East Fort Area,Low
Incorrect property tax assessment shown for property at Vanchiyoor Ward under TVM Corporation,Low
Incorrect property tax assessment shown for property at Kowdiar Area under TVM Corporation,Low
Arrears incorrectly displayed in tax statement for Peroorkada Ward,Low
Penalty wrongly added to property tax for Kowdiar Area,Low
Penalty wrongly added to property tax for Pattom Ward,Low
Delay in updating property tax payment for Peroorkada Ward,Low
Delay in updating property tax payment for Kowdiar Area,Low
Incorrect building area recorded for tax at Manacaud Area,Medium
Refund not processed for excess property tax paid at Manacaud Area,Low
Name mismatch in property tax records for Kowdiar Area,Low
Name mismatch in property tax records for Nemom Ward,Low
Property classification error affecting tax calculation at Sreekariyam Area,Low
Property tax payment deducted but receipt not generated for Kazhakkoottam Ward,Low
Incorrect building area recorded for tax at Kowdiar Area,Medium
Property tax payment deducted but receipt not generated for Vanchiyoor Ward,Low
Property tax bill not received for Nemom Ward,Low
Late fee wrongly calculated in property tax for Manacaud Area,Low
Double tax charged for property located at Nemom Ward,Low
Property tax bill not received for Attakulangara Ward,Low
Name mismatch in property tax records for Peroorkada Ward,Low
Online property tax portal not updating payment status for Karamana Area,Low
Penalty wrongly added to property tax for Karamana Area,Low
Double tax charged for property located at Nemom Ward,Low
Penalty wrongly added to property tax for Sreekariyam Area,Low
Refund not processed for excess property tax paid at Manacaud Area,Low
Late fee wrongly calculated in property tax for Pattom Ward,Low
Penalty wrongly added to property tax for Poojappura Ward,Low
Property tax bill not received for Pattom Ward,Low
Property classification error affecting tax calculation at Sreekariyam Area,Low
Penalty wrongly added to property tax for Vanchiyoor Ward,Low
Online property tax portal not updating payment status for Vellayambalam Ward,Low
Property classification error affecting tax calculation at Kazhakkoottam Ward,Low
Name mismatch in property tax records for Manacaud Area,Low
Arrears incorrectly displayed in tax statement for Manacaud Area,Low
Double tax charged for property located at Kazhakkoottam Ward,Low
Penalty wrongly added to property tax for Poojappura Ward,Low
Delay in updating property tax payment for Palayam Ward,Low
Property tax payment deducted but receipt not generated for Peroorkada Ward,Low
Property tax exemption not applied for eligible property at Pattom Ward,Low
Late fee wrongly calculated in property tax for Kowdiar Area,Low
Property tax bill not received for Thampanoor Area,Low
Tax payment failed due to portal error for Palayam Ward,Low
Incorrect property tax assessment shown for property at Nemom Ward under TVM Corporation,Low
Incorrect building area recorded for tax at Vanchiyoor Ward,Medium
Incorrect property tax assessment shown for property at Attakulangara Ward under TVM Corporation,Low
Property tax exemption not applied for eligible property at Peroorkada Ward,Low
Online property tax portal not updating payment status for Attakulangara Ward,Low
Property tax bill not received for Manacaud Area,Low
Property classification error affecting tax calculation at East Fort Area,Low
Arrears incorrectly displayed in tax statement for Vellayambalam Ward,Low
Refund not processed for excess property tax paid at Sreekariyam Area,Low
Name mismatch in property tax records for East Fort Area,Low
Incorrect building area recorded for tax at Sreekariyam Area,Medium
Penalty wrongly added to property tax for Nemom Ward,Low
Name mismatch in property tax records for East Fort Area,Low
Incorrect property tax assessment shown for property at East Fort Area under TVM Corporation,Low
Property tax exemption not applied for eligible property at Nemom Ward,Low
Tax payment failed due to portal error for Nemom Ward,Low
Property tax payment deducted but receipt not generated for Vanchiyoor Ward,Low
Refund not processed for excess property tax paid at Poojappura Ward,Low
Property classification error affecting tax calculation at Thampanoor Area,Low
Refund not processed for excess property tax paid at Peroorkada Ward,Low
Incorrect property tax assessment shown for property at Karamana Area under TVM Corporation,Low
Late fee wrongly calculated in property tax for East Fort Area,Low
Refund not processed for excess property tax paid at Sreekariyam Area,Low
Arrears incorrectly displayed in tax statement for Vellayambalam Ward,Low
Property tax exemption not applied for eligible property at Nemom Ward,Low
Property classification error affecting tax calculation at Vanchiyoor Ward,Low
Penalty wrongly added to property tax for Peroorkada Ward,Low
Double tax charged for property located at Poojappura Ward,Low
Penalty wrongly added to property tax for Vanchiyoor Ward,Low
Incorrect building area recorded for tax at Thampanoor Area,Medium
Tax payment failed due to portal error for Vanchiyoor Ward,Low
Name mismatch in property tax records for Pattom Ward,Low
Online property tax portal not updating payment status for Pattom Ward,Low
Property tax exemption not applied for eligible property at Palayam Ward,Low
Delay in updating property tax payment for East Fort Area,Low
Late fee wrongly calculated in property tax for Peroorkada Ward,Low
Incorrect property tax assessment shown for property at Nemom Ward under TVM Corporation,Low
Property classification error affecting tax calculation at Poojappura Ward,Low
Delay in updating property tax payment for Kowdiar Area,Low
Double tax charged for property located at Peroorkada Ward,Low
Property tax payment deducted but receipt not generated for Vellayambalam Ward,Low
Online property tax portal not updating payment status for Thampanoor Area,Low
Late fee wrongly calculated in property tax for Pattom Ward,Low
Online property tax portal not updating payment status for Kowdiar Area,Low
Refund not processed for excess property tax paid at Nemom Ward,Low
Delay in updating property tax payment for Peroorkada Ward,Low
Incorrect property tax assessment shown for property at Manacaud Area under TVM Corporation,Low
Incorrect property tax assessment shown for property at Attakulangara Ward under TVM Corporation,Low
Delay in updating property tax payment for Thampanoor Area,Low
Late fee wrongly calculated in property tax for Nemom Ward,Low
Late fee wrongly calculated in property tax for Attakulangara Ward,Low
Arrears incorrectly displayed in tax statement for Peroorkada Ward,Low
Delay in updating property tax payment for Poojappura Ward,Low
Name mismatch in property tax records for Sreekariyam Area,Low
Property classification error affecting tax calculation at Sreekariyam Area,Low
Property tax payment deducted but receipt not generated for Manacaud Area,Low
Delay in updating property tax payment for Attakulangara Ward,Low
Property tax payment deducted but receipt not generated for Poojappura Ward,Low
Arrears incorrectly displayed in tax statement for Peroorkada Ward,Low
Online property tax portal not updating payment status for Vanchiyoor Ward,Low
Tax payment failed due to portal error for Thampanoor Area,Low
Delay in updating property tax payment for Kowdiar Area,Low
Property tax payment deducted but receipt not generated for Poojappura Ward,Low
Double tax charged for property located at Kowdiar Area,Low
Tax payment failed due to portal error for East Fort Area,Low
Property tax payment deducted but receipt not generated for Vanchiyoor Ward,Low
Late fee wrongly calculated in property tax for Karamana Area,Low
Incorrect property tax assessment shown for property at Attakulangara Ward under TVM Corporation,Low
Property classification error affecting tax calculation at Peroorkada Ward,Low
Property tax exemption not applied for eligible property at Manacaud Area,Low
Property classification error affecting tax calculation at Peroorkada Ward,Low
Tax payment failed due to portal error for Poojappura Ward,Low
Incorrect property tax assessment shown for property at Manacaud Area under TVM Corporation,Low
Property classification error affecting tax calculation at Sreekariyam Area,Low
Incorrect property tax assessment shown for property at Karamana Area under TVM Corporation,Low
Property tax exemption not applied for eligible property at East Fort Area,Low
Late fee wrongly calculated in property tax for Sreekariyam Area,Low
Refund not processed for excess property tax paid at East Fort Area,Low
Name mismatch in property tax records for Poojappura Ward,Low
Property tax bill not received for Kowdiar Area,Low
Incorrect building area recorded for tax at Attakulangara Ward,Medium
Incorrect building area recorded for tax at East Fort Area,Medium
Property classification error affecting tax calculation at Nemom Ward,Low
Arrears incorrectly displayed in tax statement for Vanchiyoor Ward,Low
Property tax payment deducted but receipt not generated for Poojappura Ward,Low
Refund not processed for excess property tax paid at Vellayambalam Ward,Low
Name mismatch in property tax records for Pattom Ward,Low
Penalty wrongly added to property tax for Vanchiyoor Ward,Low
Incorrect building area recorded for tax at Karamana Area,Medium
Property tax exemption not applied for eligible property at Kazhakkoottam Ward,Low
Property classification error affecting tax calculation at Nemom Ward,Low
Refund not processed for excess property tax paid at Nemom Ward,Low
Name mismatch in property tax records for Kowdiar Area,Low
Property tax bill not received for Vellayambalam Ward,Low
Property tax payment deducted but receipt not generated for Karamana Area,Low
Online property tax portal not updating payment status for Palayam Ward,Low
Tax payment failed due to portal error for Sreekariyam Area,Low
Penalty wrongly added to property tax for Manacaud Area,Low
Penalty wrongly added to property tax for Kazhakkoottam Ward,Low
Property tax exemption not applied for eligible property at Manacaud Area,Low
Arrears incorrectly displayed in tax statement for Vanchiyoor Ward,Low
Penalty wrongly added to property tax for Kowdiar Area,Low
Arrears incorrectly displayed in tax statement for Poojappura Ward,Low
Property tax bill not received for Kazhakkoottam Ward,Low
Double tax charged for property located at Thampanoor Area,Low
Name mismatch in property tax records for Attakulangara Ward,Low
Incorrect property tax assessment shown for property at Vanchiyoor Ward under TVM Corporation,Low
Late fee wrongly calculated in property tax for Pattom Ward,Low
Property tax bill not received for Karamana Area,Low
Incorrect building area recorded for tax at Pattom Ward,Medium
Late fee wrongly calculated in property tax for Thampanoor Area,Low
Online property tax portal not updating payment status for Kazhakkoottam Ward,Low
Late fee wrongly calculated in property tax for Vanchiyoor Ward,Low
Property tax payment deducted but receipt not generated for Thampanoor Area,Low
Property classification error affecting tax calculation at Thampanoor Area,Low
Arrears incorrectly displayed in tax statement for Peroorkada Ward,Low
Property classification error affecting tax calculation at Pattom Ward,Low
Property tax bill not received for Thampanoor Area,Low
Property tax exemption not applied for eligible property at Manacaud Area,Low
Double tax charged for property located at Kazhakkoottam Ward,Low
Incorrect property tax assessment shown for property at Palayam Ward under TVM Corporation,Low
Property tax payment deducted but receipt not generated for Kazhakkoottam Ward,Low
Incorrect building area recorded for tax at Palayam Ward,Medium
Incorrect property tax assessment shown for property at East Fort Area under TVM Corporation,Low
Incorrect property tax assessment shown for property at Kazhakkoottam Ward under TVM Corporation,Low
Property tax exemption not applied for eligible property at East Fort Area,Low
Tax payment failed due to portal error for Manacaud Area,Low
Double tax charged for property located at Attakulangara Ward,Low
Property tax payment deducted but receipt not generated for Vellayambalam Ward,Low
Property tax bill not received for Poojappura Ward,Low
Delay in updating property tax payment for Pattom Ward,Low
Arrears incorrectly displayed in tax statement for Sreekariyam Area,Low
Incorrect property tax assessment shown for property at East Fort Area under TVM Corporation,Low
Property tax payment deducted but receipt not generated for Kazhakkoottam Ward,Low
Late fee wrongly calculated in property tax for Attakulangara Ward,Low
Name mismatch in property tax records for Kowdiar Area,Low
Refund not processed for excess property tax paid at Pattom Ward,Low
Late fee wrongly calculated in property tax for Kowdiar Area,Low
Online property tax portal not updating payment status for Kowdiar Area,Low
Property tax bill not received for Kowdiar Area,Low
Refund not processed for excess property tax paid at Kazhakkoottam Ward,Low
Incorrect property tax assessment shown for property at Palayam Ward under TVM Corporation,Low
Delay in updating property tax payment for Thampanoor Area,Low
Late fee wrongly calculated in property tax for Vellayambalam Ward,Low
Penalty wrongly added to property tax for Kowdiar Area,Low
Double tax charged for property located at Palayam Ward,Low
Double tax charged for property located at Kazhakkoottam Ward,Low
Late fee wrongly calculated in property tax for Poojappura Ward,Low
Penalty wrongly added to property tax for Peroorkada Ward,Low
Delay in updating property tax payment for Kazhakkoottam Ward,Low
Late fee wrongly calculated in property tax for Peroorkada Ward,Low
Tax payment failed due to portal error for Vellayambalam Ward,Low
Late fee wrongly calculated in property tax for Nemom Ward,Low
Online property tax portal not updating payment status for East Fort Area,Low
Property tax exemption not applied for eligible property at Kowdiar Area,Low
Property tax payment deducted but receipt not generated for Vellayambalam Ward,Low
Property tax exemption not applied for eligible property at Palayam Ward,Low
Refund not processed for excess property tax paid at Poojappura Ward,Low
Name mismatch in property tax records for Nemom Ward,Low
Refund not processed for excess property tax paid at Kazhakkoottam Ward,Low
Incorrect building area recorded for tax at Manacaud Area,Medium
Property classification error affecting tax calculation at Manacaud Area,Low
Online property tax portal not updating payment status for Sreekariyam Area,Low
Property tax exemption not applied for eligible property at Peroorkada Ward,Low
Property tax payment deducted but receipt not generated for Kazhakkoottam Ward,Low
Name mismatch in property tax records for Sreekariyam Area,Low
Tax payment failed due to portal error for East Fort Area,Low
Tax payment failed due to portal error for Kazhakkoottam Ward,Low
Double tax charged for property located at Manacaud Area,Low
Online property tax portal not updating payment status for Peroorkada Ward,Low
Property classification error affecting tax calculation at Vellayambalam Ward,Low
Property tax payment deducted but receipt not generated for Poojappura Ward,Low
Incorrect property tax assessment shown for property at East Fort Area under TVM Corporation,Low
Online property tax portal not updating payment status for Palayam Ward,Low
Refund not processed for excess property tax paid at Vellayambalam Ward,Low
Incorrect building area recorded for tax at Manacaud Area,Medium
Incorrect building area recorded for tax at Karamana Area,Medium
Refund not processed for excess property tax paid at Pattom Ward,Low
Refund not processed for excess property tax paid at Nemom Ward,Low
Incorrect property tax assessment shown for property at Peroorkada Ward under TVM Corporation,Low
Property tax payment deducted but receipt not generated for Kowdiar Area,Low
Incorrect property tax assessment shown for property at Poojappura Ward under TVM Corporation,Low
Property classification error affecting tax calculation at Sreekariyam Area,Low
Incorrect building area recorded for tax at Vanchiyoor Ward,Medium
Late fee wrongly calculated in property tax for Palayam Ward,Low
Arrears incorrectly displayed in tax statement for Vanchiyoor Ward,Low
Incorrect property tax assessment shown for property at Kazhakkoottam Ward under TVM Corporation,Low
Delay in updating property tax payment for Sreekariyam Area,Low
Double tax charged for property located at Nemom Ward,Low
Double tax charged for property located at Karamana Area,Low
Penalty wrongly added to property tax for East Fort Area,Low
Delay in updating property tax payment for Vellayambalam Ward,Low
Late fee wrongly calculated in property tax for Sreekariyam Area,Low
Property tax exemption not applied for eligible property at Vanchiyoor Ward,Low
Online property tax portal not updating payment status for Thampanoor Area,Low
Double tax charged for property located at Poojappura Ward,Low
Incorrect property tax assessment shown for property at East Fort Area under TVM Corporation,Low
Double tax charged for property located at Manacaud Area,Low
Property tax payment deducted but receipt not generated for Vellayambalam Ward,Low
Double tax charged for property located at Pattom Ward,Low
Incorrect building area recorded for tax at Poojappura Ward,Medium
Incorrect building area recorded for tax at Karamana Area,Medium
Double tax charged for property located at Kazhakkoottam Ward,Low
Incorrect building area recorded for tax at Attakulangara Ward,Medium
Arrears incorrectly displayed in tax statement for Manacaud Area,Low
Penalty wrongly added to property tax for Thampanoor Area,Low
Incorrect building area recorded for tax at Palayam Ward,Medium
Delay in updating property tax payment for Sreekariyam Area,Low
Tax payment failed due to portal error for Poojappura Ward,Low
Property tax payment deducted but receipt not generated for Vanchiyoor Ward,Low
Property tax exemption not applied for eligible property at Sreekariyam Area,Low
Tax payment failed due to portal error for Palayam Ward,Low
Arrears incorrectly displayed in tax statement for Manacaud Area,Low
Property tax bill not received for Kazhakkoottam Ward,Low
Online property tax portal not updating payment status for Palayam Ward,Low
Property tax bill not received for Palayam Ward,Low
Online property tax portal not updating payment status for East Fort Area,Low
Arrears incorrectly displayed in tax statement for Poojappura Ward,Low
Refund not processed for excess property tax paid at Karamana Area,Low
Incorrect building area recorded for tax at Vellayambalam Ward,Medium
Property classification error affecting tax calculation at Kazhakkoottam Ward,Low
Property tax exemption not applied for eligible property at Palayam Ward,Low
Name mismatch in property tax records for East Fort Area,Low
Property tax payment deducted but receipt not generated for Vellayambalam Ward,Low
Name mismatch in property tax records for Poojappura Ward,Low
Property tax payment deducted but receipt not generated for Kowdiar Area,Low
Tax payment failed due to portal error for Karamana Area,Low
Penalty wrongly added to property tax for Karamana Area,Low
Property tax payment deducted but receipt not generated for Manacaud Area,Low
Late fee wrongly calculated in property tax for Vanchiyoor Ward,Low
Refund not processed for excess property tax paid at Karamana Area,Low
Delay in updating property tax payment for Sreekariyam Area,Low
Arrears incorrectly displayed in tax statement for Karamana Area,Low
Refund not processed for excess property tax paid at Pattom Ward,Low
Tax payment failed due to portal error for Vellayambalam Ward,Low
Double tax charged for property located at Kazhakkoottam Ward,Low
Property tax payment deducted but receipt not generated for Karamana Area,Low
Online property tax portal not updating payment status for Kazhakkoottam Ward,Low
Incorrect building area recorded for tax at Palayam Ward,Medium
Property tax payment deducted but receipt not generated for Vellayambalam Ward,Low
Double tax charged for property located at Attakulangara Ward,Low
Property tax exemption not applied for eligible property at Kowdiar Area,Low
Incorrect building area recorded for tax at East Fort Area,Medium
Property tax exemption not applied for eligible property at Karamana Area,Low
Penalty wrongly added to property tax for Kowdiar Area,Low
Arrears incorrectly displayed in tax statement for Poojappura Ward,Low
Name mismatch in property tax records for Nemom Ward,Low
Incorrect property tax assessment shown for property at Kazhakkoottam Ward under TVM Corporation,Low
Penalty wrongly added to property tax for Karamana Area,Low
Incorrect property tax assessment shown for property at Kazhakkoottam Ward under TVM Corporation,Low
Property classification error affecting tax calculation at Nemom Ward,Low
Late fee wrongly calculated in property tax for Sreekariyam Area,Low
Incorrect property tax assessment shown for property at Sreekariyam Area under TVM Corporation,Low
Name mismatch in property tax records for Sreekariyam Area,Low
Incorrect building area recorded for tax at Karamana Area,Medium
Property tax bill not received for Thampanoor Area,Low
Incorrect building area recorded for tax at Pattom Ward,Medium
Property tax bill not received for Sreekariyam Area,Low
Name mismatch in property tax records for Manacaud Area,Low
Double tax charged for property located at Thampanoor Area,Low
Late fee wrongly calculated in property tax for Nemom Ward,Low
Online property tax portal not updating payment status for Karamana Area,Low
Property tax payment deducted but receipt not generated for Kazhakkoottam Ward,Low
Double tax charged for property located at Karamana Area,Low
Property tax exemption not applied for eligible property at Sreekariyam Area,Low
Property classification error affecting tax calculation at Pattom Ward,Low
Incorrect property tax assessment shown for property at Pattom Ward under TVM Corporation,Low
Incorrect property tax assessment shown for property at Sreekariyam Area under TVM Corporation,Low
Arrears incorrectly displayed in tax statement for East Fort Area,Low
Late fee wrongly calculated in property tax for Kazhakkoottam Ward,Low
Late fee wrongly calculated in property tax for Peroorkada Ward,Low
Property tax payment deducted but receipt not generated for Poojappura Ward,Low
Property tax bill not received for Attakulangara Ward,Low
Name mismatch in property tax records for Attakulangara Ward,Low
Tax payment failed due to portal error for Peroorkada Ward,Low
Property tax exemption not applied for eligible property at Peroorkada Ward,Low
Delay in updating property tax payment for Karamana Area,Low
Incorrect property tax assessment shown for property at Thampanoor Area under TVM Corporation,Low
Arrears incorrectly displayed in tax statement for Attakulangara Ward,Low
Arrears incorrectly displayed in tax statement for Poojappura Ward,Low
Incorrect building area recorded for tax at Thampanoor Area,Medium
Property tax exemption not applied for eligible property at Attakulangara Ward,Low
Name mismatch in property tax records for East Fort Area,Low
Arrears incorrectly displayed in tax statement for Poojappura Ward,Low
Tax payment failed due to portal error for Nemom Ward,Low
Penalty wrongly added to property tax for Attakulangara Ward,Low
Delay in updating property tax payment for Vanchiyoor Ward,Low
Refund not processed for excess property tax paid at Vellayambalam Ward,Low
Delay in updating property tax payment for Manacaud Area,Low
Property classification error affecting tax calculation at Peroorkada Ward,Low
Tax payment failed due to portal error for Vanchiyoor Ward,Low
Double tax charged for property located at Peroorkada Ward,Low
Property tax bill not received for Sreekariyam Area,Low
Tax payment failed due to portal error for Thampanoor Area,Low
Name mismatch in property tax records for Palayam Ward,Low
Late fee wrongly calculated in property tax for Karamana Area,Low
Penalty wrongly added to property tax for Thampanoor Area,Low
Property tax exemption not applied for eligible property at East Fort Area,Low
Late fee wrongly calculated in property tax for Attakulangara Ward,Low
Incorrect property tax assessment shown for property at East Fort Area under TVM Corporation,Low
Name mismatch in property tax records for Attakulangara Ward,Low
Late fee wrongly calculated in property tax for Poojappura Ward,Low
Delay in updating property tax payment for East Fort Area,Low
Name mismatch in property tax records for Karamana Area,Low
Incorrect property tax assessment shown for property at Pattom Ward under TVM Corporation,Low
Penalty wrongly added to property tax for Kazhakkoottam Ward,Low
Incorrect building area recorded for tax at Attakulangara Ward,Medium
Online property tax portal not updating payment status for Palayam Ward,Low
Penalty wrongly added to property tax for Thampanoor Area,Low
Double tax charged for property located at Manacaud Area,Low
Penalty wrongly added to property tax for Palayam Ward,Low
Property classification error affecting tax calculation at Poojappura Ward,Low
Property tax payment deducted but receipt not generated for Thampanoor Area,Low
Incorrect building area recorded for tax at Kazhakkoottam Ward,Medium
Online property tax portal not updating payment status for Pattom Ward,Low
Delay in updating property tax payment for Palayam Ward,Low
Tax payment failed due to portal error for East Fort Area,Low
Late fee wrongly calculated in property tax for Nemom Ward,Low
Arrears incorrectly displayed in tax statement for Pattom Ward,Low
Arrears incorrectly displayed in tax statement for Kowdiar Area,Low
Late fee wrongly calculated in property tax for Kazhakkoottam Ward,Low
Double tax charged for property located at East Fort Area,Low
Penalty wrongly added to property tax for Nemom Ward,Low
Tax payment failed due to portal error for Thampanoor Area,Low
Double tax charged for property located at Palayam Ward,Low
Property classification error affecting tax calculation at Thampanoor Area,Low
Property tax bill not received for Sreekariyam Area,Low
Arrears incorrectly displayed in tax statement for Poojappura Ward,Low
Tax payment failed due to portal error for Pattom Ward,Low
Delay in updating property tax payment for Nemom Ward,Low
Delay in updating property tax payment for Sreekariyam Area,Low
Arrears incorrectly displayed in tax statement for Kazhakkoottam Ward,Low
Penalty wrongly added to property tax for Sreekariyam Area,Low
Property classification error affecting tax calculation at Kazhakkoottam Ward,Low
Incorrect building area recorded for tax at Kazhakkoottam Ward,Medium
Incorrect property tax assessment shown for property at Sreekariyam Area under TVM Corporation,Low
Late fee wrongly calculated in property tax for Kowdiar Area,Low
Penalty wrongly added to property tax for Poojappura Ward,Low
Incorrect building area recorded for tax at Palayam Ward,Medium
Refund not processed for excess property tax paid at Manacaud Area,Low
Double tax charged for property located at Sreekariyam Area,Low
Delay in updating property tax payment for Pattom Ward,Low
Late fee wrongly calculated in property tax for Nemom Ward,Low
Arrears incorrectly displayed in tax statement for Manacaud Area,Low
Property tax bill not received for Manacaud Area,Low
Online property tax portal not updating payment status for Attakulangara Ward,Low
Refund not processed for excess property tax paid at Vellayambalam Ward,Low
Delay in updating property tax payment for Palayam Ward,Low
Double tax charged for property located at Palayam Ward,Low
Property tax payment deducted but receipt not generated for Vanchiyoor Ward,Low
Property tax bill not received for Vanchiyoor Ward,Low
Late fee wrongly calculated in property tax for Pattom Ward,Low
Property tax exemption not applied for eligible property at Sreekariyam Area,Low
Late fee wrongly calculated in property tax for Palayam Ward,Low
Double tax charged for property located at Pattom Ward,Low
Property tax exemption not applied for eligible property at Poojappura Ward,Low
Delay in updating property tax payment for Sreekariyam Area,Low
Arrears incorrectly displayed in tax statement for Poojappura Ward,Low
Incorrect building area recorded for tax at Sreekariyam Area,Medium
Property tax exemption not applied for eligible property at Poojappura Ward,Low
Refund not processed for excess property tax paid at Palayam Ward,Low
Arrears incorrectly displayed in tax statement for Peroorkada Ward,Low
Property tax exemption not applied for eligible property at Vellayambalam Ward,Low
Late fee wrongly calculated in property tax for East Fort Area,Low
Property tax payment deducted but receipt not generated for Kazhakkoottam Ward,Low
Property tax exemption not applied for eligible property at East Fort Area,Low
Online property tax portal not updating payment status for Thampanoor Area,Low
Property tax exemption not applied for eligible property at Kazhakkoottam Ward,Low
Incorrect property tax assessment shown for property at Palayam Ward under TVM Corporation,Low
Name mismatch in property tax records for Kazhakkoottam Ward,Low
Property classification error affecting tax calculation at Peroorkada Ward,Low
Garbage accumulation near school area at Thampanoor Junction,Medium
Sanitation workers not attending complaints at Thampanoor Junction,Low
Public toilet not maintained properly at Pattom Ward,Medium
Mosquito breeding reported due to stagnant water at Vellayambalam Ward,High
Sanitation workers not attending complaints at Sreekariyam Area,Low
Public toilet not maintained properly at Pattom Ward,Medium
Uncovered septic tank posing health risk at Vellayambalam Ward,High
Blocked public sanitation facility at East Fort Junction,Medium
Improper cleaning of market area at Kowdiar Junction,Low
Garbage accumulation near school area at Kowdiar Junction,Medium
Blocked public sanitation facility at Vanchiyoor Ward,Medium
Mosquito breeding reported due to stagnant water at Peroorkada Junction,High
Improper disposal of biomedical waste reported at Karamana Area,High
Accumulation of waste causing sanitation issues at Attakulangara Market Area,Medium
Open drainage causing unhygienic conditions at Peroorkada Junction,Medium
Mosquito breeding reported due to stagnant water at Thampanoor Junction,High
Spillage of waste water on road at Peroorkada Junction,Low
Public complaints about poor sanitation maintenance at Vanchiyoor Ward,Low
Accumulation of waste causing sanitation issues at Vellayambalam Ward,Medium
Public toilet not maintained properly at Palayam Area,Medium
Accumulation of waste causing sanitation issues at Kazhakkoottam Junction,Medium
Stray animal waste not cleaned in Attakulangara Market Area locality,Low
Improper cleaning of market area at Kazhakkoottam Junction,Low
Uncovered septic tank posing health risk at Kowdiar Junction,High
Stray animal waste not cleaned in Palayam Area locality,Low
Blocked public sanitation facility at Peroorkada Junction,Medium
Accumulation of waste causing sanitation issues at Thampanoor Junction,Medium
Garbage accumulation near school area at Nemom Ward,Medium
Public toilet not maintained properly at East Fort Junction,Medium
Sanitation workers not attending complaints at Vanchiyoor Ward,Low
Accumulation of waste causing sanitation issues at Kazhakkoottam Junction,Medium
Public toilet not maintained properly at Kowdiar Junction,Medium
Overflowing sewage creating health hazard at East Fort Junction,Critical
Accumulation of waste causing sanitation issues at East Fort Junction,Medium
Open drainage causing unhygienic conditions at Vellayambalam Ward,Medium
Blocked public sanitation facility at Palayam Area,Medium
Public complaints about poor sanitation maintenance at East Fort Junction,Low
Mosquito breeding reported due to stagnant water at Attakulangara Market Area,High
Improper disposal of biomedical waste reported at Kowdiar Junction,High
Mosquito breeding reported due to stagnant water at Karamana Area,High
Improper disposal of biomedical waste reported at Palayam Area,High
Spillage of waste water on road at Vellayambalam Ward,Low
Improper cleaning of market area at Kowdiar Junction,Low
Foul smell from drainage system at Poojappura Road,Medium
Blocked public sanitation facility at Sreekariyam Area,Medium
Public complaints about poor sanitation maintenance at Nemom Ward,Low
Improper disposal of biomedical waste reported at Karamana Area,High
Improper cleaning of market area at Karamana Area,Low
Public toilet not maintained properly at Nemom Ward,Medium
Sanitation workers not attending complaints at Vanchiyoor Ward,Low
Accumulation of waste causing sanitation issues at Thampanoor Junction,Medium
Foul smell from drainage system at Manacaud Area,Medium
Improper disposal of biomedical waste reported at Karamana Area,High
Stray animal waste not cleaned in Kazhakkoottam Junction locality,Low
Overflowing sewage creating health hazard at Sreekariyam Area,Critical
Overflowing sewage creating health hazard at Palayam Area,Critical
Public toilet not maintained properly at Poojappura Road,Medium
Accumulation of waste causing sanitation issues at Kazhakkoottam Junction,Medium
Public toilet not maintained properly at Nemom Ward,Medium
Public complaints about poor sanitation maintenance at Pattom Ward,Low
Accumulation of waste causing sanitation issues at Poojappura Road,Medium
Uncovered septic tank posing health risk at East Fort Junction,High
Improper cleaning of market area at Vellayambalam Ward,Low
Spillage of waste water on road at Pattom Ward,Low
Sanitation workers not attending complaints at East Fort Junction,Low
Spillage of waste water on road at Poojappura Road,Low
Foul smell from drainage system at Karamana Area,Medium
Public complaints about poor sanitation maintenance at Karamana Area,Low
Stray animal waste not cleaned in Sreekariyam Area locality,Low
Improper cleaning of market area at Peroorkada Junction,Low
Improper cleaning of market area at East Fort Junction,Low
Public complaints about poor sanitation maintenance at Vanchiyoor Ward,Low
Blocked public sanitation facility at Vanchiyoor Ward,Medium
Uncovered septic tank posing health risk at Vanchiyoor Ward,High
Spillage of waste water on road at Poojappura Road,Low
Mosquito breeding reported due to stagnant water at Palayam Area,High
Stray animal waste not cleaned in Karamana Area locality,Low
Improper cleaning of market area at Vellayambalam Ward,Low
Blocked public sanitation facility at Palayam Area,Medium
Public toilet not maintained properly at Peroorkada Junction,Medium
Accumulation of waste causing sanitation issues at Kazhakkoottam Junction,Medium
Stray animal waste not cleaned in Manacaud Area locality,Low
Blocked public sanitation facility at Peroorkada Junction,Medium
Sanitation workers not attending complaints at Thampanoor Junction,Low
Uncovered septic tank posing health risk at Vellayambalam Ward,High
Public toilet not maintained properly at Palayam Area,Medium
Open drainage causing unhygienic conditions at Vellayambalam Ward,Medium
Spillage of waste water on road at Palayam Area,Low
Improper cleaning of market area at Thampanoor Junction,Low
Foul smell from drainage system at Kazhakkoottam Junction,Medium
Mosquito breeding reported due to stagnant water at Pattom Ward,High
Improper disposal of biomedical waste reported at Kazhakkoottam Junction,High
Open drainage causing unhygienic conditions at Vanchiyoor Ward,Medium
Mosquito breeding reported due to stagnant water at Karamana Area,High
Improper disposal of biomedical waste reported at Peroorkada Junction,High
Improper cleaning of market area at Nemom Ward,Low
Accumulation of waste causing sanitation issues at Manacaud Area,Medium
Stray animal waste not cleaned in Kazhakkoottam Junction locality,Low
Garbage accumulation near school area at Kazhakkoottam Junction,Medium
Public toilet not maintained properly at East Fort Junction,Medium
Open drainage causing unhygienic conditions at Thampanoor Junction,Medium
Improper disposal of biomedical waste reported at Kowdiar Junction,High
Foul smell from drainage system at Thampanoor Junction,Medium
Public complaints about poor sanitation maintenance at Thampanoor Junction,Low
Stray animal waste not cleaned in Palayam Area locality,Low
Mosquito breeding reported due to stagnant water at Kazhakkoottam Junction,High
Uncovered septic tank posing health risk at Thampanoor Junction,High
Public complaints about poor sanitation maintenance at Sreekariyam Area,Low
Stray animal waste not cleaned in East Fort Junction locality,Low
Improper disposal of biomedical waste reported at Peroorkada Junction,High
Blocked public sanitation facility at Thampanoor Junction,Medium
Sanitation workers not attending complaints at East Fort Junction,Low
Sanitation workers not attending complaints at Palayam Area,Low
Uncovered septic tank posing health risk at Kowdiar Junction,High
Overflowing sewage creating health hazard at Karamana Area,Critical
Spillage of waste water on road at Pattom Ward,Low
Improper cleaning of market area at Peroorkada Junction,Low
Mosquito breeding reported due to stagnant water at Poojappura Road,High
Overflowing sewage creating health hazard at East Fort Junction,Critical
Sanitation workers not attending complaints at Pattom Ward,Low
Overflowing sewage creating health hazard at Karamana Area,Critical
Stray animal waste not cleaned in East Fort Junction locality,Low
Overflowing sewage creating health hazard at Karamana Area,Critical
Accumulation of waste causing sanitation issues at Vellayambalam Ward,Medium
Uncovered septic tank posing health risk at Attakulangara Market Area,High
Foul smell from drainage system at Palayam Area,Medium
Public complaints about poor sanitation maintenance at Kowdiar Junction,Low
Uncovered septic tank posing health risk at Vanchiyoor Ward,High
Public toilet not maintained properly at Palayam Area,Medium
Public toilet not maintained properly at Poojappura Road,Medium
Overflowing sewage creating health hazard at Kazhakkoottam Junction,Critical
Public toilet not maintained properly at Palayam Area,Medium
Sanitation workers not attending complaints at Thampanoor Junction,Low
Public complaints about poor sanitation maintenance at Attakulangara Market Area,Low
Overflowing sewage creating health hazard at Thampanoor Junction,Critical
Improper cleaning of market area at Kowdiar Junction,Low
Garbage accumulation near school area at Sreekariyam Area,Medium
Overflowing sewage creating health hazard at Vanchiyoor Ward,Critical
Overflowing sewage creating health hazard at Palayam Area,Critical
Stray animal waste not cleaned in Attakulangara Market Area locality,Low
Uncovered septic tank posing health risk at Karamana Area,High
Public complaints about poor sanitation maintenance at Palayam Area,Low
Open drainage causing unhygienic conditions at Kazhakkoottam Junction,Medium
Improper cleaning of market area at Vanchiyoor Ward,Low
Improper cleaning of market area at Pattom Ward,Low
Open drainage causing unhygienic conditions at Thampanoor Junction,Medium
Blocked public sanitation facility at Kazhakkoottam Junction,Medium
Accumulation of waste causing sanitation issues at Peroorkada Junction,Medium
Overflowing sewage creating health hazard at Kowdiar Junction,Critical
Open drainage causing unhygienic conditions at Palayam Area,Medium
Overflowing sewage creating health hazard at Sreekariyam Area,Critical
Blocked public sanitation facility at Pattom Ward,Medium
Stray animal waste not cleaned in Pattom Ward locality,Low
Spillage of waste water on road at Thampanoor Junction,Low
Garbage accumulation near school area at Pattom Ward,Medium
Improper cleaning of market area at Vellayambalam Ward,Low
Mosquito breeding reported due to stagnant water at Pattom Ward,High
Improper cleaning of market area at Palayam Area,Low
Mosquito breeding reported due to stagnant water at Thampanoor Junction,High
Uncovered septic tank posing health risk at Kowdiar Junction,High
Improper cleaning of market area at Thampanoor Junction,Low
Foul smell from drainage system at Thampanoor Junction,Medium
Accumulation of waste causing sanitation issues at Nemom Ward,Medium
Open drainage causing unhygienic conditions at East Fort Junction,Medium
Overflowing sewage creating health hazard at Attakulangara Market Area,Critical
Public toilet not maintained properly at Manacaud Area,Medium
Accumulation of waste causing sanitation issues at Vellayambalam Ward,Medium
Open drainage causing unhygienic conditions at East Fort Junction,Medium
Foul smell from drainage system at Kazhakkoottam Junction,Medium
Uncovered septic tank posing health risk at Vanchiyoor Ward,High
Public toilet not maintained properly at Vellayambalam Ward,Medium
Uncovered septic tank posing health risk at Peroorkada Junction,High
Accumulation of waste causing sanitation issues at Manacaud Area,Medium
Foul smell from drainage system at East Fort Junction,Medium
Spillage of waste water on road at Pattom Ward,Low
Blocked public sanitation facility at Kazhakkoottam Junction,Medium
Open drainage causing unhygienic conditions at Kowdiar Junction,Medium
Blocked public sanitation facility at Sreekariyam Area,Medium
Mosquito breeding reported due to stagnant water at Palayam Area,High
Stray animal waste not cleaned in Attakulangara Market Area locality,Low
Mosquito breeding reported due to stagnant water at Thampanoor Junction,High
Improper disposal of biomedical waste reported at Pattom Ward,High
Improper disposal of biomedical waste reported at Attakulangara Market Area,High
Public toilet not maintained properly at East Fort Junction,Medium
Sanitation workers not attending complaints at Kazhakkoottam Junction,Low
Public complaints about poor sanitation maintenance at Kowdiar Junction,Low
Foul smell from drainage system at Attakulangara Market Area,Medium
Overflowing sewage creating health hazard at Karamana Area,Critical
Stray animal waste not cleaned in Kazhakkoottam Junction locality,Low
Mosquito breeding reported due to stagnant water at Peroorkada Junction,High
Public complaints about poor sanitation maintenance at Thampanoor Junction,Low
Stray animal waste not cleaned in Nemom Ward locality,Low
Blocked public sanitation facility at Kowdiar Junction,Medium
Public complaints about poor sanitation maintenance at East Fort Junction,Low
Public toilet not maintained properly at East Fort Junction,Medium
Garbage accumulation near school area at Attakulangara Market Area,Medium
Stray animal waste not cleaned in Palayam Area locality,Low
Garbage accumulation near school area at Palayam Area,Medium
Public toilet not maintained properly at Attakulangara Market Area,Medium
Blocked public sanitation facility at Manacaud Area,Medium
Overflowing sewage creating health hazard at Nemom Ward,Critical
Accumulation of waste causing sanitation issues at Attakulangara Market Area,Medium
Spillage of waste water on road at Poojappura Road,Low
Improper cleaning of market area at Pattom Ward,Low
Garbage accumulation near school area at Thampanoor Junction,Medium
Uncovered septic tank posing health risk at Vanchiyoor Ward,High
Public toilet not maintained properly at Karamana Area,Medium
Mosquito breeding reported due to stagnant water at Pattom Ward,High
Mosquito breeding reported due to stagnant water at Palayam Area,High
Blocked public sanitation facility at Vanchiyoor Ward,Medium
Blocked public sanitation facility at Attakulangara Market Area,Medium
Public complaints about poor sanitation maintenance at Palayam Area,Low
Garbage accumulation near school area at Thampanoor Junction,Medium
Garbage accumulation near school area at Peroorkada Junction,Medium
Open drainage causing unhygienic conditions at Attakulangara Market Area,Medium
Stray animal waste not cleaned in Poojappura Road locality,Low
Spillage of waste water on road at Pattom Ward,Low
Spillage of waste water on road at Poojappura Road,Low
Uncovered septic tank posing health risk at East Fort Junction,High
Improper cleaning of market area at Thampanoor Junction,Low
Improper disposal of biomedical waste reported at Thampanoor Junction,High
Uncovered septic tank posing health risk at Poojappura Road,High
Improper cleaning of market area at Peroorkada Junction,Low
Sanitation workers not attending complaints at Manacaud Area,Low
Stray animal waste not cleaned in Sreekariyam Area locality,Low
Spillage of waste water on road at Poojappura Road,Low
Improper cleaning of market area at Peroorkada Junction,Low
Overflowing sewage creating health hazard at Poojappura Road,Critical
Foul smell from drainage system at Manacaud Area,Medium
Public complaints about poor sanitation maintenance at Palayam Area,Low
Public complaints about poor sanitation maintenance at Attakulangara Market Area,Low
Public toilet not maintained properly at Kowdiar Junction,Medium
Uncovered septic tank posing health risk at Pattom Ward,High
Accumulation of waste causing sanitation issues at Poojappura Road,Medium
Public complaints about poor sanitation maintenance at Pattom Ward,Low
Uncovered septic tank posing health risk at East Fort Junction,High
Public complaints about poor sanitation maintenance at East Fort Junction,Low
Public complaints about poor sanitation maintenance at East Fort Junction,Low
Uncovered septic tank posing health risk at Manacaud Area,High
Improper cleaning of market area at Poojappura Road,Low
Improper cleaning of market area at Sreekariyam Area,Low
Accumulation of waste causing sanitation issues at Vanchiyoor Ward,Medium
Overflowing sewage creating health hazard at Palayam Area,Critical
Public toilet not maintained properly at Kazhakkoottam Junction,Medium
Uncovered septic tank posing health risk at Thampanoor Junction,High
Accumulation of waste causing sanitation issues at Vanchiyoor Ward,Medium
Uncovered septic tank posing health risk at East Fort Junction,High
Foul smell from drainage system at East Fort Junction,Medium
Public complaints about poor sanitation maintenance at Poojappura Road,Low
Improper disposal of biomedical waste reported at Vanchiyoor Ward,High
Mosquito breeding reported due to stagnant water at Vanchiyoor Ward,High
Foul smell from drainage system at Sreekariyam Area,Medium
Spillage of waste water on road at Kazhakkoottam Junction,Low
Open drainage causing unhygienic conditions at Poojappura Road,Medium
Foul smell from drainage system at Kowdiar Junction,Medium
Blocked public sanitation facility at Vellayambalam Ward,Medium
Public toilet not maintained properly at Peroorkada Junction,Medium
Sanitation workers not attending complaints at Vanchiyoor Ward,Low
Overflowing sewage creating health hazard at Karamana Area,Critical
Improper cleaning of market area at Kazhakkoottam Junction,Low
Mosquito breeding reported due to stagnant water at Palayam Area,High
Mosquito breeding reported due to stagnant water at Manacaud Area,High
Stray animal waste not cleaned in Thampanoor Junction locality,Low
Foul smell from drainage system at Poojappura Road,Medium
Overflowing sewage creating health hazard at Kazhakkoottam Junction,Critical
Open drainage causing unhygienic conditions at East Fort Junction,Medium
Public complaints about poor sanitation maintenance at Attakulangara Market Area,Low
Improper disposal of biomedical waste reported at Attakulangara Market Area,High
Mosquito breeding reported due to stagnant water at Attakulangara Market Area,High
Spillage of waste water on road at Poojappura Road,Low
Overflowing sewage creating health hazard at Manacaud Area,Critical
Open drainage causing unhygienic conditions at Palayam Area,Medium
Mosquito breeding reported due to stagnant water at Thampanoor Junction,High
Open drainage causing unhygienic conditions at Thampanoor Junction,Medium
Spillage of waste water on road at Peroorkada Junction,Low
Stray animal waste not cleaned in Sreekariyam Area locality,Low
Blocked public sanitation facility at Attakulangara Market Area,Medium
Spillage of waste water on road at Poojappura Road,Low
Accumulation of waste causing sanitation issues at Karamana Area,Medium
Spillage of waste water on road at East Fort Junction,Low
Blocked public sanitation facility at Peroorkada Junction,Medium
Improper disposal of biomedical waste reported at Kazhakkoottam Junction,High
Accumulation of waste causing sanitation issues at Vanchiyoor Ward,Medium
Open drainage causing unhygienic conditions at East Fort Junction,Medium
Improper cleaning of market area at Attakulangara Market Area,Low
Foul smell from drainage system at Karamana Area,Medium
Blocked public sanitation facility at Kowdiar Junction,Medium
Improper disposal of biomedical waste reported at Vellayambalam Ward,High
Mosquito breeding reported due to stagnant water at Vellayambalam Ward,High
Stray animal waste not cleaned in Karamana Area locality,Low
Stray animal waste not cleaned in East Fort Junction locality,Low
Spillage of waste water on road at Pattom Ward,Low
Improper cleaning of market area at Kowdiar Junction,Low
Sanitation workers not attending complaints at Palayam Area,Low
Stray animal waste not cleaned in Pattom Ward locality,Low
Public complaints about poor sanitation maintenance at Vellayambalam Ward,Low
Public complaints about poor sanitation maintenance at Kazhakkoottam Junction,Low
Public toilet not maintained properly at Kazhakkoottam Junction,Medium
Overflowing sewage creating health hazard at Peroorkada Junction,Critical
Sanitation workers not attending complaints at Palayam Area,Low
Improper cleaning of market area at Vanchiyoor Ward,Low
Stray animal waste not cleaned in Palayam Area locality,Low
Improper disposal of biomedical waste reported at Attakulangara Market Area,High
Foul smell from drainage system at Vanchiyoor Ward,Medium
Blocked public sanitation facility at East Fort Junction,Medium
Public toilet not maintained properly at Peroorkada Junction,Medium
Improper disposal of biomedical waste reported at Kazhakkoottam Junction,High
Uncovered septic tank posing health risk at Karamana Area,High
Stray animal waste not cleaned in Karamana Area locality,Low
Stray animal waste not cleaned in Kowdiar Junction locality,Low
Foul smell from drainage system at Manacaud Area,Medium
Mosquito breeding reported due to stagnant water at Sreekariyam Area,High
Public complaints about poor sanitation maintenance at Palayam Area,Low
Open drainage causing unhygienic conditions at Sreekariyam Area,Medium
Uncovered septic tank posing health risk at Attakulangara Market Area,High
Public complaints about poor sanitation maintenance at Kazhakkoottam Junction,Low
Improper disposal of biomedical waste reported at Nemom Ward,High
Stray animal waste not cleaned in Kowdiar Junction locality,Low
Mosquito breeding reported due to stagnant water at Sreekariyam Area,High
Spillage of waste water on road at Nemom Ward,Low
Spillage of waste water on road at East Fort Junction,Low
Spillage of waste water on road at Poojappura Road,Low
Overflowing sewage creating health hazard at Kazhakkoottam Junction,Critical
Foul smell from drainage system at Manacaud Area,Medium
Overflowing sewage creating health hazard at Manacaud Area,Critical
Accumulation of waste causing sanitation issues at Palayam Area,Medium
Public complaints about poor sanitation maintenance at Peroorkada Junction,Low
Stray animal waste not cleaned in Kazhakkoottam Junction locality,Low
Public complaints about poor sanitation maintenance at Palayam Area,Low
Public complaints about poor sanitation maintenance at Karamana Area,Low
Public complaints about poor sanitation maintenance at Nemom Ward,Low
Sanitation workers not attending complaints at Poojappura Road,Low
Garbage accumulation near school area at Vellayambalam Ward,Medium
Garbage accumulation near school area at Kowdiar Junction,Medium
Sanitation workers not attending complaints at Vellayambalam Ward,Low
Uncovered septic tank posing health risk at Karamana Area,High
Accumulation of waste causing sanitation issues at Kazhakkoottam Junction,Medium
Mosquito breeding reported due to stagnant water at Peroorkada Junction,High
Stray animal waste not cleaned in Thampanoor Junction locality,Low
Blocked public sanitation facility at Vanchiyoor Ward,Medium
Accumulation of waste causing sanitation issues at Manacaud Area,Medium
Garbage accumulation near school area at Kowdiar Junction,Medium
Improper disposal of biomedical waste reported at Pattom Ward,High
Accumulation of waste causing sanitation issues at Manacaud Area,Medium
Spillage of waste water on road at Manacaud Area,Low
Spillage of waste water on road at Nemom Ward,Low
Uncovered septic tank posing health risk at Palayam Area,High
Foul smell from drainage system at Vellayambalam Ward,Medium
Improper cleaning of market area at Vanchiyoor Ward,Low
Public complaints about poor sanitation maintenance at Manacaud Area,Low
Stray animal waste not cleaned in East Fort Junction locality,Low
Garbage accumulation near school area at Pattom Ward,Medium
Foul smell from drainage system at Attakulangara Market Area,Medium
Public complaints about poor sanitation maintenance at Pattom Ward,Low
Public toilet not maintained properly at Kowdiar Junction,Medium
Improper disposal of biomedical waste reported at Palayam Area,High
Improper disposal of biomedical waste reported at Nemom Ward,High
Stray animal waste not cleaned in Nemom Ward locality,Low
Foul smell from drainage system at Poojappura Road,Medium
Garbage accumulation near school area at Attakulangara Market Area,Medium
Accumulation of waste causing sanitation issues at Palayam Area,Medium
Garbage accumulation near school area at Sreekariyam Area,Medium
Foul smell from drainage system at Poojappura Road,Medium
Uncovered septic tank posing health risk at Attakulangara Market Area,High
Stray animal waste not cleaned in Pattom Ward locality,Low
Accumulation of waste causing sanitation issues at Vanchiyoor Ward,Medium
Spillage of waste water on road at East Fort Junction,Low
Stray animal waste not cleaned in Pattom Ward locality,Low
Uncovered septic tank posing health risk at Palayam Area,High
Garbage accumulation near school area at East Fort Junction,Medium
Public toilet not maintained properly at Peroorkada Junction,Medium
Improper disposal of biomedical waste reported at Kazhakkoottam Junction,High
Overflowing sewage creating health hazard at Peroorkada Junction,Critical
Improper cleaning of market area at Vellayambalam Ward,Low
Stray animal waste not cleaned in Kowdiar Junction locality,Low
Stray animal waste not cleaned in Pattom Ward locality,Low
Spillage of waste water on road at Karamana Area,Low
Mosquito breeding reported due to stagnant water at Pattom Ward,High
Sanitation workers not attending complaints at Vanchiyoor Ward,Low
Spillage of waste water on road at Karamana Area,Low
Overflowing sewage creating health hazard at Nemom Ward,Critical
Improper cleaning of market area at East Fort Junction,Low
Blocked public sanitation facility at Sreekariyam Area,Medium
Stray animal waste not cleaned in Thampanoor Junction locality,Low
Stray animal waste not cleaned in Attakulangara Market Area locality,Low
Public toilet not maintained properly at Sreekariyam Area,Medium
Public complaints about poor sanitation maintenance at Attakulangara Market Area,Low
Public complaints about poor sanitation maintenance at Poojappura Road,Low
Overflowing sewage creating health hazard at Thampanoor Junction,Critical
Blocked public sanitation facility at Palayam Area,Medium
Spillage of waste water on road at Thampanoor Junction,Low
Open drainage causing unhygienic conditions at Poojappura Road,Medium
Stray animal waste not cleaned in Pattom Ward locality,Low
Accumulation of waste causing sanitation issues at Palayam Area,Medium
Garbage accumulation near school area at East Fort Junction,Medium
Blocked public sanitation facility at East Fort Junction,Medium
Public toilet not maintained properly at Nemom Ward,Medium
Sanitation workers not attending complaints at Manacaud Area,Low
Public toilet not maintained properly at Manacaud Area,Medium
Mosquito breeding reported due to stagnant water at Vanchiyoor Ward,High
Public complaints about poor sanitation maintenance at Attakulangara Market Area,Low
Spillage of waste water on road at Peroorkada Junction,Low
Public toilet not maintained properly at Thampanoor Junction,Medium
Overflowing sewage creating health hazard at Karamana Area,Critical
Sanitation workers not attending complaints at Poojappura Road,Low
Stray animal waste not cleaned in Thampanoor Junction locality,Low
Blocked public sanitation facility at Palayam Area,Medium
Spillage of waste water on road at Pattom Ward,Low
Improper cleaning of market area at Palayam Area,Low
Improper cleaning of market area at Pattom Ward,Low
Public toilet not maintained properly at Poojappura Road,Medium
Public toilet not maintained properly at Karamana Area,Medium
Sanitation workers not attending complaints at Nemom Ward,Low
Uncovered septic tank posing health risk at Sreekariyam Area,High
Improper disposal of biomedical waste reported at East Fort Junction,High
Blocked public sanitation facility at East Fort Junction,Medium
Public toilet not maintained properly at Pattom Ward,Medium
Uncovered septic tank posing health risk at Poojappura Road,High
Accumulation of waste causing sanitation issues at Kazhakkoottam Junction,Medium
Accumulation of waste causing sanitation issues at Palayam Area,Medium
Public complaints about poor sanitation maintenance at Manacaud Area,Low
Overflowing sewage creating health hazard at Nemom Ward,Critical
Overflowing sewage creating health hazard at East Fort Junction,Critical
Improper disposal of biomedical waste reported at Vellayambalam Ward,High
Overflowing sewage creating health hazard at Poojappura Road,Critical
Open drainage causing unhygienic conditions at Thampanoor Junction,Medium
Uncovered septic tank posing health risk at Vanchiyoor Ward,High
Open drainage causing unhygienic conditions at Manacaud Area,Medium
Sanitation workers not attending complaints at Pattom Ward,Low
Mosquito breeding reported due to stagnant water at Pattom Ward,High
Improper disposal of biomedical waste reported at Poojappura Road,High
Improper cleaning of market area at Poojappura Road,Low
Improper cleaning of market area at Manacaud Area,Low
Open drainage causing unhygienic conditions at East Fort Junction,Medium
Uncovered septic tank posing health risk at Poojappura Road,High
Mosquito breeding reported due to stagnant water at Poojappura Road,High
Stray animal waste not cleaned in Attakulangara Market Area locality,Low
Public toilet not maintained properly at Sreekariyam Area,Medium
Garbage accumulation near school area at Karamana Area,Medium
Uncovered septic tank posing health risk at Kazhakkoottam Junction,High
Public toilet not maintained properly at Peroorkada Junction,Medium
Improper disposal of biomedical waste reported at Karamana Area,High
Uncovered septic tank posing health risk at Vellayambalam Ward,High
Overflowing sewage creating health hazard at Attakulangara Market Area,Critical
Sanitation workers not attending complaints at Pattom Ward,Low
Improper cleaning of market area at Attakulangara Market Area,Low
Improper cleaning of market area at Palayam Area,Low
Accumulation of waste causing sanitation issues at Peroorkada Junction,Medium
Accumulation of waste causing sanitation issues at Vellayambalam Ward,Medium
Spillage of waste water on road at Vellayambalam Ward,Low
Spillage of waste water on road at Pattom Ward,Low
Overflowing sewage creating health hazard at Palayam Area,Critical
Mosquito breeding reported due to stagnant water at Palayam Area,High
Open drainage causing unhygienic conditions at Kowdiar Junction,Medium
Uncovered septic tank posing health risk at Pattom Ward,High
Stray animal waste not cleaned in Peroorkada Junction locality,Low
Public toilet not maintained properly at Nemom Ward,Medium
Blocked public sanitation facility at Kazhakkoottam Junction,Medium
Spillage of waste water on road at Peroorkada Junction,Low
Accumulation of waste causing sanitation issues at East Fort Junction,Medium
Public toilet not maintained properly at Vellayambalam Ward,Medium
Mosquito breeding reported due to stagnant water at Peroorkada Junction,High
Improper cleaning of market area at Thampanoor Junction,Low
Foul smell from drainage system at Palayam Area,Medium
Public toilet not maintained properly at Pattom Ward,Medium
Public complaints about poor sanitation maintenance at Palayam Area,Low
Public complaints about poor sanitation maintenance at Karamana Area,Low
Mosquito breeding reported due to stagnant water at Manacaud Area,High
Overflowing sewage creating health hazard at Pattom Ward,Critical
Public complaints about poor sanitation maintenance at East Fort Junction,Low
Mosquito breeding reported due to stagnant water at Vellayambalam Ward,High
Improper disposal of biomedical waste reported at Attakulangara Market Area,High
Accumulation of waste causing sanitation issues at Karamana Area,Medium
Improper cleaning of market area at Thampanoor Junction,Low
Overflowing sewage creating health hazard at Vellayambalam Ward,Critical
Public complaints about poor sanitation maintenance at Poojappura Road,Low
Mosquito breeding reported due to stagnant water at Peroorkada Junction,High
Garbage accumulation near school area at East Fort Junction,Medium
Improper disposal of biomedical waste reported at Peroorkada Junction,High
Stray animal waste not cleaned in Attakulangara Market Area locality,Low
Sanitation workers not attending complaints at Thampanoor Junction,Low
Stray animal waste not cleaned in Sreekariyam Area locality,Low
Improper cleaning of market area at Kowdiar Junction,Low
Spillage of waste water on road at Palayam Area,Low
Public complaints about poor sanitation maintenance at Thampanoor Junction,Low
Blocked public sanitation facility at Attakulangara Market Area,Medium
Improper cleaning of market area at Nemom Ward,Low
Foul smell from drainage system at Vanchiyoor Ward,Medium
Accumulation of waste causing sanitation issues at Palayam Area,Medium
Improper cleaning of market area at Manacaud Area,Low
Garbage accumulation near school area at Manacaud Area,Medium
Spillage of waste water on road at Poojappura Road,Low
Public complaints about poor sanitation maintenance at Vellayambalam Ward,Low
Accumulation of waste causing sanitation issues at Palayam Area,Medium
Blocked public sanitation facility at Sreekariyam Area,Medium
Public complaints about poor sanitation maintenance at Vellayambalam Ward,Low
Public complaints about poor sanitation maintenance at Vanchiyoor Ward,Low
Sanitation workers not attending complaints at East Fort Junction,Low
Foul smell from drainage system at Sreekariyam Area,Medium
Public complaints about poor sanitation maintenance at Nemom Ward,Low
Public notice board broken at Palayam Area,Low
Public notice board broken at Nemom Ward,Low
Public playground fencing damaged at Palayam Area,Medium
Public park equipment damaged at Manacaud Area,Medium
Public infrastructure repair pending at Nemom Ward,Medium
Cracked pavement in municipal park at Pattom Ward,Medium
Damaged bus shelter structure at Poojappura Road,Medium
Damaged bus shelter structure at Sreekariyam Area,Medium
Municipal building exterior wall damaged at Kowdiar Junction,Medium
Storm shelter door malfunctioning at Nemom Ward,Low
Public walkway tiles broken at Kazhakkoottam Junction,Medium
Public staircase railing broken at Manacaud Area,Medium
Damaged bus shelter structure at Thampanoor Junction,Medium
Damaged bus shelter structure at Peroorkada Junction,Medium
Public infrastructure repair pending at East Fort Area,Medium
Public staircase railing broken at Kowdiar Junction,Medium
Public infrastructure repair pending at Pattom Ward,Medium
Damaged bus shelter structure at Poojappura Road,Medium
Public notice board broken at Peroorkada Junction,Low
Damaged public footpath reported at Manacaud Area,Medium
Damaged bus shelter structure at Nemom Ward,Medium
Public staircase railing broken at Kazhakkoottam Junction,Medium
Community hall maintenance required at Palayam Area,Medium
Public notice board broken at Manacaud Area,Low
Handrail missing on pedestrian bridge at Karamana Area,Low
Public seating area in poor condition at Sreekariyam Area,Low
Public park equipment damaged at Vellayambalam Ward,Medium
Public infrastructure repair pending at Karamana Area,Medium
Public infrastructure repair pending at East Fort Area,Medium
Handrail missing on pedestrian bridge at Vanchiyoor Ward,Low
Municipal building exterior wall damaged at Karamana Area,Medium
Community hall maintenance required at East Fort Area,Medium
Broken public bench in park at Vanchiyoor Ward,Medium
Public seating area in poor condition at Sreekariyam Area,Low
Public notice board broken at Kowdiar Junction,Low
Public park equipment damaged at East Fort Area,Medium
Storm shelter door malfunctioning at Kazhakkoottam Junction,Low
Public staircase railing broken at Thampanoor Junction,Medium
Damaged public footpath reported at Palayam Area,Medium
Municipal building exterior wall damaged at Palayam Area,Medium
Broken public bench in park at East Fort Area,Medium
Public seating area in poor condition at Pattom Ward,Low
Damaged bus shelter structure at Karamana Area,Medium
Broken public bench in park at Pattom Ward,Medium
Public staircase railing broken at Vanchiyoor Ward,Medium
Public infrastructure repair pending at Vellayambalam Ward,Medium
Damaged public footpath reported at Poojappura Road,Medium
Public infrastructure repair pending at Vellayambalam Ward,Medium
Public park equipment damaged at Poojappura Road,Medium
Municipal building exterior wall damaged at Manacaud Area,Medium
Public walkway tiles broken at Poojappura Road,Medium
Public infrastructure repair pending at Kazhakkoottam Junction,Medium
Public seating area in poor condition at Manacaud Area,Low
Public seating area in poor condition at Kazhakkoottam Junction,Low
Storm shelter door malfunctioning at Poojappura Road,Low
Public staircase railing broken at Palayam Area,Medium
Public park equipment damaged at Attakulangara Market Area,Medium
Handrail missing on pedestrian bridge at Sreekariyam Area,Low
Public seating area in poor condition at Attakulangara Market Area,Low
Handrail missing on pedestrian bridge at Nemom Ward,Low
Public playground fencing damaged at Poojappura Road,Medium
Handrail missing on pedestrian bridge at Manacaud Area,Low
Broken public bench in park at Pattom Ward,Medium
Public notice board broken at Peroorkada Junction,Low
Damaged public footpath reported at Attakulangara Market Area,Medium
Public notice board broken at Attakulangara Market Area,Low
Public park equipment damaged at Kowdiar Junction,Medium
Community hall maintenance required at Vanchiyoor Ward,Medium
Public seating area in poor condition at Nemom Ward,Low
Cracked pavement in municipal park at Kazhakkoottam Junction,Medium
Public seating area in poor condition at Poojappura Road,Low
Handrail missing on pedestrian bridge at Nemom Ward,Low
Public walkway tiles broken at Kowdiar Junction,Medium
Storm shelter door malfunctioning at Poojappura Road,Low
Community hall maintenance required at Kowdiar Junction,Medium
Public park equipment damaged at Karamana Area,Medium
Municipal building exterior wall damaged at Kazhakkoottam Junction,Medium
Storm shelter door malfunctioning at Vanchiyoor Ward,Low
Cracked pavement in municipal park at Sreekariyam Area,Medium
Public staircase railing broken at Sreekariyam Area,Medium
Public seating area in poor condition at Vanchiyoor Ward,Low
Public notice board broken at Attakulangara Market Area,Low
Public park equipment damaged at Attakulangara Market Area,Medium
Public seating area in poor condition at Vellayambalam Ward,Low
Public infrastructure repair pending at Thampanoor Junction,Medium
Public playground fencing damaged at Attakulangara Market Area,Medium
Public walkway tiles broken at Attakulangara Market Area,Medium
Public staircase railing broken at Sreekariyam Area,Medium
Public seating area in poor condition at Sreekariyam Area,Low
Public walkway tiles broken at Kowdiar Junction,Medium
Damaged bus shelter structure at Poojappura Road,Medium
Public park equipment damaged at Thampanoor Junction,Medium
Public seating area in poor condition at Vellayambalam Ward,Low
Community hall maintenance required at Peroorkada Junction,Medium
Cracked pavement in municipal park at Nemom Ward,Medium
Public walkway tiles broken at Palayam Area,Medium
Public playground fencing damaged at Attakulangara Market Area,Medium
Public seating area in poor condition at Kazhakkoottam Junction,Low
Public notice board broken at Poojappura Road,Low
Damaged bus shelter structure at Palayam Area,Medium
Public playground fencing damaged at Vellayambalam Ward,Medium
Public seating area in poor condition at Peroorkada Junction,Low
Handrail missing on pedestrian bridge at Kazhakkoottam Junction,Low
Public staircase railing broken at Sreekariyam Area,Medium
Storm shelter door malfunctioning at Poojappura Road,Low
Broken public bench in park at Kowdiar Junction,Medium
Public park equipment damaged at Manacaud Area,Medium
Public staircase railing broken at Vellayambalam Ward,Medium
Public infrastructure repair pending at Palayam Area,Medium
Public infrastructure repair pending at Manacaud Area,Medium
Broken public bench in park at Poojappura Road,Medium
Storm shelter door malfunctioning at Kowdiar Junction,Low
Public seating area in poor condition at Karamana Area,Low
Damaged bus shelter structure at Kowdiar Junction,Medium
Handrail missing on pedestrian bridge at East Fort Area,Low
Public seating area in poor condition at Karamana Area,Low
Cracked pavement in municipal park at Palayam Area,Medium
Public walkway tiles broken at Nemom Ward,Medium
Damaged bus shelter structure at Poojappura Road,Medium
Storm shelter door malfunctioning at Vellayambalam Ward,Low
Public staircase railing broken at Kazhakkoottam Junction,Medium
Damaged bus shelter structure at Vellayambalam Ward,Medium
Damaged bus shelter structure at Sreekariyam Area,Medium
Public park equipment damaged at Manacaud Area,Medium
Damaged bus shelter structure at Sreekariyam Area,Medium
Public walkway tiles broken at Manacaud Area,Medium
Public seating area in poor condition at Vanchiyoor Ward,Low
Damaged public footpath reported at Vellayambalam Ward,Medium
Damaged bus shelter structure at Kowdiar Junction,Medium
Handrail missing on pedestrian bridge at Kowdiar Junction,Low
Public infrastructure repair pending at Vanchiyoor Ward,Medium
Damaged bus shelter structure at Sreekariyam Area,Medium
Public infrastructure repair pending at Poojappura Road,Medium
Municipal building exterior wall damaged at Pattom Ward,Medium
Cracked pavement in municipal park at Vanchiyoor Ward,Medium
Public walkway tiles broken at Manacaud Area,Medium
Public infrastructure repair pending at East Fort Area,Medium
Public seating area in poor condition at Manacaud Area,Low
Public notice board broken at Karamana Area,Low
Community hall maintenance required at Poojappura Road,Medium
Storm shelter door malfunctioning at Poojappura Road,Low
Community hall maintenance required at Palayam Area,Medium
Public infrastructure repair pending at Karamana Area,Medium
Public walkway tiles broken at East Fort Area,Medium
Public seating area in poor condition at Thampanoor Junction,Low
Municipal building exterior wall damaged at Peroorkada Junction,Medium
Public infrastructure repair pending at Nemom Ward,Medium
Community hall maintenance required at Vanchiyoor Ward,Medium
Cracked pavement in municipal park at Kazhakkoottam Junction,Medium
Public infrastructure repair pending at Vanchiyoor Ward,Medium
Cracked pavement in municipal park at Kazhakkoottam Junction,Medium
Handrail missing on pedestrian bridge at Sreekariyam Area,Low
Broken public bench in park at Manacaud Area,Medium
Municipal building exterior wall damaged at Palayam Area,Medium
Public park equipment damaged at Vanchiyoor Ward,Medium
Cracked pavement in municipal park at Thampanoor Junction,Medium
Public staircase railing broken at Manacaud Area,Medium
Public notice board broken at East Fort Area,Low
Broken public bench in park at Vellayambalam Ward,Medium
Municipal building exterior wall damaged at Pattom Ward,Medium
Damaged bus shelter structure at Poojappura Road,Medium
Storm shelter door malfunctioning at Pattom Ward,Low
Damaged public footpath reported at Kazhakkoottam Junction,Medium
Public notice board broken at Pattom Ward,Low
Public staircase railing broken at Karamana Area,Medium
Damaged bus shelter structure at Karamana Area,Medium
Public playground fencing damaged at East Fort Area,Medium
Community hall maintenance required at Nemom Ward,Medium
Cracked pavement in municipal park at Vellayambalam Ward,Medium
Damaged bus shelter structure at East Fort Area,Medium
Public infrastructure repair pending at Vellayambalam Ward,Medium
Damaged public footpath reported at Pattom Ward,Medium
Public notice board broken at Sreekariyam Area,Low
Damaged bus shelter structure at Peroorkada Junction,Medium
Public park equipment damaged at Thampanoor Junction,Medium
Public seating area in poor condition at Attakulangara Market Area,Low
Handrail missing on pedestrian bridge at Peroorkada Junction,Low
Handrail missing on pedestrian bridge at Kazhakkoottam Junction,Low
Municipal building exterior wall damaged at Peroorkada Junction,Medium
Handrail missing on pedestrian bridge at Manacaud Area,Low
Damaged bus shelter structure at Vellayambalam Ward,Medium
Public staircase railing broken at Attakulangara Market Area,Medium
Public infrastructure repair pending at Vanchiyoor Ward,Medium
Public staircase railing broken at Karamana Area,Medium
Damaged public footpath reported at Peroorkada Junction,Medium
Public seating area in poor condition at Sreekariyam Area,Low
Public notice board broken at Nemom Ward,Low
Public infrastructure repair pending at Attakulangara Market Area,Medium
Handrail missing on pedestrian bridge at Sreekariyam Area,Low
Broken public bench in park at Kowdiar Junction,Medium
Broken public bench in park at Attakulangara Market Area,Medium
Community hall maintenance required at Thampanoor Junction,Medium
Community hall maintenance required at Peroorkada Junction,Medium
Public seating area in poor condition at Sreekariyam Area,Low
Public playground fencing damaged at Poojappura Road,Medium
Community hall maintenance required at Nemom Ward,Medium
Storm shelter door malfunctioning at Manacaud Area,Low
Municipal building exterior wall damaged at Vanchiyoor Ward,Medium
Handrail missing on pedestrian bridge at Sreekariyam Area,Low
Public notice board broken at Vellayambalam Ward,Low
Public notice board broken at Sreekariyam Area,Low
Community hall maintenance required at Vanchiyoor Ward,Medium
Damaged bus shelter structure at Thampanoor Junction,Medium
Public infrastructure repair pending at Peroorkada Junction,Medium
Public seating area in poor condition at Peroorkada Junction,Low
Broken public bench in park at Sreekariyam Area,Medium
Cracked pavement in municipal park at Thampanoor Junction,Medium
Public walkway tiles broken at Vellayambalam Ward,Medium
Public infrastructure repair pending at Thampanoor Junction,Medium
Public walkway tiles broken at Thampanoor Junction,Medium
Damaged bus shelter structure at Vanchiyoor Ward,Medium
Public notice board broken at Kazhakkoottam Junction,Low
Handrail missing on pedestrian bridge at Pattom Ward,Low
Broken public bench in park at Palayam Area,Medium
Public playground fencing damaged at Vellayambalam Ward,Medium
Handrail missing on pedestrian bridge at Attakulangara Market Area,Low
Damaged public footpath reported at Peroorkada Junction,Medium
Damaged bus shelter structure at Poojappura Road,Medium
Broken public bench in park at Vellayambalam Ward,Medium
Public staircase railing broken at East Fort Area,Medium
Storm shelter door malfunctioning at Vanchiyoor Ward,Low
Public seating area in poor condition at Nemom Ward,Low
Damaged public footpath reported at East Fort Area,Medium
Public seating area in poor condition at Vellayambalam Ward,Low
Public walkway tiles broken at Vanchiyoor Ward,Medium
Public staircase railing broken at Vanchiyoor Ward,Medium
Damaged bus shelter structure at Manacaud Area,Medium
Damaged public footpath reported at Karamana Area,Medium
Community hall maintenance required at East Fort Area,Medium
Community hall maintenance required at Poojappura Road,Medium
Storm shelter door malfunctioning at Kowdiar Junction,Low
Community hall maintenance required at East Fort Area,Medium
Public notice board broken at Attakulangara Market Area,Low
Public park equipment damaged at Kazhakkoottam Junction,Medium
Public seating area in poor condition at Peroorkada Junction,Low
Storm shelter door malfunctioning at Karamana Area,Low
Damaged public footpath reported at Kazhakkoottam Junction,Medium
Public walkway tiles broken at Palayam Area,Medium
Broken public bench in park at Palayam Area,Medium
Public infrastructure repair pending at Poojappura Road,Medium
Municipal building exterior wall damaged at Sreekariyam Area,Medium
Cracked pavement in municipal park at Nemom Ward,Medium
Public seating area in poor condition at Nemom Ward,Low
Public walkway tiles broken at Manacaud Area,Medium
Public walkway tiles broken at Vellayambalam Ward,Medium
Cracked pavement in municipal park at Vanchiyoor Ward,Medium
Cracked pavement in municipal park at Attakulangara Market Area,Medium
Community hall maintenance required at Vellayambalam Ward,Medium
Broken public bench in park at Vellayambalam Ward,Medium
Cracked pavement in municipal park at Vellayambalam Ward,Medium
Public infrastructure repair pending at Kowdiar Junction,Medium
Storm shelter door malfunctioning at Kazhakkoottam Junction,Low
Community hall maintenance required at Attakulangara Market Area,Medium
Damaged bus shelter structure at Attakulangara Market Area,Medium
Community hall maintenance required at Palayam Area,Medium
Community hall maintenance required at Nemom Ward,Medium
Storm shelter door malfunctioning at Kazhakkoottam Junction,Low
Storm shelter door malfunctioning at Kowdiar Junction,Low
Public walkway tiles broken at Poojappura Road,Medium
Public staircase railing broken at Karamana Area,Medium
Damaged public footpath reported at Manacaud Area,Medium
Cracked pavement in municipal park at Thampanoor Junction,Medium
Public walkway tiles broken at Vanchiyoor Ward,Medium
Handrail missing on pedestrian bridge at Peroorkada Junction,Low
Cracked pavement in municipal park at Poojappura Road,Medium
Storm shelter door malfunctioning at Manacaud Area,Low
Public notice board broken at Peroorkada Junction,Low
Broken public bench in park at Peroorkada Junction,Medium
Municipal building exterior wall damaged at Vellayambalam Ward,Medium
Municipal building exterior wall damaged at Manacaud Area,Medium
Public walkway tiles broken at Kowdiar Junction,Medium
Damaged public footpath reported at Peroorkada Junction,Medium
Storm shelter door malfunctioning at Attakulangara Market Area,Low
Storm shelter door malfunctioning at Sreekariyam Area,Low
Public seating area in poor condition at Kowdiar Junction,Low
Storm shelter door malfunctioning at East Fort Area,Low
Community hall maintenance required at Manacaud Area,Medium
Storm shelter door malfunctioning at Karamana Area,Low
Municipal building exterior wall damaged at Palayam Area,Medium
Public staircase railing broken at Kowdiar Junction,Medium
Public staircase railing broken at Thampanoor Junction,Medium
Damaged bus shelter structure at Sreekariyam Area,Medium
Damaged public footpath reported at East Fort Area,Medium
Cracked pavement in municipal park at Manacaud Area,Medium
Storm shelter door malfunctioning at Kazhakkoottam Junction,Low
Public seating area in poor condition at Manacaud Area,Low
Public infrastructure repair pending at Thampanoor Junction,Medium
Public staircase railing broken at Poojappura Road,Medium
Public playground fencing damaged at Karamana Area,Medium
Storm shelter door malfunctioning at Sreekariyam Area,Low
Public infrastructure repair pending at Vanchiyoor Ward,Medium
Damaged public footpath reported at East Fort Area,Medium
Public notice board broken at Vanchiyoor Ward,Low
Public notice board broken at Poojappura Road,Low
Handrail missing on pedestrian bridge at Attakulangara Market Area,Low
Public infrastructure repair pending at Vanchiyoor Ward,Medium
Public infrastructure repair pending at Kazhakkoottam Junction,Medium
Public playground fencing damaged at Vellayambalam Ward,Medium
Damaged public footpath reported at Palayam Area,Medium
Broken public bench in park at Nemom Ward,Medium
Public playground fencing damaged at Thampanoor Junction,Medium
Damaged bus shelter structure at Thampanoor Junction,Medium
Public walkway tiles broken at Peroorkada Junction,Medium
Public playground fencing damaged at Manacaud Area,Medium
Public walkway tiles broken at Vellayambalam Ward,Medium
Public notice board broken at Pattom Ward,Low
Public playground fencing damaged at Palayam Area,Medium
Community hall maintenance required at Nemom Ward,Medium
Handrail missing on pedestrian bridge at Palayam Area,Low
Handrail missing on pedestrian bridge at Manacaud Area,Low
Handrail missing on pedestrian bridge at Poojappura Road,Low
Cracked pavement in municipal park at Vanchiyoor Ward,Medium
Public park equipment damaged at Kazhakkoottam Junction,Medium
Municipal building exterior wall damaged at East Fort Area,Medium
Municipal building exterior wall damaged at Attakulangara Market Area,Medium
Damaged bus shelter structure at Nemom Ward,Medium
Public infrastructure repair pending at Thampanoor Junction,Medium
Damaged bus shelter structure at Manacaud Area,Medium
Public infrastructure repair pending at Vellayambalam Ward,Medium
Public staircase railing broken at Manacaud Area,Medium
Damaged public footpath reported at Karamana Area,Medium
Municipal building exterior wall damaged at Peroorkada Junction,Medium
Community hall maintenance required at Nemom Ward,Medium
Storm shelter door malfunctioning at Thampanoor Junction,Low
Storm shelter door malfunctioning at Kazhakkoottam Junction,Low
Damaged bus shelter structure at Sreekariyam Area,Medium
Storm shelter door malfunctioning at Nemom Ward,Low
Broken public bench in park at Kowdiar Junction,Medium
Public playground fencing damaged at Attakulangara Market Area,Medium
Public seating area in poor condition at Vanchiyoor Ward,Low
Damaged bus shelter structure at Poojappura Road,Medium
Community hall maintenance required at Pattom Ward,Medium
Public playground fencing damaged at East Fort Area,Medium
Cracked pavement in municipal park at Sreekariyam Area,Medium
Public notice board broken at Vellayambalam Ward,Low
Public seating area in poor condition at Manacaud Area,Low
Public infrastructure repair pending at Attakulangara Market Area,Medium
Handrail missing on pedestrian bridge at Vellayambalam Ward,Low
Public infrastructure repair pending at Poojappura Road,Medium
Community hall maintenance required at Karamana Area,Medium
Damaged bus shelter structure at Pattom Ward,Medium
Storm shelter door malfunctioning at East Fort Area,Low
Community hall maintenance required at Vanchiyoor Ward,Medium
Municipal building exterior wall damaged at Attakulangara Market Area,Medium
Public playground fencing damaged at Thampanoor Junction,Medium
Cracked pavement in municipal park at Nemom Ward,Medium
Public notice board broken at Attakulangara Market Area,Low
Municipal building exterior wall damaged at Kazhakkoottam Junction,Medium
Broken public bench in park at Vellayambalam Ward,Medium
Public walkway tiles broken at Sreekariyam Area,Medium
Public playground fencing damaged at Palayam Area,Medium
Public playground fencing damaged at Nemom Ward,Medium
Community hall maintenance required at Thampanoor Junction,Medium
Broken public bench in park at Sreekariyam Area,Medium
Cracked pavement in municipal park at Karamana Area,Medium
Damaged public footpath reported at Vanchiyoor Ward,Medium
Public infrastructure repair pending at Manacaud Area,Medium
Damaged public footpath reported at Thampanoor Junction,Medium
Broken public bench in park at Peroorkada Junction,Medium
Broken public bench in park at Sreekariyam Area,Medium
Public playground fencing damaged at Kazhakkoottam Junction,Medium
Public walkway tiles broken at Karamana Area,Medium
Public playground fencing damaged at Peroorkada Junction,Medium
Damaged bus shelter structure at Thampanoor Junction,Medium
Storm shelter door malfunctioning at Poojappura Road,Low
Storm shelter door malfunctioning at Kowdiar Junction,Low
Public infrastructure repair pending at Vellayambalam Ward,Medium
Public park equipment damaged at Attakulangara Market Area,Medium
Community hall maintenance required at Thampanoor Junction,Medium
Public infrastructure repair pending at Kowdiar Junction,Medium
Broken public bench in park at Pattom Ward,Medium
Public park equipment damaged at Sreekariyam Area,Medium
Public notice board broken at Karamana Area,Low
Public infrastructure repair pending at Attakulangara Market Area,Medium
Municipal building exterior wall damaged at Vellayambalam Ward,Medium
Damaged bus shelter structure at Sreekariyam Area,Medium
Damaged bus shelter structure at Pattom Ward,Medium
Public infrastructure repair pending at Karamana Area,Medium
Public staircase railing broken at Kazhakkoottam Junction,Medium
Public seating area in poor condition at Poojappura Road,Low
Cracked pavement in municipal park at Pattom Ward,Medium
Broken public bench in park at Peroorkada Junction,Medium
Public park equipment damaged at Vellayambalam Ward,Medium
Public walkway tiles broken at Karamana Area,Medium
Public infrastructure repair pending at Sreekariyam Area,Medium
Public walkway tiles broken at Pattom Ward,Medium
Damaged bus shelter structure at Poojappura Road,Medium
Cracked pavement in municipal park at Sreekariyam Area,Medium
Community hall maintenance required at Peroorkada Junction,Medium
Damaged public footpath reported at Manacaud Area,Medium
Broken public bench in park at East Fort Area,Medium
Public park equipment damaged at East Fort Area,Medium
Public park equipment damaged at Palayam Area,Medium
Cracked pavement in municipal park at Poojappura Road,Medium
Public infrastructure repair pending at Kowdiar Junction,Medium
Damaged public footpath reported at Pattom Ward,Medium
Community hall maintenance required at East Fort Area,Medium
Damaged public footpath reported at Peroorkada Junction,Medium
Damaged bus shelter structure at Pattom Ward,Medium
Storm shelter door malfunctioning at Vanchiyoor Ward,Low
Cracked pavement in municipal park at Thampanoor Junction,Medium
Damaged bus shelter structure at Thampanoor Junction,Medium
Cracked pavement in municipal park at Pattom Ward,Medium
Public notice board broken at Peroorkada Junction,Low
Public walkway tiles broken at Manacaud Area,Medium
Public seating area in poor condition at Pattom Ward,Low
Cracked pavement in municipal park at Vanchiyoor Ward,Medium
Public infrastructure repair pending at Attakulangara Market Area,Medium
Damaged public footpath reported at Poojappura Road,Medium
Public walkway tiles broken at Kowdiar Junction,Medium
Public seating area in poor condition at Peroorkada Junction,Low
Public notice board broken at Peroorkada Junction,Low
Public playground fencing damaged at Pattom Ward,Medium
Municipal building exterior wall damaged at Attakulangara Market Area,Medium
Damaged public footpath reported at East Fort Area,Medium
Damaged bus shelter structure at Nemom Ward,Medium
Community hall maintenance required at Karamana Area,Medium
Public playground fencing damaged at Kowdiar Junction,Medium
Public infrastructure repair pending at Peroorkada Junction,Medium
Storm shelter door malfunctioning at Attakulangara Market Area,Low
Public playground fencing damaged at Kowdiar Junction,Medium
Damaged bus shelter structure at Poojappura Road,Medium
Public seating area in poor condition at Poojappura Road,Low
Storm shelter door malfunctioning at Poojappura Road,Low
Damaged bus shelter structure at Pattom Ward,Medium
Community hall maintenance required at Vanchiyoor Ward,Medium
Broken public bench in park at Palayam Area,Medium
Broken public bench in park at Kowdiar Junction,Medium
Public infrastructure repair pending at Poojappura Road,Medium
Public park equipment damaged at Vanchiyoor Ward,Medium
Storm shelter door malfunctioning at Manacaud Area,Low
Public infrastructure repair pending at Peroorkada Junction,Medium
Public park equipment damaged at Vellayambalam Ward,Medium
Damaged public footpath reported at Vellayambalam Ward,Medium
Public infrastructure repair pending at Vanchiyoor Ward,Medium
Cracked pavement in municipal park at Nemom Ward,Medium
Public park equipment damaged at Pattom Ward,Medium
Public seating area in poor condition at Karamana Area,Low
Public park equipment damaged at East Fort Area,Medium
Public seating area in poor condition at Manacaud Area,Low
Municipal building exterior wall damaged at Kazhakkoottam Junction,Medium
Public walkway tiles broken at Pattom Ward,Medium
Broken public bench in park at Pattom Ward,Medium
Public park equipment damaged at Attakulangara Market Area,Medium
Damaged public footpath reported at Vanchiyoor Ward,Medium
Cracked pavement in municipal park at Vellayambalam Ward,Medium
Public seating area in poor condition at Attakulangara Market Area,Low
Municipal building exterior wall damaged at Thampanoor Junction,Medium
Broken public bench in park at Pattom Ward,Medium
Handrail missing on pedestrian bridge at Sreekariyam Area,Low
Storm shelter door malfunctioning at East Fort Area,Low
Public park equipment damaged at Pattom Ward,Medium
Storm shelter door malfunctioning at Attakulangara Market Area,Low
Public playground fencing damaged at Vellayambalam Ward,Medium
Handrail missing on pedestrian bridge at Kowdiar Junction,Low
Public notice board broken at Pattom Ward,Low
Cracked pavement in municipal park at Pattom Ward,Medium
Public park equipment damaged at Kowdiar Junction,Medium
Public staircase railing broken at Kowdiar Junction,Medium
Public playground fencing damaged at Kowdiar Junction,Medium
Public staircase railing broken at Peroorkada Junction,Medium
Public notice board broken at Peroorkada Junction,Low
Cracked pavement in municipal park at Sreekariyam Area,Medium
Handrail missing on pedestrian bridge at Vanchiyoor Ward,Low
Public playground fencing damaged at Sreekariyam Area,Medium
Public park equipment damaged at Kowdiar Junction,Medium
Community hall maintenance required at Nemom Ward,Medium
Damaged bus shelter structure at Vellayambalam Ward,Medium
Public infrastructure repair pending at Peroorkada Junction,Medium
Municipal building exterior wall damaged at East Fort Area,Medium
Public seating area in poor condition at Manacaud Area,Low
Handrail missing on pedestrian bridge at Pattom Ward,Low
Handrail missing on pedestrian bridge at Thampanoor Junction,Low
Public walkway tiles broken at Pattom Ward,Medium
Handrail missing on pedestrian bridge at Palayam Area,Low
Handrail missing on pedestrian bridge at Peroorkada Junction,Low
Public staircase railing broken at Peroorkada Junction,Medium
Public seating area in poor condition at Vellayambalam Ward,Low
Public notice board broken at Kazhakkoottam Junction,Low
Broken public bench in park at Nemom Ward,Medium
Community hall maintenance required at Attakulangara Market Area,Medium
Storm shelter door malfunctioning at Kowdiar Junction,Low
Damaged bus shelter structure at Manacaud Area,Medium
Cracked pavement in municipal park at Attakulangara Market Area,Medium
Public playground fencing damaged at Sreekariyam Area,Medium
Public infrastructure repair pending at Peroorkada Junction,Medium
Public staircase railing broken at Palayam Area,Medium
Public staircase railing broken at Palayam Area,Medium
Public notice board broken at Nemom Ward,Low
Community hall maintenance required at Karamana Area,Medium
Storm shelter door malfunctioning at Attakulangara Market Area,Low
Community hall maintenance required at Karamana Area,Medium
Public park equipment damaged at Kazhakkoottam Junction,Medium
Public notice board broken at Kazhakkoottam Junction,Low
Damaged public footpath reported at Kowdiar Junction,Medium
Public playground fencing damaged at Manacaud Area,Medium
Storm shelter door malfunctioning at Karamana Area,Low
Cracked pavement in municipal park at Nemom Ward,Medium
Storm shelter door malfunctioning at Vellayambalam Ward,Low
Storm shelter door malfunctioning at Karamana Area,Low
Foul smell due to poor maintenance at Nemom Bus Stop public toilet,Medium
Overflowing septic tank near Nemom Bus Stop public washroom,High
Door lock broken in public restroom at Palayam Junction,Medium
Overflowing septic tank near Peroorkada Market Area public washroom,High
No lighting inside public toilet at Sreekariyam Market Area,Medium
Public toilet not cleaned regularly at Vellayambalam Public Park,Medium
Water leakage inside public restroom at Peroorkada Market Area,Low
Public toilet not cleaned regularly at Sreekariyam Market Area,Medium
Lack of cleaning staff at Attakulangara Market Area public toilet,Low
Overflowing septic tank near Thampanoor Bus Stand public washroom,High
Blocked toilet reported at Karamana Bridge Area public washroom,Medium
Door lock broken in public restroom at Attakulangara Market Area,Medium
Door lock broken in public restroom at Manacaud Market Area,Medium
Public washroom closed during operational hours at Pattom Ward Bus Stop,Medium
Lack of cleaning staff at Peroorkada Market Area public toilet,Low
Water leakage inside public restroom at Thampanoor Bus Stand,Low
Overflowing septic tank near Poojappura Bus Stand public washroom,High
Improper disposal of sanitary waste at Attakulangara Market Area toilet,Low
Water leakage inside public restroom at Nemom Bus Stop,Low
Damaged wash basin in public restroom at Vellayambalam Public Park,Low
Door lock broken in public restroom at Nemom Bus Stop,Medium
No water supply in public toilet at Manacaud Market Area,Medium
Lack of cleaning staff at Peroorkada Market Area public toilet,Low
Public washroom closed during operational hours at Palayam Junction,Medium
Public toilet not cleaned regularly at Sreekariyam Market Area,Medium
No lighting inside public toilet at Peroorkada Market Area,Medium
Foul smell due to poor maintenance at Poojappura Bus Stand public toilet,Medium
Blocked toilet reported at Attakulangara Market Area public washroom,Medium
Water leakage inside public restroom at Peroorkada Market Area,Low
Door lock broken in public restroom at Kowdiar Junction Area,Medium
Public washroom closed during operational hours at Nemom Bus Stop,Medium
No water supply in public toilet at Poojappura Bus Stand,Medium
Public washroom closed during operational hours at Manacaud Market Area,Medium
Public toilet not cleaned regularly at Pattom Ward Bus Stop,Medium
Unhygienic conditions observed in toilet at Attakulangara Market Area,Low
Blocked toilet reported at Manacaud Market Area public washroom,Medium
Broken flush system in washroom at East Fort Area,Medium
Lack of cleaning staff at Sreekariyam Market Area public toilet,Low
No lighting inside public toilet at Vellayambalam Public Park,Medium
Broken flush system in washroom at Kazhakkoottam Junction Area,Medium
Lack of cleaning staff at Nemom Bus Stop public toilet,Low
Foul smell due to poor maintenance at Kowdiar Junction Area public toilet,Medium
Handwashing facility not working at Peroorkada Market Area washroom,Medium
Overflowing septic tank near Kowdiar Junction Area public washroom,High
Public washroom closed during operational hours at Sreekariyam Market Area,Medium
No lighting inside public toilet at Sreekariyam Market Area,Medium
Door lock broken in public restroom at Peroorkada Market Area,Medium
Unhygienic conditions observed in toilet at East Fort Area,Low
No water supply in public toilet at Poojappura Bus Stand,Medium
No lighting inside public toilet at Palayam Junction,Medium
Handwashing facility not working at Palayam Junction washroom,Medium
Broken flush system in washroom at Kazhakkoottam Junction Area,Medium
No water supply in public toilet at Pattom Ward Bus Stop,Medium
Improper disposal of sanitary waste at Sreekariyam Market Area toilet,Low
Damaged wash basin in public restroom at Kowdiar Junction Area,Low
Damaged wash basin in public restroom at Attakulangara Market Area,Low
Handwashing facility not working at Kazhakkoottam Junction Area washroom,Medium
No water supply in public toilet at Attakulangara Market Area,Medium
Foul smell due to poor maintenance at Vellayambalam Public Park public toilet,Medium
No lighting inside public toilet at Kazhakkoottam Junction Area,Medium
Unhygienic conditions observed in toilet at Kowdiar Junction Area,Low
Public toilet not cleaned regularly at Kazhakkoottam Junction Area,Medium
Water leakage inside public restroom at Thampanoor Bus Stand,Low
Public washroom closed during operational hours at Nemom Bus Stop,Medium
No water supply in public toilet at Pattom Ward Bus Stop,Medium
Damaged wash basin in public restroom at Thampanoor Bus Stand,Low
Foul smell due to poor maintenance at Manacaud Market Area public toilet,Medium
Public toilet not cleaned regularly at Vellayambalam Public Park,Medium
Handwashing facility not working at Poojappura Bus Stand washroom,Medium
Overflowing septic tank near East Fort Area public washroom,High
Blocked toilet reported at Attakulangara Market Area public washroom,Medium
Improper disposal of sanitary waste at Sreekariyam Market Area toilet,Low
Lack of cleaning staff at East Fort Area public toilet,Low
No water supply in public toilet at East Fort Area,Medium
Blocked toilet reported at Vellayambalam Public Park public washroom,Medium
Foul smell due to poor maintenance at Kazhakkoottam Junction Area public toilet,Medium
Handwashing facility not working at Peroorkada Market Area washroom,Medium
Damaged wash basin in public restroom at Thampanoor Bus Stand,Low
Unhygienic conditions observed in toilet at Nemom Bus Stop,Low
Overflowing septic tank near Karamana Bridge Area public washroom,High
Water leakage inside public restroom at Nemom Bus Stop,Low
Public toilet not cleaned regularly at Palayam Junction,Medium
Public toilet not cleaned regularly at Karamana Bridge Area,Medium
Improper disposal of sanitary waste at Vanchiyoor Court Area toilet,Low
Public washroom closed during operational hours at Thampanoor Bus Stand,Medium
Water leakage inside public restroom at Poojappura Bus Stand,Low
Door lock broken in public restroom at Peroorkada Market Area,Medium
Blocked toilet reported at Palayam Junction public washroom,Medium
Overflowing septic tank near Kowdiar Junction Area public washroom,High
Improper disposal of sanitary waste at Attakulangara Market Area toilet,Low
Public washroom closed during operational hours at Nemom Bus Stop,Medium
Damaged wash basin in public restroom at Pattom Ward Bus Stop,Low
Overflowing septic tank near Kazhakkoottam Junction Area public washroom,High
Overflowing septic tank near Palayam Junction public washroom,High
Damaged wash basin in public restroom at Pattom Ward Bus Stop,Low
Public toilet not cleaned regularly at Thampanoor Bus Stand,Medium
Water leakage inside public restroom at Peroorkada Market Area,Low
No lighting inside public toilet at Peroorkada Market Area,Medium
Door lock broken in public restroom at Kazhakkoottam Junction Area,Medium
Door lock broken in public restroom at Attakulangara Market Area,Medium
Overflowing septic tank near Kowdiar Junction Area public washroom,High
Public washroom closed during operational hours at Manacaud Market Area,Medium
Damaged wash basin in public restroom at Attakulangara Market Area,Low
Broken flush system in washroom at Vellayambalam Public Park,Medium
Broken flush system in washroom at Sreekariyam Market Area,Medium
Unhygienic conditions observed in toilet at Thampanoor Bus Stand,Low
Lack of cleaning staff at Kazhakkoottam Junction Area public toilet,Low
Public toilet not cleaned regularly at Palayam Junction,Medium
Water leakage inside public restroom at East Fort Area,Low
Unhygienic conditions observed in toilet at Pattom Ward Bus Stop,Low
Blocked toilet reported at Pattom Ward Bus Stop public washroom,Medium
Broken flush system in washroom at Vanchiyoor Court Area,Medium
Unhygienic conditions observed in toilet at Palayam Junction,Low
Lack of cleaning staff at Thampanoor Bus Stand public toilet,Low
Public toilet not cleaned regularly at Poojappura Bus Stand,Medium
Foul smell due to poor maintenance at Vanchiyoor Court Area public toilet,Medium
Blocked toilet reported at Kowdiar Junction Area public washroom,Medium
Lack of cleaning staff at Karamana Bridge Area public toilet,Low
Broken flush system in washroom at Kowdiar Junction Area,Medium
Blocked toilet reported at Pattom Ward Bus Stop public washroom,Medium
Overflowing septic tank near Thampanoor Bus Stand public washroom,High
Lack of cleaning staff at East Fort Area public toilet,Low
Water leakage inside public restroom at Palayam Junction,Low
Lack of cleaning staff at Sreekariyam Market Area public toilet,Low
Foul smell due to poor maintenance at Pattom Ward Bus Stop public toilet,Medium
Water leakage inside public restroom at Kowdiar Junction Area,Low
Water leakage inside public restroom at Manacaud Market Area,Low
Damaged wash basin in public restroom at Attakulangara Market Area,Low
Improper disposal of sanitary waste at Vellayambalam Public Park toilet,Low
Door lock broken in public restroom at Sreekariyam Market Area,Medium
Door lock broken in public restroom at East Fort Area,Medium
Damaged wash basin in public restroom at Kowdiar Junction Area,Low
No lighting inside public toilet at Kazhakkoottam Junction Area,Medium
Broken flush system in washroom at Peroorkada Market Area,Medium
Door lock broken in public restroom at Thampanoor Bus Stand,Medium
No water supply in public toilet at East Fort Area,Medium
Damaged wash basin in public restroom at Vanchiyoor Court Area,Low
Handwashing facility not working at Poojappura Bus Stand washroom,Medium
Overflowing septic tank near Kazhakkoottam Junction Area public washroom,High
Unhygienic conditions observed in toilet at Palayam Junction,Low
No water supply in public toilet at Peroorkada Market Area,Medium
Handwashing facility not working at Palayam Junction washroom,Medium
Lack of cleaning staff at Vellayambalam Public Park public toilet,Low
Door lock broken in public restroom at Thampanoor Bus Stand,Medium
Improper disposal of sanitary waste at Manacaud Market Area toilet,Low
Water leakage inside public restroom at East Fort Area,Low
Foul smell due to poor maintenance at Kowdiar Junction Area public toilet,Medium
Broken flush system in washroom at Peroorkada Market Area,Medium
Lack of cleaning staff at Sreekariyam Market Area public toilet,Low
No lighting inside public toilet at Pattom Ward Bus Stop,Medium
Overflowing septic tank near Nemom Bus Stop public washroom,High
No water supply in public toilet at East Fort Area,Medium
Public washroom closed during operational hours at Attakulangara Market Area,Medium
Unhygienic conditions observed in toilet at Attakulangara Market Area,Low
No lighting inside public toilet at Peroorkada Market Area,Medium
Public toilet not cleaned regularly at Poojappura Bus Stand,Medium
Handwashing facility not working at Nemom Bus Stop washroom,Medium
No lighting inside public toilet at Sreekariyam Market Area,Medium
Public washroom closed during operational hours at Peroorkada Market Area,Medium
Door lock broken in public restroom at Nemom Bus Stop,Medium
Water leakage inside public restroom at Poojappura Bus Stand,Low
Handwashing facility not working at Vellayambalam Public Park washroom,Medium
Foul smell due to poor maintenance at Palayam Junction public toilet,Medium
Water leakage inside public restroom at Pattom Ward Bus Stop,Low
No lighting inside public toilet at Peroorkada Market Area,Medium
Broken flush system in washroom at Poojappura Bus Stand,Medium
No water supply in public toilet at Poojappura Bus Stand,Medium
Overflowing septic tank near Vanchiyoor Court Area public washroom,High
Broken flush system in washroom at Karamana Bridge Area,Medium
Public washroom closed during operational hours at Palayam Junction,Medium
Overflowing septic tank near Kowdiar Junction Area public washroom,High
Public toilet not cleaned regularly at Attakulangara Market Area,Medium
No water supply in public toilet at Attakulangara Market Area,Medium
Public toilet not cleaned regularly at East Fort Area,Medium
Door lock broken in public restroom at Vellayambalam Public Park,Medium
Foul smell due to poor maintenance at Manacaud Market Area public toilet,Medium
Blocked toilet reported at Poojappura Bus Stand public washroom,Medium
Door lock broken in public restroom at Nemom Bus Stop,Medium
Broken flush system in washroom at Vellayambalam Public Park,Medium
Overflowing septic tank near Attakulangara Market Area public washroom,High
Door lock broken in public restroom at Vellayambalam Public Park,Medium
Public toilet not cleaned regularly at East Fort Area,Medium
Handwashing facility not working at Pattom Ward Bus Stop washroom,Medium
No lighting inside public toilet at East Fort Area,Medium
Lack of cleaning staff at Peroorkada Market Area public toilet,Low
Foul smell due to poor maintenance at Kazhakkoottam Junction Area public toilet,Medium
Improper disposal of sanitary waste at Kowdiar Junction Area toilet,Low
Water leakage inside public restroom at Peroorkada Market Area,Low
No water supply in public toilet at Manacaud Market Area,Medium
Lack of cleaning staff at Kowdiar Junction Area public toilet,Low
No water supply in public toilet at Peroorkada Market Area,Medium
Public washroom closed during operational hours at Peroorkada Market Area,Medium
Handwashing facility not working at Palayam Junction washroom,Medium
Handwashing facility not working at East Fort Area washroom,Medium
Foul smell due to poor maintenance at Pattom Ward Bus Stop public toilet,Medium
No water supply in public toilet at Thampanoor Bus Stand,Medium
Blocked toilet reported at Vanchiyoor Court Area public washroom,Medium
No lighting inside public toilet at Manacaud Market Area,Medium
Water leakage inside public restroom at Attakulangara Market Area,Low
Lack of cleaning staff at Sreekariyam Market Area public toilet,Low
Blocked toilet reported at Sreekariyam Market Area public washroom,Medium
Public washroom closed during operational hours at East Fort Area,Medium
Lack of cleaning staff at Kowdiar Junction Area public toilet,Low
Handwashing facility not working at Kowdiar Junction Area washroom,Medium
Broken flush system in washroom at Poojappura Bus Stand,Medium
Public washroom closed during operational hours at Manacaud Market Area,Medium
Damaged wash basin in public restroom at Kowdiar Junction Area,Low
Foul smell due to poor maintenance at Poojappura Bus Stand public toilet,Medium
Door lock broken in public restroom at Manacaud Market Area,Medium
No water supply in public toilet at Poojappura Bus Stand,Medium
Door lock broken in public restroom at East Fort Area,Medium
Foul smell due to poor maintenance at Palayam Junction public toilet,Medium
Damaged wash basin in public restroom at Thampanoor Bus Stand,Low
Unhygienic conditions observed in toilet at Manacaud Market Area,Low
Lack of cleaning staff at Manacaud Market Area public toilet,Low
Public washroom closed during operational hours at Nemom Bus Stop,Medium
Overflowing septic tank near Sreekariyam Market Area public washroom,High
Broken flush system in washroom at Kazhakkoottam Junction Area,Medium
Damaged wash basin in public restroom at East Fort Area,Low
Water leakage inside public restroom at Palayam Junction,Low
Blocked toilet reported at Sreekariyam Market Area public washroom,Medium
Blocked toilet reported at Peroorkada Market Area public washroom,Medium
No water supply in public toilet at East Fort Area,Medium
No water supply in public toilet at Karamana Bridge Area,Medium
Blocked toilet reported at Sreekariyam Market Area public washroom,Medium
Blocked toilet reported at Vanchiyoor Court Area public washroom,Medium
No water supply in public toilet at Pattom Ward Bus Stop,Medium
Door lock broken in public restroom at Vanchiyoor Court Area,Medium
Damaged wash basin in public restroom at Palayam Junction,Low
Public toilet not cleaned regularly at Manacaud Market Area,Medium
No lighting inside public toilet at Poojappura Bus Stand,Medium
Damaged wash basin in public restroom at Palayam Junction,Low
Public washroom closed during operational hours at Attakulangara Market Area,Medium
Improper disposal of sanitary waste at Poojappura Bus Stand toilet,Low
Public washroom closed during operational hours at Palayam Junction,Medium
Foul smell due to poor maintenance at Palayam Junction public toilet,Medium
Door lock broken in public restroom at Nemom Bus Stop,Medium
Lack of cleaning staff at Kazhakkoottam Junction Area public toilet,Low
Water leakage inside public restroom at Karamana Bridge Area,Low
Water leakage inside public restroom at Sreekariyam Market Area,Low
No lighting inside public toilet at Peroorkada Market Area,Medium
Door lock broken in public restroom at Manacaud Market Area,Medium
Public washroom closed during operational hours at East Fort Area,Medium
Door lock broken in public restroom at East Fort Area,Medium
Handwashing facility not working at Pattom Ward Bus Stop washroom,Medium
Broken flush system in washroom at Peroorkada Market Area,Medium
Improper disposal of sanitary waste at Karamana Bridge Area toilet,Low
Handwashing facility not working at Vanchiyoor Court Area washroom,Medium
Door lock broken in public restroom at Palayam Junction,Medium
Public toilet not cleaned regularly at Palayam Junction,Medium
Foul smell due to poor maintenance at Nemom Bus Stop public toilet,Medium
Broken flush system in washroom at Palayam Junction,Medium
Foul smell due to poor maintenance at Vellayambalam Public Park public toilet,Medium
No water supply in public toilet at Palayam Junction,Medium
Handwashing facility not working at Attakulangara Market Area washroom,Medium
Damaged wash basin in public restroom at Sreekariyam Market Area,Low
Broken flush system in washroom at Nemom Bus Stop,Medium
Water leakage inside public restroom at Palayam Junction,Low
Damaged wash basin in public restroom at Attakulangara Market Area,Low
Public toilet not cleaned regularly at Manacaud Market Area,Medium
Public toilet not cleaned regularly at Manacaud Market Area,Medium
Overflowing septic tank near Sreekariyam Market Area public washroom,High
Water leakage inside public restroom at Attakulangara Market Area,Low
Lack of cleaning staff at Palayam Junction public toilet,Low
Public washroom closed during operational hours at Karamana Bridge Area,Medium
Lack of cleaning staff at Nemom Bus Stop public toilet,Low
Public washroom closed during operational hours at Vanchiyoor Court Area,Medium
Handwashing facility not working at Kowdiar Junction Area washroom,Medium
Handwashing facility not working at Pattom Ward Bus Stop washroom,Medium
Public washroom closed during operational hours at Karamana Bridge Area,Medium
Improper disposal of sanitary waste at Sreekariyam Market Area toilet,Low
Blocked toilet reported at Karamana Bridge Area public washroom,Medium
No water supply in public toilet at Kazhakkoottam Junction Area,Medium
Water leakage inside public restroom at Sreekariyam Market Area,Low
Door lock broken in public restroom at Palayam Junction,Medium
Broken flush system in washroom at East Fort Area,Medium
Water leakage inside public restroom at Peroorkada Market Area,Low
Public washroom closed during operational hours at Manacaud Market Area,Medium
Public toilet not cleaned regularly at Vanchiyoor Court Area,Medium
Improper disposal of sanitary waste at Peroorkada Market Area toilet,Low
Improper disposal of sanitary waste at Kazhakkoottam Junction Area toilet,Low
Water leakage inside public restroom at Manacaud Market Area,Low
Blocked toilet reported at Kazhakkoottam Junction Area public washroom,Medium
Foul smell due to poor maintenance at Palayam Junction public toilet,Medium
Door lock broken in public restroom at Poojappura Bus Stand,Medium
Water leakage inside public restroom at Karamana Bridge Area,Low
Door lock broken in public restroom at Attakulangara Market Area,Medium
Public washroom closed during operational hours at Peroorkada Market Area,Medium
Damaged wash basin in public restroom at Nemom Bus Stop,Low
Foul smell due to poor maintenance at Attakulangara Market Area public toilet,Medium
Handwashing facility not working at Attakulangara Market Area washroom,Medium
Water leakage inside public restroom at Nemom Bus Stop,Low
No water supply in public toilet at Vanchiyoor Court Area,Medium
Door lock broken in public restroom at Kazhakkoottam Junction Area,Medium
Handwashing facility not working at Attakulangara Market Area washroom,Medium
No water supply in public toilet at Karamana Bridge Area,Medium
No water supply in public toilet at Thampanoor Bus Stand,Medium
No lighting inside public toilet at Palayam Junction,Medium
Blocked toilet reported at Karamana Bridge Area public washroom,Medium
Water leakage inside public restroom at Thampanoor Bus Stand,Low
Overflowing septic tank near Nemom Bus Stop public washroom,High
No water supply in public toilet at Sreekariyam Market Area,Medium
Improper disposal of sanitary waste at Sreekariyam Market Area toilet,Low
Foul smell due to poor maintenance at Manacaud Market Area public toilet,Medium
No water supply in public toilet at Palayam Junction,Medium
No water supply in public toilet at Poojappura Bus Stand,Medium
Water leakage inside public restroom at Vellayambalam Public Park,Low
Unhygienic conditions observed in toilet at Kowdiar Junction Area,Low
No lighting inside public toilet at Palayam Junction,Medium
No water supply in public toilet at Thampanoor Bus Stand,Medium
Water leakage inside public restroom at Peroorkada Market Area,Low
No lighting inside public toilet at East Fort Area,Medium
No water supply in public toilet at Thampanoor Bus Stand,Medium
Door lock broken in public restroom at East Fort Area,Medium
Foul smell due to poor maintenance at Thampanoor Bus Stand public toilet,Medium
Lack of cleaning staff at Palayam Junction public toilet,Low
Damaged wash basin in public restroom at Poojappura Bus Stand,Low
Overflowing septic tank near Kazhakkoottam Junction Area public washroom,High
Lack of cleaning staff at Nemom Bus Stop public toilet,Low
Foul smell due to poor maintenance at East Fort Area public toilet,Medium
Water leakage inside public restroom at Nemom Bus Stop,Low
Improper disposal of sanitary waste at Vellayambalam Public Park toilet,Low
Unhygienic conditions observed in toilet at Kazhakkoottam Junction Area,Low
Door lock broken in public restroom at Karamana Bridge Area,Medium
Handwashing facility not working at Karamana Bridge Area washroom,Medium
Handwashing facility not working at Palayam Junction washroom,Medium
Water leakage inside public restroom at Kowdiar Junction Area,Low
Overflowing septic tank near Poojappura Bus Stand public washroom,High
Overflowing septic tank near Attakulangara Market Area public washroom,High
Door lock broken in public restroom at Palayam Junction,Medium
Damaged wash basin in public restroom at East Fort Area,Low
Broken flush system in washroom at Kazhakkoottam Junction Area,Medium
Blocked toilet reported at Manacaud Market Area public washroom,Medium
Public toilet not cleaned regularly at Poojappura Bus Stand,Medium
No water supply in public toilet at Poojappura Bus Stand,Medium
Damaged wash basin in public restroom at Thampanoor Bus Stand,Low
Water leakage inside public restroom at Pattom Ward Bus Stop,Low
Improper disposal of sanitary waste at Sreekariyam Market Area toilet,Low
Door lock broken in public restroom at Attakulangara Market Area,Medium
Foul smell due to poor maintenance at Attakulangara Market Area public toilet,Medium
Damaged wash basin in public restroom at Pattom Ward Bus Stop,Low
Public washroom closed during operational hours at Peroorkada Market Area,Medium
Blocked toilet reported at Sreekariyam Market Area public washroom,Medium
Broken flush system in washroom at Vellayambalam Public Park,Medium
Handwashing facility not working at Poojappura Bus Stand washroom,Medium
Overflowing septic tank near Pattom Ward Bus Stop public washroom,High
Damaged wash basin in public restroom at Thampanoor Bus Stand,Low
Broken flush system in washroom at Nemom Bus Stop,Medium
Public toilet not cleaned regularly at Vanchiyoor Court Area,Medium
Broken flush system in washroom at Palayam Junction,Medium
Unhygienic conditions observed in toilet at Nemom Bus Stop,Low
Damaged wash basin in public restroom at Poojappura Bus Stand,Low
Handwashing facility not working at Palayam Junction washroom,Medium
Public washroom closed during operational hours at Karamana Bridge Area,Medium
Public washroom closed during operational hours at Attakulangara Market Area,Medium
Handwashing facility not working at Peroorkada Market Area washroom,Medium
Overflowing septic tank near Vellayambalam Public Park public washroom,High
No water supply in public toilet at Kazhakkoottam Junction Area,Medium
No water supply in public toilet at Kowdiar Junction Area,Medium
Broken flush system in washroom at Attakulangara Market Area,Medium
Unhygienic conditions observed in toilet at Pattom Ward Bus Stop,Low
Overflowing septic tank near Attakulangara Market Area public washroom,High
Blocked toilet reported at Kazhakkoottam Junction Area public washroom,Medium
Public washroom closed during operational hours at Attakulangara Market Area,Medium
No lighting inside public toilet at Thampanoor Bus Stand,Medium
Damaged wash basin in public restroom at Vanchiyoor Court Area,Low
Public toilet not cleaned regularly at Vanchiyoor Court Area,Medium
No water supply in public toilet at Thampanoor Bus Stand,Medium
Door lock broken in public restroom at Nemom Bus Stop,Medium
Improper disposal of sanitary waste at Thampanoor Bus Stand toilet,Low
Blocked toilet reported at Palayam Junction public washroom,Medium
Lack of cleaning staff at Karamana Bridge Area public toilet,Low
No lighting inside public toilet at East Fort Area,Medium
Door lock broken in public restroom at Vanchiyoor Court Area,Medium
Door lock broken in public restroom at East Fort Area,Medium
Water leakage inside public restroom at Vanchiyoor Court Area,Low
Damaged wash basin in public restroom at Attakulangara Market Area,Low
No water supply in public toilet at Karamana Bridge Area,Medium
Overflowing septic tank near Vellayambalam Public Park public washroom,High
Unhygienic conditions observed in toilet at Vanchiyoor Court Area,Low
Broken flush system in washroom at Vellayambalam Public Park,Medium
Damaged wash basin in public restroom at Kowdiar Junction Area,Low
Lack of cleaning staff at Pattom Ward Bus Stop public toilet,Low
Lack of cleaning staff at Vellayambalam Public Park public toilet,Low
Overflowing septic tank near Sreekariyam Market Area public washroom,High
Foul smell due to poor maintenance at Vellayambalam Public Park public toilet,Medium
Water leakage inside public restroom at Attakulangara Market Area,Low
Public toilet not cleaned regularly at Karamana Bridge Area,Medium
Overflowing septic tank near Karamana Bridge Area public washroom,High
Unhygienic conditions observed in toilet at Thampanoor Bus Stand,Low
Improper disposal of sanitary waste at Kazhakkoottam Junction Area toilet,Low
Damaged wash basin in public restroom at Manacaud Market Area,Low
Public washroom closed during operational hours at Thampanoor Bus Stand,Medium
Door lock broken in public restroom at Attakulangara Market Area,Medium
No lighting inside public toilet at Manacaud Market Area,Medium
Public washroom closed during operational hours at Kazhakkoottam Junction Area,Medium
Lack of cleaning staff at Pattom Ward Bus Stop public toilet,Low
Unhygienic conditions observed in toilet at Thampanoor Bus Stand,Low
Blocked toilet reported at Kazhakkoottam Junction Area public washroom,Medium
Broken flush system in washroom at Manacaud Market Area,Medium
Handwashing facility not working at Palayam Junction washroom,Medium
Door lock broken in public restroom at Kowdiar Junction Area,Medium
Overflowing septic tank near Kazhakkoottam Junction Area public washroom,High
Public toilet not cleaned regularly at Sreekariyam Market Area,Medium
Foul smell due to poor maintenance at Sreekariyam Market Area public toilet,Medium
Damaged wash basin in public restroom at Kowdiar Junction Area,Low
Lack of cleaning staff at Kazhakkoottam Junction Area public toilet,Low
Lack of cleaning staff at Attakulangara Market Area public toilet,Low
Overflowing septic tank near Thampanoor Bus Stand public washroom,High
Unhygienic conditions observed in toilet at Thampanoor Bus Stand,Low
Public toilet not cleaned regularly at Poojappura Bus Stand,Medium
Overflowing septic tank near Palayam Junction public washroom,High
Water leakage inside public restroom at Palayam Junction,Low
Water leakage inside public restroom at Sreekariyam Market Area,Low
Damaged wash basin in public restroom at Attakulangara Market Area,Low
No water supply in public toilet at Sreekariyam Market Area,Medium
Broken flush system in washroom at Peroorkada Market Area,Medium
Damaged wash basin in public restroom at Pattom Ward Bus Stop,Low
Unhygienic conditions observed in toilet at Attakulangara Market Area,Low
Blocked toilet reported at Nemom Bus Stop public washroom,Medium
Water leakage inside public restroom at Karamana Bridge Area,Low
No lighting inside public toilet at Attakulangara Market Area,Medium
Handwashing facility not working at Manacaud Market Area washroom,Medium
Blocked toilet reported at Manacaud Market Area public washroom,Medium
Handwashing facility not working at East Fort Area washroom,Medium
Lack of cleaning staff at Kazhakkoottam Junction Area public toilet,Low
No lighting inside public toilet at Vanchiyoor Court Area,Medium
Handwashing facility not working at Manacaud Market Area washroom,Medium
Handwashing facility not working at Vanchiyoor Court Area washroom,Medium
Lack of cleaning staff at Sreekariyam Market Area public toilet,Low
Improper disposal of sanitary waste at Kazhakkoottam Junction Area toilet,Low
Foul smell due to poor maintenance at Attakulangara Market Area public toilet,Medium
Broken flush system in washroom at Peroorkada Market Area,Medium
Lack of cleaning staff at Vellayambalam Public Park public toilet,Low
Lack of cleaning staff at Manacaud Market Area public toilet,Low
Blocked toilet reported at Nemom Bus Stop public washroom,Medium
Door lock broken in public restroom at Pattom Ward Bus Stop,Medium
Blocked toilet reported at East Fort Area public washroom,Medium
Handwashing facility not working at Vanchiyoor Court Area washroom,Medium
Public washroom closed during operational hours at Vanchiyoor Court Area,Medium
Foul smell due to poor maintenance at East Fort Area public toilet,Medium
Blocked toilet reported at Attakulangara Market Area public washroom,Medium
Improper disposal of sanitary waste at Sreekariyam Market Area toilet,Low
Public toilet not cleaned regularly at Attakulangara Market Area,Medium
Improper disposal of sanitary waste at East Fort Area toilet,Low
Public toilet not cleaned regularly at Sreekariyam Market Area,Medium
Foul smell due to poor maintenance at Sreekariyam Market Area public toilet,Medium
Public washroom closed during operational hours at Poojappura Bus Stand,Medium
Overflowing septic tank near Manacaud Market Area public washroom,High
No water supply in public toilet at Palayam Junction,Medium
Public washroom closed during operational hours at Thampanoor Bus Stand,Medium
Unhygienic conditions observed in toilet at Attakulangara Market Area,Low
Public toilet not cleaned regularly at East Fort Area,Medium
Handwashing facility not working at Poojappura Bus Stand washroom,Medium
Lack of cleaning staff at Attakulangara Market Area public toilet,Low
Public washroom closed during operational hours at Kowdiar Junction Area,Medium
Foul smell due to poor maintenance at East Fort Area public toilet,Medium
Door lock broken in public restroom at Manacaud Market Area,Medium
Blocked toilet reported at East Fort Area public washroom,Medium
No lighting inside public toilet at Poojappura Bus Stand,Medium
Improper disposal of sanitary waste at Manacaud Market Area toilet,Low
Foul smell due to poor maintenance at Karamana Bridge Area public toilet,Medium
Unhygienic conditions observed in toilet at Vanchiyoor Court Area,Low
Foul smell due to poor maintenance at Vanchiyoor Court Area public toilet,Medium
No lighting inside public toilet at East Fort Area,Medium
No water supply in public toilet at Poojappura Bus Stand,Medium
Water leakage inside public restroom at Nemom Bus Stop,Low
Blocked toilet reported at Kazhakkoottam Junction Area public washroom,Medium
No water supply in public toilet at Attakulangara Market Area,Medium
Public toilet not cleaned regularly at Thampanoor Bus Stand,Medium
Public toilet not cleaned regularly at Peroorkada Market Area,Medium
No water supply in public toilet at Pattom Ward Bus Stop,Medium
No lighting inside public toilet at East Fort Area,Medium
Overflowing septic tank near Peroorkada Market Area public washroom,High
Lack of cleaning staff at Vanchiyoor Court Area public toilet,Low
Public washroom closed during operational hours at Kowdiar Junction Area,Medium
Lack of cleaning staff at Attakulangara Market Area public toilet,Low
Water leakage inside public restroom at Kazhakkoottam Junction Area,Low
Broken flush system in washroom at Palayam Junction,Medium
No lighting inside public toilet at Thampanoor Bus Stand,Medium
Lack of cleaning staff at Vellayambalam Public Park public toilet,Low
Overflowing septic tank near Sreekariyam Market Area public washroom,High
Lack of cleaning staff at East Fort Area public toilet,Low
Blocked toilet reported at Nemom Bus Stop public washroom,Medium
Public washroom closed during operational hours at Kowdiar Junction Area,Medium
Improper disposal of sanitary waste at Peroorkada Market Area toilet,Low
Water leakage inside public restroom at East Fort Area,Low
No water supply in public toilet at Nemom Bus Stop,Medium
Public toilet not cleaned regularly at Thampanoor Bus Stand,Medium
Improper disposal of sanitary waste at Kazhakkoottam Junction Area toilet,Low
Broken flush system in washroom at Vanchiyoor Court Area,Medium
No water supply in public toilet at Nemom Bus Stop,Medium
Blocked toilet reported at Poojappura Bus Stand public washroom,Medium
No water supply in public toilet at Poojappura Bus Stand,Medium
No water supply in public toilet at Attakulangara Market Area,Medium
Handwashing facility not working at Vellayambalam Public Park washroom,Medium
Foul smell due to poor maintenance at Vanchiyoor Court Area public toilet,Medium
Improper disposal of sanitary waste at East Fort Area toilet,Low
Water leakage inside public restroom at Kazhakkoottam Junction Area,Low
No water supply in public toilet at East Fort Area,Medium
Damaged road divider affecting traffic flow at Nemom Ward,Medium
Road shoulder erosion reported at Manacaud Area,Medium
Uneven road surface affecting two-wheelers at Kazhakkoottam Junction,Low
Uneven road surface affecting two-wheelers at Thampanoor Junction,Low
Damaged road divider affecting traffic flow at Thampanoor Junction,Medium
Loose gravel spread across road at Sreekariyam Area,Medium
Waterlogging on road at Kowdiar Junction after rainfall,Medium
Heavy dust due to damaged road surface at Peroorkada Junction,Medium
Road cave-in noticed at Pattom Ward posing safety hazard,Critical
Large pothole reported at Peroorkada Junction causing vehicle damage,Medium
Uneven road surface affecting two-wheelers at Palayam Area,Low
Road surface damaged after rain at Vellayambalam Ward,Medium
Uneven road surface affecting two-wheelers at Manacaud Area,Low
Damaged road divider affecting traffic flow at Vellayambalam Ward,Medium
Road shoulder erosion reported at East Fort Junction,Medium
Waterlogging on road at Kowdiar Junction after rainfall,Medium
Road cave-in noticed at Peroorkada Junction posing safety hazard,Critical
Drainage blockage causing road flooding at Peroorkada Junction,High
Broken speed breaker causing inconvenience at Sreekariyam Area,Medium
Road surface damaged after rain at Nemom Ward,Medium
Road surface damaged after rain at East Fort Junction,Medium
Drainage blockage causing road flooding at Palayam Area,High
Road surface damaged after rain at Vellayambalam Ward,Medium
Faded road markings creating confusion at Kowdiar Junction junction,Low
Road cave-in noticed at Kazhakkoottam Junction posing safety hazard,Critical
Uneven road surface affecting two-wheelers at East Fort Junction,Low
Road shoulder erosion reported at Attakulangara Market Area,Medium
Damaged road divider affecting traffic flow at Sreekariyam Area,Medium
Faded road markings creating confusion at Kazhakkoottam Junction junction,Low
Road surface damaged after rain at Poojappura Road,Medium
Frequent accidents reported due to poor road condition at Palayam Area,Low
Road shoulder erosion reported at Karamana Bridge Area,Medium
Faded road markings creating confusion at Manacaud Area junction,Low
Heavy dust due to damaged road surface at Kowdiar Junction,Medium
Road surface damaged after rain at Poojappura Road,Medium
Heavy dust due to damaged road surface at Thampanoor Junction,Medium
Large pothole reported at Manacaud Area causing vehicle damage,Medium
Road shoulder erosion reported at Kowdiar Junction,Medium
Uneven road surface affecting two-wheelers at Peroorkada Junction,Low
Severe road cracks observed at Sreekariyam Area requiring urgent repair,Low
Faded road markings creating confusion at Attakulangara Market Area junction,Low
Loose gravel spread across road at Peroorkada Junction,Medium
Damaged road divider affecting traffic flow at Manacaud Area,Medium
Road shoulder erosion reported at Vanchiyoor Ward,Medium
Heavy dust due to damaged road surface at Karamana Bridge Area,Medium
Improper patchwork repair noticed at Vanchiyoor Ward,Low
Improper patchwork repair noticed at Palayam Area,Low
Large pothole reported at Peroorkada Junction causing vehicle damage,Medium
Waterlogging on road at Poojappura Road after rainfall,Medium
Large pothole reported at Nemom Ward causing vehicle damage,Medium
Improper patchwork repair noticed at Kowdiar Junction,Low
Loose gravel spread across road at Attakulangara Market Area,Medium
Large pothole reported at Kazhakkoottam Junction causing vehicle damage,Medium
Road shoulder erosion reported at Thampanoor Junction,Medium
Damaged road divider affecting traffic flow at Peroorkada Junction,Medium
Drainage blockage causing road flooding at Manacaud Area,High
Large pothole reported at Poojappura Road causing vehicle damage,Medium
Road shoulder erosion reported at Kazhakkoottam Junction,Medium
Broken speed breaker causing inconvenience at Poojappura Road,Medium
Loose gravel spread across road at Kowdiar Junction,Medium
Uneven road surface affecting two-wheelers at Kazhakkoottam Junction,Low
Improper patchwork repair noticed at Pattom Ward,Low
Road cave-in noticed at Kazhakkoottam Junction posing safety hazard,Critical
Frequent accidents reported due to poor road condition at Kowdiar Junction,Low
Road surface damaged after rain at Kowdiar Junction,Medium
Damaged road divider affecting traffic flow at Karamana Bridge Area,Medium
Waterlogging on road at East Fort Junction after rainfall,Medium
Heavy dust due to damaged road surface at Pattom Ward,Medium
Waterlogging on road at Vanchiyoor Ward after rainfall,Medium
Road cave-in noticed at Peroorkada Junction posing safety hazard,Critical
Road shoulder erosion reported at Pattom Ward,Medium
Faded road markings creating confusion at East Fort Junction junction,Low
Severe road cracks observed at Manacaud Area requiring urgent repair,Low
Faded road markings creating confusion at Pattom Ward junction,Low
Road surface damaged after rain at Peroorkada Junction,Medium
Road shoulder erosion reported at Nemom Ward,Medium
Road surface damaged after rain at Vanchiyoor Ward,Medium
Road shoulder erosion reported at Kowdiar Junction,Medium
Improper patchwork repair noticed at Kowdiar Junction,Low
Faded road markings creating confusion at Thampanoor Junction junction,Low
Uneven road surface affecting two-wheelers at East Fort Junction,Low
Loose gravel spread across road at Kowdiar Junction,Medium
Broken speed breaker causing inconvenience at Poojappura Road,Medium
Large pothole reported at Poojappura Road causing vehicle damage,Medium
Improper patchwork repair noticed at Kowdiar Junction,Low
Drainage blockage causing road flooding at Vellayambalam Ward,High
Damaged road divider affecting traffic flow at Karamana Bridge Area,Medium
Road surface damaged after rain at East Fort Junction,Medium
Faded road markings creating confusion at Peroorkada Junction junction,Low
Road cave-in noticed at Karamana Bridge Area posing safety hazard,Critical
Improper patchwork repair noticed at Thampanoor Junction,Low
Heavy dust due to damaged road surface at Vanchiyoor Ward,Medium
Improper patchwork repair noticed at Peroorkada Junction,Low
Road cave-in noticed at Thampanoor Junction posing safety hazard,Critical
Faded road markings creating confusion at Kowdiar Junction junction,Low
Heavy dust due to damaged road surface at Kazhakkoottam Junction,Medium
Loose gravel spread across road at East Fort Junction,Medium
Loose gravel spread across road at Manacaud Area,Medium
Large pothole reported at Pattom Ward causing vehicle damage,Medium
Waterlogging on road at East Fort Junction after rainfall,Medium
Drainage blockage causing road flooding at Vanchiyoor Ward,High
Road shoulder erosion reported at Attakulangara Market Area,Medium
Road surface damaged after rain at Palayam Area,Medium
Broken speed breaker causing inconvenience at Sreekariyam Area,Medium
Damaged road divider affecting traffic flow at Sreekariyam Area,Medium
Damaged road divider affecting traffic flow at Attakulangara Market Area,Medium
Loose gravel spread across road at Kazhakkoottam Junction,Medium
Severe road cracks observed at Sreekariyam Area requiring urgent repair,Low
Severe road cracks observed at Poojappura Road requiring urgent repair,Low
Loose gravel spread across road at Peroorkada Junction,Medium
Frequent accidents reported due to poor road condition at Attakulangara Market Area,Low
Improper patchwork repair noticed at Manacaud Area,Low
Broken speed breaker causing inconvenience at Kowdiar Junction,Medium
Large pothole reported at Poojappura Road causing vehicle damage,Medium
Damaged road divider affecting traffic flow at Thampanoor Junction,Medium
Severe road cracks observed at Vanchiyoor Ward requiring urgent repair,Low
Large pothole reported at Poojappura Road causing vehicle damage,Medium
Road cave-in noticed at Manacaud Area posing safety hazard,Critical
Faded road markings creating confusion at Nemom Ward junction,Low
Improper patchwork repair noticed at Pattom Ward,Low
Road surface damaged after rain at Palayam Area,Medium
Loose gravel spread across road at Thampanoor Junction,Medium
Road surface damaged after rain at Vanchiyoor Ward,Medium
Improper patchwork repair noticed at Sreekariyam Area,Low
Drainage blockage causing road flooding at Karamana Bridge Area,High
Drainage blockage causing road flooding at Kowdiar Junction,High
Heavy dust due to damaged road surface at Pattom Ward,Medium
Heavy dust due to damaged road surface at Vellayambalam Ward,Medium
Drainage blockage causing road flooding at Peroorkada Junction,High
Faded road markings creating confusion at Kowdiar Junction junction,Low
Drainage blockage causing road flooding at Manacaud Area,High
Loose gravel spread across road at Nemom Ward,Medium
Uneven road surface affecting two-wheelers at East Fort Junction,Low
Road cave-in noticed at Kowdiar Junction posing safety hazard,Critical
Road shoulder erosion reported at Palayam Area,Medium
Improper patchwork repair noticed at Pattom Ward,Low
Drainage blockage causing road flooding at Nemom Ward,High
Damaged road divider affecting traffic flow at Poojappura Road,Medium
Improper patchwork repair noticed at Kowdiar Junction,Low
Waterlogging on road at Peroorkada Junction after rainfall,Medium
Drainage blockage causing road flooding at Karamana Bridge Area,High
Road surface damaged after rain at Vanchiyoor Ward,Medium
Large pothole reported at Sreekariyam Area causing vehicle damage,Medium
Road surface damaged after rain at Thampanoor Junction,Medium
Road shoulder erosion reported at Thampanoor Junction,Medium
Road surface damaged after rain at Vanchiyoor Ward,Medium
Drainage blockage causing road flooding at Manacaud Area,High
Severe road cracks observed at Nemom Ward requiring urgent repair,Low
Uneven road surface affecting two-wheelers at Palayam Area,Low
Large pothole reported at Manacaud Area causing vehicle damage,Medium
Drainage blockage causing road flooding at Kowdiar Junction,High
Broken speed breaker causing inconvenience at Vellayambalam Ward,Medium
Faded road markings creating confusion at Poojappura Road junction,Low
Heavy dust due to damaged road surface at East Fort Junction,Medium
Uneven road surface affecting two-wheelers at Kazhakkoottam Junction,Low
Uneven road surface affecting two-wheelers at Peroorkada Junction,Low
Uneven road surface affecting two-wheelers at Kowdiar Junction,Low
Large pothole reported at Kowdiar Junction causing vehicle damage,Medium
Large pothole reported at Sreekariyam Area causing vehicle damage,Medium
Road cave-in noticed at Palayam Area posing safety hazard,Critical
Road cave-in noticed at Peroorkada Junction posing safety hazard,Critical
Waterlogging on road at Vellayambalam Ward after rainfall,Medium
Improper patchwork repair noticed at Palayam Area,Low
Waterlogging on road at Kazhakkoottam Junction after rainfall,Medium
Heavy dust due to damaged road surface at Nemom Ward,Medium
Waterlogging on road at Pattom Ward after rainfall,Medium
Severe road cracks observed at Attakulangara Market Area requiring urgent repair,Low
Road cave-in noticed at East Fort Junction posing safety hazard,Critical
Road shoulder erosion reported at Poojappura Road,Medium
Large pothole reported at Thampanoor Junction causing vehicle damage,Medium
Road surface damaged after rain at East Fort Junction,Medium
Broken speed breaker causing inconvenience at Peroorkada Junction,Medium
Road surface damaged after rain at Attakulangara Market Area,Medium
Road shoulder erosion reported at Kowdiar Junction,Medium
Severe road cracks observed at Vanchiyoor Ward requiring urgent repair,Low
Improper patchwork repair noticed at Karamana Bridge Area,Low
Uneven road surface affecting two-wheelers at Thampanoor Junction,Low
Road cave-in noticed at Manacaud Area posing safety hazard,Critical
Damaged road divider affecting traffic flow at Kowdiar Junction,Medium
Loose gravel spread across road at East Fort Junction,Medium
Faded road markings creating confusion at Kazhakkoottam Junction junction,Low
Waterlogging on road at Vanchiyoor Ward after rainfall,Medium
Severe road cracks observed at Attakulangara Market Area requiring urgent repair,Low
Severe road cracks observed at Manacaud Area requiring urgent repair,Low
Severe road cracks observed at Vanchiyoor Ward requiring urgent repair,Low
Frequent accidents reported due to poor road condition at Vellayambalam Ward,Low
Loose gravel spread across road at Vellayambalam Ward,Medium
Damaged road divider affecting traffic flow at Vanchiyoor Ward,Medium
Road shoulder erosion reported at Attakulangara Market Area,Medium
Road surface damaged after rain at Pattom Ward,Medium
Road cave-in noticed at Sreekariyam Area posing safety hazard,Critical
Loose gravel spread across road at Attakulangara Market Area,Medium
Road surface damaged after rain at Vellayambalam Ward,Medium
Faded road markings creating confusion at Attakulangara Market Area junction,Low
Frequent accidents reported due to poor road condition at Kowdiar Junction,Low
Broken speed breaker causing inconvenience at Vellayambalam Ward,Medium
Road surface damaged after rain at East Fort Junction,Medium
Road surface damaged after rain at Sreekariyam Area,Medium
Damaged road divider affecting traffic flow at Peroorkada Junction,Medium
Damaged road divider affecting traffic flow at East Fort Junction,Medium
Frequent accidents reported due to poor road condition at Kowdiar Junction,Low
Drainage blockage causing road flooding at Sreekariyam Area,High
Severe road cracks observed at Kowdiar Junction requiring urgent repair,Low
Severe road cracks observed at Sreekariyam Area requiring urgent repair,Low
Improper patchwork repair noticed at Kazhakkoottam Junction,Low
Frequent accidents reported due to poor road condition at Thampanoor Junction,Low
Faded road markings creating confusion at East Fort Junction junction,Low
Severe road cracks observed at Manacaud Area requiring urgent repair,Low
Large pothole reported at Kazhakkoottam Junction causing vehicle damage,Medium
Loose gravel spread across road at Karamana Bridge Area,Medium
Frequent accidents reported due to poor road condition at Karamana Bridge Area,Low
Large pothole reported at Nemom Ward causing vehicle damage,Medium
Broken speed breaker causing inconvenience at Attakulangara Market Area,Medium
Road surface damaged after rain at Peroorkada Junction,Medium
Improper patchwork repair noticed at Vellayambalam Ward,Low
Broken speed breaker causing inconvenience at Kazhakkoottam Junction,Medium
Large pothole reported at Nemom Ward causing vehicle damage,Medium
Faded road markings creating confusion at Manacaud Area junction,Low
Heavy dust due to damaged road surface at Attakulangara Market Area,Medium
Road surface damaged after rain at Attakulangara Market Area,Medium
Drainage blockage causing road flooding at Attakulangara Market Area,High
Uneven road surface affecting two-wheelers at Thampanoor Junction,Low
Road shoulder erosion reported at Vanchiyoor Ward,Medium
Uneven road surface affecting two-wheelers at Thampanoor Junction,Low
Road shoulder erosion reported at East Fort Junction,Medium
Road shoulder erosion reported at Kowdiar Junction,Medium
Uneven road surface affecting two-wheelers at Attakulangara Market Area,Low
Faded road markings creating confusion at Poojappura Road junction,Low
Broken speed breaker causing inconvenience at Pattom Ward,Medium
Improper patchwork repair noticed at East Fort Junction,Low
Uneven road surface affecting two-wheelers at Palayam Area,Low
Loose gravel spread across road at Kazhakkoottam Junction,Medium
Heavy dust due to damaged road surface at Manacaud Area,Medium
Road shoulder erosion reported at Pattom Ward,Medium
Drainage blockage causing road flooding at Poojappura Road,High
Uneven road surface affecting two-wheelers at Peroorkada Junction,Low
Uneven road surface affecting two-wheelers at Vanchiyoor Ward,Low
Road cave-in noticed at Sreekariyam Area posing safety hazard,Critical
Road surface damaged after rain at Vellayambalam Ward,Medium
Waterlogging on road at Pattom Ward after rainfall,Medium
Frequent accidents reported due to poor road condition at Palayam Area,Low
Frequent accidents reported due to poor road condition at Vanchiyoor Ward,Low
Drainage blockage causing road flooding at Manacaud Area,High
Large pothole reported at Peroorkada Junction causing vehicle damage,Medium
Faded road markings creating confusion at East Fort Junction junction,Low
Severe road cracks observed at Karamana Bridge Area requiring urgent repair,Low
Large pothole reported at Thampanoor Junction causing vehicle damage,Medium
Damaged road divider affecting traffic flow at Manacaud Area,Medium
Road shoulder erosion reported at Peroorkada Junction,Medium
Uneven road surface affecting two-wheelers at Thampanoor Junction,Low
Faded road markings creating confusion at Manacaud Area junction,Low
Frequent accidents reported due to poor road condition at Vanchiyoor Ward,Low
Broken speed breaker causing inconvenience at Palayam Area,Medium
Large pothole reported at Nemom Ward causing vehicle damage,Medium
Road cave-in noticed at East Fort Junction posing safety hazard,Critical
Damaged road divider affecting traffic flow at Kazhakkoottam Junction,Medium
Severe road cracks observed at Manacaud Area requiring urgent repair,Low
Waterlogging on road at Vanchiyoor Ward after rainfall,Medium
Loose gravel spread across road at Karamana Bridge Area,Medium
Severe road cracks observed at Pattom Ward requiring urgent repair,Low
Road shoulder erosion reported at Thampanoor Junction,Medium
Broken speed breaker causing inconvenience at Thampanoor Junction,Medium
Faded road markings creating confusion at East Fort Junction junction,Low
Improper patchwork repair noticed at Kazhakkoottam Junction,Low
Waterlogging on road at Nemom Ward after rainfall,Medium
Loose gravel spread across road at Nemom Ward,Medium
Large pothole reported at Poojappura Road causing vehicle damage,Medium
Road cave-in noticed at Peroorkada Junction posing safety hazard,Critical
Road surface damaged after rain at Peroorkada Junction,Medium
Faded road markings creating confusion at Sreekariyam Area junction,Low
Road cave-in noticed at Karamana Bridge Area posing safety hazard,Critical
Large pothole reported at Vellayambalam Ward causing vehicle damage,Medium
Large pothole reported at Kazhakkoottam Junction causing vehicle damage,Medium
Drainage blockage causing road flooding at Thampanoor Junction,High
Broken speed breaker causing inconvenience at Nemom Ward,Medium
Broken speed breaker causing inconvenience at Manacaud Area,Medium
Waterlogging on road at Pattom Ward after rainfall,Medium
Uneven road surface affecting two-wheelers at Attakulangara Market Area,Low
Broken speed breaker causing inconvenience at Sreekariyam Area,Medium
Broken speed breaker causing inconvenience at Manacaud Area,Medium
Large pothole reported at Sreekariyam Area causing vehicle damage,Medium
Damaged road divider affecting traffic flow at Vanchiyoor Ward,Medium
Road cave-in noticed at Sreekariyam Area posing safety hazard,Critical
Road shoulder erosion reported at Peroorkada Junction,Medium
Damaged road divider affecting traffic flow at Karamana Bridge Area,Medium
Severe road cracks observed at Thampanoor Junction requiring urgent repair,Low
Severe road cracks observed at Palayam Area requiring urgent repair,Low
Loose gravel spread across road at Peroorkada Junction,Medium
Road surface damaged after rain at Peroorkada Junction,Medium
Road surface damaged after rain at Pattom Ward,Medium
Large pothole reported at Vellayambalam Ward causing vehicle damage,Medium
Large pothole reported at Vanchiyoor Ward causing vehicle damage,Medium
Road surface damaged after rain at Attakulangara Market Area,Medium
Drainage blockage causing road flooding at Nemom Ward,High
Uneven road surface affecting two-wheelers at Kowdiar Junction,Low
Drainage blockage causing road flooding at Kazhakkoottam Junction,High
Road cave-in noticed at Thampanoor Junction posing safety hazard,Critical
Road surface damaged after rain at Pattom Ward,Medium
Drainage blockage causing road flooding at Nemom Ward,High
Road shoulder erosion reported at Pattom Ward,Medium
Uneven road surface affecting two-wheelers at Attakulangara Market Area,Low
Damaged road divider affecting traffic flow at Peroorkada Junction,Medium
Improper patchwork repair noticed at Karamana Bridge Area,Low
Uneven road surface affecting two-wheelers at Poojappura Road,Low
Broken speed breaker causing inconvenience at Manacaud Area,Medium
Road shoulder erosion reported at Manacaud Area,Medium
Heavy dust due to damaged road surface at Manacaud Area,Medium
Road cave-in noticed at Karamana Bridge Area posing safety hazard,Critical
Loose gravel spread across road at Attakulangara Market Area,Medium
Large pothole reported at Manacaud Area causing vehicle damage,Medium
Road surface damaged after rain at Karamana Bridge Area,Medium
Severe road cracks observed at Manacaud Area requiring urgent repair,Low
Severe road cracks observed at Poojappura Road requiring urgent repair,Low
Road cave-in noticed at Pattom Ward posing safety hazard,Critical
Frequent accidents reported due to poor road condition at Vellayambalam Ward,Low
Waterlogging on road at Sreekariyam Area after rainfall,Medium
Drainage blockage causing road flooding at Nemom Ward,High
Broken speed breaker causing inconvenience at Attakulangara Market Area,Medium
Broken speed breaker causing inconvenience at Attakulangara Market Area,Medium
Road shoulder erosion reported at Kowdiar Junction,Medium
Loose gravel spread across road at Kowdiar Junction,Medium
Waterlogging on road at Pattom Ward after rainfall,Medium
Road cave-in noticed at Poojappura Road posing safety hazard,Critical
Improper patchwork repair noticed at Kowdiar Junction,Low
Faded road markings creating confusion at Vellayambalam Ward junction,Low
Road cave-in noticed at East Fort Junction posing safety hazard,Critical
Loose gravel spread across road at Sreekariyam Area,Medium
Damaged road divider affecting traffic flow at Vanchiyoor Ward,Medium
Road shoulder erosion reported at Sreekariyam Area,Medium
Faded road markings creating confusion at Poojappura Road junction,Low
Frequent accidents reported due to poor road condition at Nemom Ward,Low
Faded road markings creating confusion at Vellayambalam Ward junction,Low
Damaged road divider affecting traffic flow at Kowdiar Junction,Medium
Severe road cracks observed at Vellayambalam Ward requiring urgent repair,Low
Loose gravel spread across road at Thampanoor Junction,Medium
Heavy dust due to damaged road surface at Pattom Ward,Medium
Loose gravel spread across road at Kazhakkoottam Junction,Medium
Improper patchwork repair noticed at Vellayambalam Ward,Low
Waterlogging on road at Kowdiar Junction after rainfall,Medium
Improper patchwork repair noticed at Nemom Ward,Low
Frequent accidents reported due to poor road condition at Peroorkada Junction,Low
Improper patchwork repair noticed at Manacaud Area,Low
Frequent accidents reported due to poor road condition at Manacaud Area,Low
Road surface damaged after rain at Karamana Bridge Area,Medium
Broken speed breaker causing inconvenience at Peroorkada Junction,Medium
Uneven road surface affecting two-wheelers at Kazhakkoottam Junction,Low
Road surface damaged after rain at Poojappura Road,Medium
Broken speed breaker causing inconvenience at Pattom Ward,Medium
Waterlogging on road at Attakulangara Market Area after rainfall,Medium
Drainage blockage causing road flooding at Manacaud Area,High
Broken speed breaker causing inconvenience at Vellayambalam Ward,Medium
Broken speed breaker causing inconvenience at Thampanoor Junction,Medium
Drainage blockage causing road flooding at Attakulangara Market Area,High
Broken speed breaker causing inconvenience at Manacaud Area,Medium
Road shoulder erosion reported at Peroorkada Junction,Medium
Uneven road surface affecting two-wheelers at Thampanoor Junction,Low
Faded road markings creating confusion at Nemom Ward junction,Low
Road surface damaged after rain at Vellayambalam Ward,Medium
Damaged road divider affecting traffic flow at Thampanoor Junction,Medium
Road surface damaged after rain at Vanchiyoor Ward,Medium
Large pothole reported at Vanchiyoor Ward causing vehicle damage,Medium
Road surface damaged after rain at Kowdiar Junction,Medium
Uneven road surface affecting two-wheelers at Sreekariyam Area,Low
Loose gravel spread across road at Sreekariyam Area,Medium
Damaged road divider affecting traffic flow at Thampanoor Junction,Medium
Faded road markings creating confusion at Sreekariyam Area junction,Low
Frequent accidents reported due to poor road condition at Pattom Ward,Low
Broken speed breaker causing inconvenience at Thampanoor Junction,Medium
Faded road markings creating confusion at Manacaud Area junction,Low
Road shoulder erosion reported at Attakulangara Market Area,Medium
Uneven road surface affecting two-wheelers at Poojappura Road,Low
Severe road cracks observed at Manacaud Area requiring urgent repair,Low
Broken speed breaker causing inconvenience at Vanchiyoor Ward,Medium
Drainage blockage causing road flooding at Sreekariyam Area,High
Road cave-in noticed at Kazhakkoottam Junction posing safety hazard,Critical
Broken speed breaker causing inconvenience at Vellayambalam Ward,Medium
Improper patchwork repair noticed at Kazhakkoottam Junction,Low
Waterlogging on road at Kazhakkoottam Junction after rainfall,Medium
Severe road cracks observed at Nemom Ward requiring urgent repair,Low
Heavy dust due to damaged road surface at Karamana Bridge Area,Medium
Severe road cracks observed at Peroorkada Junction requiring urgent repair,Low
Uneven road surface affecting two-wheelers at Thampanoor Junction,Low
Loose gravel spread across road at Vanchiyoor Ward,Medium
Drainage blockage causing road flooding at Nemom Ward,High
Road surface damaged after rain at Kowdiar Junction,Medium
Road shoulder erosion reported at Pattom Ward,Medium
Improper patchwork repair noticed at Kazhakkoottam Junction,Low
Severe road cracks observed at Karamana Bridge Area requiring urgent repair,Low
Improper patchwork repair noticed at Kowdiar Junction,Low
Severe road cracks observed at Attakulangara Market Area requiring urgent repair,Low
Severe road cracks observed at Sreekariyam Area requiring urgent repair,Low
Uneven road surface affecting two-wheelers at Kowdiar Junction,Low
Drainage blockage causing road flooding at Vanchiyoor Ward,High
Road cave-in noticed at Attakulangara Market Area posing safety hazard,Critical
Uneven road surface affecting two-wheelers at Sreekariyam Area,Low
Frequent accidents reported due to poor road condition at Karamana Bridge Area,Low
Faded road markings creating confusion at Sreekariyam Area junction,Low
Road cave-in noticed at Kowdiar Junction posing safety hazard,Critical
Waterlogging on road at Palayam Area after rainfall,Medium
Loose gravel spread across road at Attakulangara Market Area,Medium
Large pothole reported at Thampanoor Junction causing vehicle damage,Medium
Drainage blockage causing road flooding at Thampanoor Junction,High
Road cave-in noticed at Peroorkada Junction posing safety hazard,Critical
Damaged road divider affecting traffic flow at Peroorkada Junction,Medium
Loose gravel spread across road at Karamana Bridge Area,Medium
Road shoulder erosion reported at Kowdiar Junction,Medium
Loose gravel spread across road at Attakulangara Market Area,Medium
Improper patchwork repair noticed at Nemom Ward,Low
Loose gravel spread across road at Vanchiyoor Ward,Medium
Uneven road surface affecting two-wheelers at Poojappura Road,Low
Faded road markings creating confusion at Kowdiar Junction junction,Low
Large pothole reported at Attakulangara Market Area causing vehicle damage,Medium
Broken speed breaker causing inconvenience at Palayam Area,Medium
Road shoulder erosion reported at Kowdiar Junction,Medium
Road cave-in noticed at Attakulangara Market Area posing safety hazard,Critical
Waterlogging on road at Peroorkada Junction after rainfall,Medium
Severe road cracks observed at Manacaud Area requiring urgent repair,Low
Improper patchwork repair noticed at Vanchiyoor Ward,Low
Road shoulder erosion reported at Pattom Ward,Medium
Uneven road surface affecting two-wheelers at Vellayambalam Ward,Low
Improper patchwork repair noticed at Kowdiar Junction,Low
Large pothole reported at Pattom Ward causing vehicle damage,Medium
Road cave-in noticed at Vanchiyoor Ward posing safety hazard,Critical
Uneven road surface affecting two-wheelers at Karamana Bridge Area,Low
Drainage blockage causing road flooding at Pattom Ward,High
Severe road cracks observed at Pattom Ward requiring urgent repair,Low
Road cave-in noticed at Karamana Bridge Area posing safety hazard,Critical
Large pothole reported at Peroorkada Junction causing vehicle damage,Medium
Frequent accidents reported due to poor road condition at Manacaud Area,Low
Drainage blockage causing road flooding at Palayam Area,High
Improper patchwork repair noticed at Vellayambalam Ward,Low
Road surface damaged after rain at Kazhakkoottam Junction,Medium
Loose gravel spread across road at Thampanoor Junction,Medium
Improper patchwork repair noticed at Nemom Ward,Low
Drainage blockage causing road flooding at Manacaud Area,High
Damaged road divider affecting traffic flow at Nemom Ward,Medium
Frequent accidents reported due to poor road condition at Kazhakkoottam Junction,Low
Frequent accidents reported due to poor road condition at Poojappura Road,Low
Loose gravel spread across road at Vanchiyoor Ward,Medium
Road shoulder erosion reported at Sreekariyam Area,Medium
Waterlogging on road at Attakulangara Market Area after rainfall,Medium
Loose gravel spread across road at Sreekariyam Area,Medium
Broken speed breaker causing inconvenience at Vanchiyoor Ward,Medium
Damaged road divider affecting traffic flow at East Fort Junction,Medium
Frequent accidents reported due to poor road condition at Palayam Area,Low
Broken speed breaker causing inconvenience at Kowdiar Junction,Medium
Loose gravel spread across road at Thampanoor Junction,Medium
Improper patchwork repair noticed at Sreekariyam Area,Low
Road surface damaged after rain at Manacaud Area,Medium
Improper patchwork repair noticed at Poojappura Road,Low
Damaged road divider affecting traffic flow at Pattom Ward,Medium
Heavy dust due to damaged road surface at Vanchiyoor Ward,Medium
Frequent accidents reported due to poor road condition at Manacaud Area,Low
Severe road cracks observed at Vellayambalam Ward requiring urgent repair,Low
Drainage blockage causing road flooding at Peroorkada Junction,High
Frequent accidents reported due to poor road condition at Nemom Ward,Low
Road surface damaged after rain at Pattom Ward,Medium
Heavy dust due to damaged road surface at East Fort Junction,Medium
Road surface damaged after rain at Karamana Bridge Area,Medium
Drainage blockage causing road flooding at Vanchiyoor Ward,High
Faded road markings creating confusion at Sreekariyam Area junction,Low
Uneven road surface affecting two-wheelers at Thampanoor Junction,Low
Uneven road surface affecting two-wheelers at Poojappura Road,Low
Heavy dust due to damaged road surface at Poojappura Road,Medium
Frequent accidents reported due to poor road condition at Sreekariyam Area,Low
Loose gravel spread across road at Palayam Area,Medium
Road shoulder erosion reported at East Fort Junction,Medium
Drainage blockage causing road flooding at Vellayambalam Ward,High
Drainage blockage causing road flooding at Peroorkada Junction,High
Improper patchwork repair noticed at Nemom Ward,Low
Road surface damaged after rain at Kowdiar Junction,Medium
Loose gravel spread across road at Vellayambalam Ward,Medium
Drainage blockage causing road flooding at East Fort Junction,High
Improper patchwork repair noticed at Nemom Ward,Low
Broken speed breaker causing inconvenience at Kazhakkoottam Junction,Medium
Road cave-in noticed at Karamana Bridge Area posing safety hazard,Critical
Improper patchwork repair noticed at Kazhakkoottam Junction,Low
Broken speed breaker causing inconvenience at Thampanoor Junction,Medium
Severe road cracks observed at Karamana Bridge Area requiring urgent repair,Low
Frequent accidents reported due to poor road condition at Sreekariyam Area,Low
Improper patchwork repair noticed at Manacaud Area,Low
Drainage blockage causing road flooding at Palayam Area,High
Road cave-in noticed at Peroorkada Junction posing safety hazard,Critical
Severe road cracks observed at Sreekariyam Area requiring urgent repair,Low
Damaged road divider affecting traffic flow at Nemom Ward,Medium
Road surface damaged after rain at Kazhakkoottam Junction,Medium
Improper patchwork repair noticed at Nemom Ward,Low
Road shoulder erosion reported at Sreekariyam Area,Medium
Loose gravel spread across road at Poojappura Road,Medium
Frequent accidents reported due to poor road condition at Vellayambalam Ward,Low
Road shoulder erosion reported at Kazhakkoottam Junction,Medium
Severe road cracks observed at Attakulangara Market Area requiring urgent repair,Low
Damaged road divider affecting traffic flow at Peroorkada Junction,Medium
Broken speed breaker causing inconvenience at Sreekariyam Area,Medium
Loose gravel spread across road at Poojappura Road,Medium
Faded road markings creating confusion at Vellayambalam Ward junction,Low
Damaged road divider affecting traffic flow at East Fort Junction,Medium
Faded road markings creating confusion at Attakulangara Market Area junction,Low
Loose gravel spread across road at Attakulangara Market Area,Medium
Improper patchwork repair noticed at Sreekariyam Area,Low
Food waste accumulation attracting stray animals at Poojappura Road,Low
Waste burning observed causing air pollution at Thampanoor Junction,Low
Waste collection vehicle not covering Manacaud Area regularly,Medium
Biomedical waste mixed with household waste at Pattom Ward,High
Waste burning observed causing air pollution at Thampanoor Junction,Low
Biomedical waste mixed with household waste at Kazhakkoottam Junction,High
Garbage spill from collection truck at Kazhakkoottam Junction,Low
Public complaints about irregular waste pickup at Poojappura Road,Low
Dead animal not removed from Thampanoor Junction locality,Medium
Blocked drain due to solid waste at Vanchiyoor Ward,Medium
Illegal dumping of garbage noticed at Palayam Area,Medium
Garbage spill from collection truck at Vellayambalam Ward,Low
Waste burning observed causing air pollution at East Fort Junction,Low
Blocked drain due to solid waste at Sreekariyam Area,Medium
Dead animal not removed from Sreekariyam Area locality,Medium
Biomedical waste mixed with household waste at Thampanoor Junction,High
Garbage spill from collection truck at Peroorkada Junction,Low
Blocked drain due to solid waste at Palayam Area,Medium
Illegal dumping of garbage noticed at Pattom Ward,Medium
Waste collection vehicle not covering Nemom Ward regularly,Medium
Overflowing waste bins reported at Karamana Area area,Medium
Improper waste segregation observed at Palayam Area,Low
Bad odor due to uncollected waste at Peroorkada Junction,Medium
Accumulated plastic waste causing nuisance at Pattom Ward,Medium
Bad odor due to uncollected waste at Karamana Area,Medium
Accumulated plastic waste causing nuisance at Kowdiar Junction,Medium
Blocked drain due to solid waste at Palayam Area,Medium
Garbage spill from collection truck at Attakulangara Market Area,Low
Public complaints about irregular waste pickup at Thampanoor Junction,Low
Accumulated plastic waste causing nuisance at Pattom Ward,Medium
Bad odor due to uncollected waste at Vanchiyoor Ward,Medium
Food waste accumulation attracting stray animals at Manacaud Area,Low
Dead animal not removed from Vanchiyoor Ward locality,Medium
Accumulated plastic waste causing nuisance at Manacaud Area,Medium
Waste collection vehicle not covering Kowdiar Junction regularly,Medium
Food waste accumulation attracting stray animals at Sreekariyam Area,Low
Food waste accumulation attracting stray animals at Peroorkada Junction,Low
Dead animal not removed from Sreekariyam Area locality,Medium
Waste burning observed causing air pollution at East Fort Junction,Low
Food waste accumulation attracting stray animals at Poojappura Road,Low
Public complaints about irregular waste pickup at Thampanoor Junction,Low
Accumulated plastic waste causing nuisance at Karamana Area,Medium
Accumulated plastic waste causing nuisance at Peroorkada Junction,Medium
Overflowing waste bins reported at Vanchiyoor Ward area,Medium
Dead animal not removed from Attakulangara Market Area locality,Medium
Improper waste segregation observed at Poojappura Road,Low
Bad odor due to uncollected waste at Palayam Area,Medium
Improper waste segregation observed at Thampanoor Junction,Low
Waste collection vehicle not covering Nemom Ward regularly,Medium
Improper waste segregation observed at Poojappura Road,Low
Garbage not collected from East Fort Junction for several days,Medium
Illegal dumping of garbage noticed at Kazhakkoottam Junction,Medium
Overflowing waste bins reported at Palayam Area area,Medium
Waste collection vehicle not covering Sreekariyam Area regularly,Medium
Food waste accumulation attracting stray animals at Peroorkada Junction,Low
Overflowing waste bins reported at Peroorkada Junction area,Medium
Biomedical waste mixed with household waste at Pattom Ward,High
Garbage spill from collection truck at Peroorkada Junction,Low
Garbage spill from collection truck at Attakulangara Market Area,Low
Construction debris dumped illegally at Peroorkada Junction,Medium
Accumulated plastic waste causing nuisance at Nemom Ward,Medium
Overflowing waste bins reported at Palayam Area area,Medium
Garbage spill from collection truck at Kowdiar Junction,Low
Food waste accumulation attracting stray animals at Poojappura Road,Low
Illegal dumping of garbage noticed at Kowdiar Junction,Medium
Dead animal not removed from Palayam Area locality,Medium
Dead animal not removed from Karamana Area locality,Medium
Biomedical waste mixed with household waste at Pattom Ward,High
Illegal dumping of garbage noticed at Kazhakkoottam Junction,Medium
Improper waste segregation observed at Attakulangara Market Area,Low
Garbage spill from collection truck at Pattom Ward,Low
Bad odor due to uncollected waste at Palayam Area,Medium
Construction debris dumped illegally at Attakulangara Market Area,Medium
Garbage spill from collection truck at Vanchiyoor Ward,Low
Biomedical waste mixed with household waste at Attakulangara Market Area,High
Bad odor due to uncollected waste at Kowdiar Junction,Medium
Bad odor due to uncollected waste at Kazhakkoottam Junction,Medium
Waste burning observed causing air pollution at Kazhakkoottam Junction,Low
Improper waste segregation observed at Kowdiar Junction,Low
Blocked drain due to solid waste at Thampanoor Junction,Medium
Garbage not collected from Palayam Area for several days,Medium
Waste burning observed causing air pollution at Vellayambalam Ward,Low
Bad odor due to uncollected waste at Vellayambalam Ward,Medium
Dead animal not removed from Vellayambalam Ward locality,Medium
Construction debris dumped illegally at Pattom Ward,Medium
Construction debris dumped illegally at Kowdiar Junction,Medium
Garbage spill from collection truck at Kowdiar Junction,Low
Illegal dumping of garbage noticed at Palayam Area,Medium
Blocked drain due to solid waste at Sreekariyam Area,Medium
Illegal dumping of garbage noticed at Palayam Area,Medium
Public complaints about irregular waste pickup at East Fort Junction,Low
Dead animal not removed from Sreekariyam Area locality,Medium
Illegal dumping of garbage noticed at Poojappura Road,Medium
Biomedical waste mixed with household waste at East Fort Junction,High
Garbage spill from collection truck at Pattom Ward,Low
Blocked drain due to solid waste at Poojappura Road,Medium
Dead animal not removed from Vanchiyoor Ward locality,Medium
Overflowing waste bins reported at Thampanoor Junction area,Medium
Bad odor due to uncollected waste at Thampanoor Junction,Medium
Garbage spill from collection truck at East Fort Junction,Low
Food waste accumulation attracting stray animals at Manacaud Area,Low
Garbage not collected from Nemom Ward for several days,Medium
Illegal dumping of garbage noticed at Peroorkada Junction,Medium
Public complaints about irregular waste pickup at Pattom Ward,Low
Food waste accumulation attracting stray animals at Poojappura Road,Low
Food waste accumulation attracting stray animals at Manacaud Area,Low
Improper waste segregation observed at Manacaud Area,Low
Food waste accumulation attracting stray animals at Sreekariyam Area,Low
Waste collection vehicle not covering Pattom Ward regularly,Medium
Biomedical waste mixed with household waste at Karamana Area,High
Waste collection vehicle not covering Kowdiar Junction regularly,Medium
Waste burning observed causing air pollution at Sreekariyam Area,Low
Biomedical waste mixed with household waste at Peroorkada Junction,High
Dead animal not removed from Peroorkada Junction locality,Medium
Construction debris dumped illegally at Manacaud Area,Medium
Blocked drain due to solid waste at Poojappura Road,Medium
Waste collection vehicle not covering Pattom Ward regularly,Medium
Biomedical waste mixed with household waste at Sreekariyam Area,High
Public complaints about irregular waste pickup at Peroorkada Junction,Low
Accumulated plastic waste causing nuisance at Vellayambalam Ward,Medium
Waste collection vehicle not covering Nemom Ward regularly,Medium
Improper waste segregation observed at Kazhakkoottam Junction,Low
Waste collection vehicle not covering Thampanoor Junction regularly,Medium
Public complaints about irregular waste pickup at Attakulangara Market Area,Low
Construction debris dumped illegally at Kowdiar Junction,Medium
Blocked drain due to solid waste at Kazhakkoottam Junction,Medium
Biomedical waste mixed with household waste at Vanchiyoor Ward,High
Public complaints about irregular waste pickup at Palayam Area,Low
Accumulated plastic waste causing nuisance at Sreekariyam Area,Medium
Blocked drain due to solid waste at Manacaud Area,Medium
Blocked drain due to solid waste at Manacaud Area,Medium
Food waste accumulation attracting stray animals at Thampanoor Junction,Low
Food waste accumulation attracting stray animals at Pattom Ward,Low
Overflowing waste bins reported at Manacaud Area area,Medium
Biomedical waste mixed with household waste at Kazhakkoottam Junction,High
Overflowing waste bins reported at Karamana Area area,Medium
Garbage not collected from Pattom Ward for several days,Medium
Public complaints about irregular waste pickup at Pattom Ward,Low
Waste collection vehicle not covering Pattom Ward regularly,Medium
Accumulated plastic waste causing nuisance at Vellayambalam Ward,Medium
Construction debris dumped illegally at Karamana Area,Medium
Construction debris dumped illegally at Nemom Ward,Medium
Garbage not collected from Karamana Area for several days,Medium
Bad odor due to uncollected waste at East Fort Junction,Medium
Overflowing waste bins reported at Attakulangara Market Area area,Medium
Blocked drain due to solid waste at Karamana Area,Medium
Waste burning observed causing air pollution at Nemom Ward,Low
Garbage not collected from Peroorkada Junction for several days,Medium
Food waste accumulation attracting stray animals at Attakulangara Market Area,Low
Accumulated plastic waste causing nuisance at Vanchiyoor Ward,Medium
Garbage spill from collection truck at Vanchiyoor Ward,Low
Accumulated plastic waste causing nuisance at Karamana Area,Medium
Construction debris dumped illegally at Kowdiar Junction,Medium
Bad odor due to uncollected waste at Palayam Area,Medium
Garbage spill from collection truck at Vellayambalam Ward,Low
Construction debris dumped illegally at Sreekariyam Area,Medium
Bad odor due to uncollected waste at Manacaud Area,Medium
Overflowing waste bins reported at Kowdiar Junction area,Medium
Accumulated plastic waste causing nuisance at Peroorkada Junction,Medium
Dead animal not removed from Kowdiar Junction locality,Medium
Waste collection vehicle not covering Kazhakkoottam Junction regularly,Medium
Illegal dumping of garbage noticed at East Fort Junction,Medium
Waste collection vehicle not covering Attakulangara Market Area regularly,Medium
Overflowing waste bins reported at Attakulangara Market Area area,Medium
Blocked drain due to solid waste at East Fort Junction,Medium
Blocked drain due to solid waste at Poojappura Road,Medium
Waste burning observed causing air pollution at Vellayambalam Ward,Low
Construction debris dumped illegally at Thampanoor Junction,Medium
Garbage spill from collection truck at Peroorkada Junction,Low
Construction debris dumped illegally at Palayam Area,Medium
Construction debris dumped illegally at Attakulangara Market Area,Medium
Dead animal not removed from Palayam Area locality,Medium
Waste collection vehicle not covering Palayam Area regularly,Medium
Garbage spill from collection truck at Manacaud Area,Low
Improper waste segregation observed at Kazhakkoottam Junction,Low
Illegal dumping of garbage noticed at Nemom Ward,Medium
Waste burning observed causing air pollution at Thampanoor Junction,Low
Illegal dumping of garbage noticed at East Fort Junction,Medium
Waste collection vehicle not covering Vanchiyoor Ward regularly,Medium
Waste collection vehicle not covering Manacaud Area regularly,Medium
Garbage spill from collection truck at Manacaud Area,Low
Garbage not collected from Sreekariyam Area for several days,Medium
Public complaints about irregular waste pickup at Attakulangara Market Area,Low
Waste burning observed causing air pollution at Thampanoor Junction,Low
Bad odor due to uncollected waste at Vellayambalam Ward,Medium
Dead animal not removed from Thampanoor Junction locality,Medium
Food waste accumulation attracting stray animals at Peroorkada Junction,Low
Food waste accumulation attracting stray animals at Poojappura Road,Low
Improper waste segregation observed at Attakulangara Market Area,Low
Garbage spill from collection truck at Manacaud Area,Low
Improper waste segregation observed at Poojappura Road,Low
Waste collection vehicle not covering Peroorkada Junction regularly,Medium
Public complaints about irregular waste pickup at Kowdiar Junction,Low
Waste burning observed causing air pollution at Attakulangara Market Area,Low
Illegal dumping of garbage noticed at Kowdiar Junction,Medium
Garbage not collected from Manacaud Area for several days,Medium
Waste burning observed causing air pollution at Kazhakkoottam Junction,Low
Biomedical waste mixed with household waste at Peroorkada Junction,High
Accumulated plastic waste causing nuisance at Poojappura Road,Medium
Accumulated plastic waste causing nuisance at Manacaud Area,Medium
Biomedical waste mixed with household waste at East Fort Junction,High
Accumulated plastic waste causing nuisance at Kowdiar Junction,Medium
Improper waste segregation observed at Pattom Ward,Low
Bad odor due to uncollected waste at Kazhakkoottam Junction,Medium
Bad odor due to uncollected waste at Peroorkada Junction,Medium
Blocked drain due to solid waste at East Fort Junction,Medium
Food waste accumulation attracting stray animals at Nemom Ward,Low
Bad odor due to uncollected waste at Nemom Ward,Medium
Waste burning observed causing air pollution at Poojappura Road,Low
Garbage spill from collection truck at Vellayambalam Ward,Low
Bad odor due to uncollected waste at Peroorkada Junction,Medium
Improper waste segregation observed at Palayam Area,Low
Food waste accumulation attracting stray animals at Vellayambalam Ward,Low
Food waste accumulation attracting stray animals at Sreekariyam Area,Low
Garbage not collected from Kowdiar Junction for several days,Medium
Accumulated plastic waste causing nuisance at Vanchiyoor Ward,Medium
Public complaints about irregular waste pickup at Attakulangara Market Area,Low
Public complaints about irregular waste pickup at Kazhakkoottam Junction,Low
Improper waste segregation observed at Thampanoor Junction,Low
Public complaints about irregular waste pickup at Attakulangara Market Area,Low
Waste burning observed causing air pollution at Peroorkada Junction,Low
Blocked drain due to solid waste at Vanchiyoor Ward,Medium
Dead animal not removed from East Fort Junction locality,Medium
Bad odor due to uncollected waste at Vellayambalam Ward,Medium
Waste collection vehicle not covering Kowdiar Junction regularly,Medium
Blocked drain due to solid waste at Nemom Ward,Medium
Illegal dumping of garbage noticed at Pattom Ward,Medium
Overflowing waste bins reported at Palayam Area area,Medium
Accumulated plastic waste causing nuisance at Pattom Ward,Medium
Accumulated plastic waste causing nuisance at Nemom Ward,Medium
Food waste accumulation attracting stray animals at Sreekariyam Area,Low
Waste collection vehicle not covering Pattom Ward regularly,Medium
Public complaints about irregular waste pickup at Manacaud Area,Low
Illegal dumping of garbage noticed at Kazhakkoottam Junction,Medium
Biomedical waste mixed with household waste at Manacaud Area,High
Waste collection vehicle not covering East Fort Junction regularly,Medium
Food waste accumulation attracting stray animals at Poojappura Road,Low
Public complaints about irregular waste pickup at Vanchiyoor Ward,Low
Garbage not collected from Palayam Area for several days,Medium
Improper waste segregation observed at Thampanoor Junction,Low
Bad odor due to uncollected waste at Pattom Ward,Medium
Garbage not collected from Manacaud Area for several days,Medium
Illegal dumping of garbage noticed at Vanchiyoor Ward,Medium
Overflowing waste bins reported at Vellayambalam Ward area,Medium
Garbage spill from collection truck at Palayam Area,Low
Improper waste segregation observed at Palayam Area,Low
Garbage spill from collection truck at East Fort Junction,Low
Bad odor due to uncollected waste at Poojappura Road,Medium
Bad odor due to uncollected waste at Vellayambalam Ward,Medium
Garbage spill from collection truck at East Fort Junction,Low
Overflowing waste bins reported at Palayam Area area,Medium
Improper waste segregation observed at Kazhakkoottam Junction,Low
Blocked drain due to solid waste at Vanchiyoor Ward,Medium
Biomedical waste mixed with household waste at Attakulangara Market Area,High
Dead animal not removed from Attakulangara Market Area locality,Medium
Improper waste segregation observed at Kazhakkoottam Junction,Low
Dead animal not removed from Kazhakkoottam Junction locality,Medium
Public complaints about irregular waste pickup at Manacaud Area,Low
Waste collection vehicle not covering Thampanoor Junction regularly,Medium
Dead animal not removed from Sreekariyam Area locality,Medium
Construction debris dumped illegally at East Fort Junction,Medium
Bad odor due to uncollected waste at Pattom Ward,Medium
Garbage spill from collection truck at Vellayambalam Ward,Low
Illegal dumping of garbage noticed at Attakulangara Market Area,Medium
Improper waste segregation observed at Nemom Ward,Low
Waste collection vehicle not covering Sreekariyam Area regularly,Medium
Dead animal not removed from Thampanoor Junction locality,Medium
Dead animal not removed from East Fort Junction locality,Medium
Improper waste segregation observed at Kazhakkoottam Junction,Low
Construction debris dumped illegally at Nemom Ward,Medium
Bad odor due to uncollected waste at Vellayambalam Ward,Medium
Blocked drain due to solid waste at Manacaud Area,Medium
Bad odor due to uncollected waste at Vanchiyoor Ward,Medium
Public complaints about irregular waste pickup at Sreekariyam Area,Low
Improper waste segregation observed at Sreekariyam Area,Low
Dead animal not removed from Manacaud Area locality,Medium
Dead animal not removed from Poojappura Road locality,Medium
Public complaints about irregular waste pickup at Manacaud Area,Low
Illegal dumping of garbage noticed at Sreekariyam Area,Medium
Improper waste segregation observed at Karamana Area,Low
Dead animal not removed from Poojappura Road locality,Medium
Illegal dumping of garbage noticed at East Fort Junction,Medium
Blocked drain due to solid waste at Vanchiyoor Ward,Medium
Waste collection vehicle not covering Manacaud Area regularly,Medium
Improper waste segregation observed at Kazhakkoottam Junction,Low
Accumulated plastic waste causing nuisance at Thampanoor Junction,Medium
Blocked drain due to solid waste at Thampanoor Junction,Medium
Public complaints about irregular waste pickup at Palayam Area,Low
Waste burning observed causing air pollution at Sreekariyam Area,Low
Construction debris dumped illegally at Vanchiyoor Ward,Medium
Accumulated plastic waste causing nuisance at Karamana Area,Medium
Accumulated plastic waste causing nuisance at Manacaud Area,Medium
Garbage spill from collection truck at Thampanoor Junction,Low
Improper waste segregation observed at Vellayambalam Ward,Low
Construction debris dumped illegally at Kowdiar Junction,Medium
Accumulated plastic waste causing nuisance at Kowdiar Junction,Medium
Garbage not collected from Palayam Area for several days,Medium
Public complaints about irregular waste pickup at East Fort Junction,Low
Bad odor due to uncollected waste at Attakulangara Market Area,Medium
Blocked drain due to solid waste at Pattom Ward,Medium
Bad odor due to uncollected waste at Karamana Area,Medium
Accumulated plastic waste causing nuisance at East Fort Junction,Medium
Overflowing waste bins reported at Peroorkada Junction area,Medium
Garbage not collected from Karamana Area for several days,Medium
Improper waste segregation observed at Vanchiyoor Ward,Low
Accumulated plastic waste causing nuisance at Thampanoor Junction,Medium
Accumulated plastic waste causing nuisance at Vanchiyoor Ward,Medium
Public complaints about irregular waste pickup at East Fort Junction,Low
Food waste accumulation attracting stray animals at Kowdiar Junction,Low
Blocked drain due to solid waste at Pattom Ward,Medium
Dead animal not removed from Vanchiyoor Ward locality,Medium
Illegal dumping of garbage noticed at Peroorkada Junction,Medium
Accumulated plastic waste causing nuisance at Karamana Area,Medium
Public complaints about irregular waste pickup at Thampanoor Junction,Low
Public complaints about irregular waste pickup at Kowdiar Junction,Low
Blocked drain due to solid waste at Palayam Area,Medium
Garbage spill from collection truck at Kowdiar Junction,Low
Garbage spill from collection truck at Sreekariyam Area,Low
Garbage not collected from Kazhakkoottam Junction for several days,Medium
Public complaints about irregular waste pickup at Thampanoor Junction,Low
Bad odor due to uncollected waste at Manacaud Area,Medium
Public complaints about irregular waste pickup at Nemom Ward,Low
Overflowing waste bins reported at Poojappura Road area,Medium
Public complaints about irregular waste pickup at Kazhakkoottam Junction,Low
Blocked drain due to solid waste at Peroorkada Junction,Medium
Garbage not collected from Manacaud Area for several days,Medium
Overflowing waste bins reported at Kazhakkoottam Junction area,Medium
Food waste accumulation attracting stray animals at Pattom Ward,Low
Waste collection vehicle not covering Vellayambalam Ward regularly,Medium
Construction debris dumped illegally at Vellayambalam Ward,Medium
Garbage not collected from Karamana Area for several days,Medium
Waste burning observed causing air pollution at Vanchiyoor Ward,Low
Food waste accumulation attracting stray animals at Kowdiar Junction,Low
Food waste accumulation attracting stray animals at Kowdiar Junction,Low
Public complaints about irregular waste pickup at Thampanoor Junction,Low
Illegal dumping of garbage noticed at Poojappura Road,Medium
Illegal dumping of garbage noticed at Karamana Area,Medium
Garbage not collected from Manacaud Area for several days,Medium
Improper waste segregation observed at Sreekariyam Area,Low
Improper waste segregation observed at Pattom Ward,Low
Dead animal not removed from Attakulangara Market Area locality,Medium
Garbage spill from collection truck at East Fort Junction,Low
Dead animal not removed from Attakulangara Market Area locality,Medium
Garbage spill from collection truck at Nemom Ward,Low
Garbage spill from collection truck at Palayam Area,Low
Biomedical waste mixed with household waste at Vanchiyoor Ward,High
Public complaints about irregular waste pickup at Pattom Ward,Low
Dead animal not removed from Kazhakkoottam Junction locality,Medium
Construction debris dumped illegally at Attakulangara Market Area,Medium
Bad odor due to uncollected waste at Vellayambalam Ward,Medium
Improper waste segregation observed at Nemom Ward,Low
Dead animal not removed from Thampanoor Junction locality,Medium
Garbage not collected from Vellayambalam Ward for several days,Medium
Waste collection vehicle not covering East Fort Junction regularly,Medium
Food waste accumulation attracting stray animals at Kowdiar Junction,Low
Garbage not collected from East Fort Junction for several days,Medium
Blocked drain due to solid waste at Vanchiyoor Ward,Medium
Biomedical waste mixed with household waste at Karamana Area,High
Waste collection vehicle not covering Nemom Ward regularly,Medium
Food waste accumulation attracting stray animals at Poojappura Road,Low
Overflowing waste bins reported at Palayam Area area,Medium
Illegal dumping of garbage noticed at Karamana Area,Medium
Illegal dumping of garbage noticed at Kazhakkoottam Junction,Medium
Improper waste segregation observed at Nemom Ward,Low
Dead animal not removed from Vellayambalam Ward locality,Medium
Improper waste segregation observed at Attakulangara Market Area,Low
Overflowing waste bins reported at Thampanoor Junction area,Medium
Accumulated plastic waste causing nuisance at Kowdiar Junction,Medium
Illegal dumping of garbage noticed at Peroorkada Junction,Medium
Waste burning observed causing air pollution at East Fort Junction,Low
Waste burning observed causing air pollution at Poojappura Road,Low
Accumulated plastic waste causing nuisance at Kazhakkoottam Junction,Medium
Biomedical waste mixed with household waste at East Fort Junction,High
Dead animal not removed from Attakulangara Market Area locality,Medium
Illegal dumping of garbage noticed at Vellayambalam Ward,Medium
Overflowing waste bins reported at Attakulangara Market Area area,Medium
Waste collection vehicle not covering Kowdiar Junction regularly,Medium
Illegal dumping of garbage noticed at Nemom Ward,Medium
Bad odor due to uncollected waste at Nemom Ward,Medium
Bad odor due to uncollected waste at East Fort Junction,Medium
Overflowing waste bins reported at Nemom Ward area,Medium
Construction debris dumped illegally at Vanchiyoor Ward,Medium
Construction debris dumped illegally at Manacaud Area,Medium
Public complaints about irregular waste pickup at Nemom Ward,Low
Dead animal not removed from Sreekariyam Area locality,Medium
Waste burning observed causing air pollution at Pattom Ward,Low
Improper waste segregation observed at Kazhakkoottam Junction,Low
Illegal dumping of garbage noticed at Kowdiar Junction,Medium
Overflowing waste bins reported at Thampanoor Junction area,Medium
Public complaints about irregular waste pickup at Vellayambalam Ward,Low
Blocked drain due to solid waste at Peroorkada Junction,Medium
Dead animal not removed from Nemom Ward locality,Medium
Waste burning observed causing air pollution at Poojappura Road,Low
Improper waste segregation observed at Manacaud Area,Low
Food waste accumulation attracting stray animals at Attakulangara Market Area,Low
Illegal dumping of garbage noticed at Kowdiar Junction,Medium
Accumulated plastic waste causing nuisance at Karamana Area,Medium
Public complaints about irregular waste pickup at Palayam Area,Low
Garbage not collected from Sreekariyam Area for several days,Medium
Waste burning observed causing air pollution at Poojappura Road,Low
Accumulated plastic waste causing nuisance at Kowdiar Junction,Medium
Garbage not collected from Thampanoor Junction for several days,Medium
Illegal dumping of garbage noticed at Vellayambalam Ward,Medium
Blocked drain due to solid waste at Thampanoor Junction,Medium
Overflowing waste bins reported at Poojappura Road area,Medium
Food waste accumulation attracting stray animals at Palayam Area,Low
Garbage not collected from Karamana Area for several days,Medium
Blocked drain due to solid waste at Poojappura Road,Medium
Public complaints about irregular waste pickup at Karamana Area,Low
Food waste accumulation attracting stray animals at Pattom Ward,Low
Blocked drain due to solid waste at Palayam Area,Medium
Biomedical waste mixed with household waste at Sreekariyam Area,High
Food waste accumulation attracting stray animals at Palayam Area,Low
Food waste accumulation attracting stray animals at Thampanoor Junction,Low
Construction debris dumped illegally at Peroorkada Junction,Medium
Improper waste segregation observed at Pattom Ward,Low
Waste burning observed causing air pollution at Vellayambalam Ward,Low
Overflowing waste bins reported at Attakulangara Market Area area,Medium
Garbage not collected from Kowdiar Junction for several days,Medium
Waste collection vehicle not covering Kowdiar Junction regularly,Medium
Accumulated plastic waste causing nuisance at Poojappura Road,Medium
Waste burning observed causing air pollution at Manacaud Area,Low
Waste burning observed causing air pollution at Kazhakkoottam Junction,Low
Waste burning observed causing air pollution at Attakulangara Market Area,Low
Public complaints about irregular waste pickup at Peroorkada Junction,Low
Bad odor due to uncollected waste at Thampanoor Junction,Medium
Garbage not collected from Peroorkada Junction for several days,Medium
Overflowing waste bins reported at Sreekariyam Area area,Medium
Garbage not collected from Kazhakkoottam Junction for several days,Medium
Improper waste segregation observed at Vellayambalam Ward,Low
Waste burning observed causing air pollution at Kowdiar Junction,Low
Waste burning observed causing air pollution at Attakulangara Market Area,Low
Illegal dumping of garbage noticed at East Fort Junction,Medium
Waste burning observed causing air pollution at Poojappura Road,Low
Waste burning observed causing air pollution at Poojappura Road,Low
Illegal dumping of garbage noticed at Poojappura Road,Medium
Waste collection vehicle not covering Vanchiyoor Ward regularly,Medium
Garbage spill from collection truck at Palayam Area,Low
Public complaints about irregular waste pickup at Kazhakkoottam Junction,Low
Illegal dumping of garbage noticed at Kazhakkoottam Junction,Medium
Garbage spill from collection truck at Kowdiar Junction,Low
Improper waste segregation observed at Pattom Ward,Low
Food waste accumulation attracting stray animals at Vanchiyoor Ward,Low
Overflowing waste bins reported at Kazhakkoottam Junction area,Medium
Improper waste segregation observed at Pattom Ward,Low
Construction debris dumped illegally at Poojappura Road,Medium
Bad odor due to uncollected waste at Thampanoor Junction,Medium
Dead animal not removed from Thampanoor Junction locality,Medium
Waste burning observed causing air pollution at East Fort Junction,Low
Waste collection vehicle not covering Palayam Area regularly,Medium
Bad odor due to uncollected waste at Thampanoor Junction,Medium
Illegal dumping of garbage noticed at Kazhakkoottam Junction,Medium
Public complaints about irregular waste pickup at Palayam Area,Low
Biomedical waste mixed with household waste at Vellayambalam Ward,High
Improper waste segregation observed at Thampanoor Junction,Low
Illegal dumping of garbage noticed at Karamana Area,Medium
Biomedical waste mixed with household waste at Attakulangara Market Area,High
Waste collection vehicle not covering Palayam Area regularly,Medium
Biomedical waste mixed with household waste at Vellayambalam Ward,High
Food waste accumulation attracting stray animals at East Fort Junction,Low
Bad odor due to uncollected waste at Sreekariyam Area,Medium
Waste collection vehicle not covering Karamana Area regularly,Medium
Accumulated plastic waste causing nuisance at Pattom Ward,Medium
Garbage not collected from Karamana Area for several days,Medium
Waste burning observed causing air pollution at Manacaud Area,Low
Public complaints about irregular waste pickup at Sreekariyam Area,Low
Accumulated plastic waste causing nuisance at Nemom Ward,Medium
Blocked drain due to solid waste at Vanchiyoor Ward,Medium
Waste collection vehicle not covering Kazhakkoottam Junction regularly,Medium
Improper waste segregation observed at Palayam Area,Low
Improper waste segregation observed at Poojappura Road,Low
Waste collection vehicle not covering Karamana Area regularly,Medium
Dead animal not removed from Palayam Area locality,Medium
Overflowing waste bins reported at Karamana Area area,Medium
Dead animal not removed from Vanchiyoor Ward locality,Medium
Illegal dumping of garbage noticed at Peroorkada Junction,Medium
Overflowing waste bins reported at Vellayambalam Ward area,Medium
Biomedical waste mixed with household waste at Sreekariyam Area,High
Accumulated plastic waste causing nuisance at Sreekariyam Area,Medium
Garbage spill from collection truck at Kazhakkoottam Junction,Low
Bad odor due to uncollected waste at Vellayambalam Ward,Medium
Blocked drain due to solid waste at Kowdiar Junction,Medium
Accumulated plastic waste causing nuisance at Pattom Ward,Medium
Biomedical waste mixed with household waste at Poojappura Road,High
Garbage not collected from Peroorkada Junction for several days,Medium
Blocked drain due to solid waste at Sreekariyam Area,Medium
Dead animal not removed from Palayam Area locality,Medium
Waste burning observed causing air pollution at Peroorkada Junction,Low
Waste burning observed causing air pollution at Pattom Ward,Low
Overflowing waste bins reported at Kowdiar Junction area,Medium
Illegal dumping of garbage noticed at Manacaud Area,Medium
Public complaints about irregular waste pickup at Peroorkada Junction,Low
Garbage not collected from Manacaud Area for several days,Medium
Waste burning observed causing air pollution at Sreekariyam Area,Low
Illegal dumping of garbage noticed at Vellayambalam Ward,Medium
Improper waste segregation observed at Nemom Ward,Low
Construction debris dumped illegally at Karamana Area,Medium
Garbage spill from collection truck at Manacaud Area,Low
Dead animal not removed from Poojappura Road locality,Medium
Waste burning observed causing air pollution at Nemom Ward,Low
Exposed electrical wiring noticed at Pattom Ward posing safety risk,Critical
Flickering streetlight reported near Kazhakkoottam Junction,Medium
Streetlight remains switched on during daytime at Thampanoor Junction,Low
Exposed electrical wiring noticed at Poojappura Road posing safety risk,Critical
Electric pole leaning dangerously at East Fort Junction,Low
Broken lamp cover creating hazard at Pattom Ward,Critical
Flickering streetlight reported near Sreekariyam Area,Medium
Transformer malfunction affecting street lighting at Attakulangara Market Area,High
Streetlight not functioning at Poojappura Road causing visibility issues at night,Medium
Complete streetlight outage observed at Attakulangara Market Area,High
Broken lamp cover creating hazard at Thampanoor Junction,Critical
Exposed electrical wiring noticed at Vanchiyoor Ward posing safety risk,Critical
Short circuit issue in public lighting system at Pattom Ward,Critical
Short circuit issue in public lighting system at Poojappura Road,Critical
Transformer malfunction affecting street lighting at Manacaud Area,High
Underground cable fault detected at Nemom Ward,Critical
Damaged electrical panel near Vanchiyoor Ward,Critical
Short circuit issue in public lighting system at Vanchiyoor Ward,Critical
Transformer malfunction affecting street lighting at Nemom Ward,High
Streetlight not functioning at Kazhakkoottam Junction causing visibility issues at night,Medium
Complete streetlight outage observed at Poojappura Road,High
Streetlight not functioning at Peroorkada Junction causing visibility issues at night,Medium
Electric pole leaning dangerously at Vanchiyoor Ward,Low
Water seepage affecting junction box at Manacaud Area,Low
Flickering streetlight reported near Kazhakkoottam Junction,Medium
Electric pole leaning dangerously at Thampanoor Junction,Low
High voltage fluctuation reported at Vellayambalam Ward,Critical
Flickering streetlight reported near Karamana Bridge Area,Medium
Damaged electrical panel near Poojappura Road,Critical
Short circuit issue in public lighting system at Palayam Area,Critical
Short circuit issue in public lighting system at Vellayambalam Ward,Critical
High voltage fluctuation reported at Kowdiar Junction,Critical
Broken lamp cover creating hazard at Pattom Ward,Critical
Damaged electrical panel near Thampanoor Junction,Critical
Exposed electrical wiring noticed at Nemom Ward posing safety risk,Critical
Damaged electrical panel near Sreekariyam Area,Critical
Electric pole leaning dangerously at Pattom Ward,Low
Overhead electrical line sagging at Pattom Ward,Critical
Flickering streetlight reported near Peroorkada Junction,Medium
High voltage fluctuation reported at Karamana Bridge Area,Critical
Streetlight not functioning at Peroorkada Junction causing visibility issues at night,Medium
Water seepage affecting junction box at Manacaud Area,Low
Exposed electrical wiring noticed at Sreekariyam Area posing safety risk,Critical
Transformer malfunction affecting street lighting at Nemom Ward,High
Damaged electrical panel near Vellayambalam Ward,Critical
Streetlight not functioning at Vanchiyoor Ward causing visibility issues at night,Medium
Streetlight remains switched on during daytime at Vellayambalam Ward,Low
Flickering streetlight reported near Kowdiar Junction,Medium
Complete streetlight outage observed at Attakulangara Market Area,High
Streetlight remains switched on during daytime at Sreekariyam Area,Low
Underground cable fault detected at Kowdiar Junction,Critical
Electric pole leaning dangerously at Peroorkada Junction,Low
Complete streetlight outage observed at Kowdiar Junction,High
Exposed electrical wiring noticed at Nemom Ward posing safety risk,Critical
Streetlight remains switched on during daytime at Peroorkada Junction,Low
Streetlight remains switched on during daytime at Thampanoor Junction,Low
Underground cable fault detected at Vellayambalam Ward,Critical
Transformer malfunction affecting street lighting at Peroorkada Junction,High
Overhead electrical line sagging at Attakulangara Market Area,Critical
Complete streetlight outage observed at Kazhakkoottam Junction,High
High voltage fluctuation reported at East Fort Junction,Critical
Electric pole leaning dangerously at Sreekariyam Area,Low
Streetlight not functioning at Kazhakkoottam Junction causing visibility issues at night,Medium
Complete streetlight outage observed at East Fort Junction,High
Complete streetlight outage observed at Kazhakkoottam Junction,High
High voltage fluctuation reported at Sreekariyam Area,Critical
Streetlight remains switched on during daytime at Kowdiar Junction,Low
Complete streetlight outage observed at Peroorkada Junction,High
Exposed electrical wiring noticed at Kazhakkoottam Junction posing safety risk,Critical
Streetlight remains switched on during daytime at Karamana Bridge Area,Low
Underground cable fault detected at Nemom Ward,Critical
Streetlight remains switched on during daytime at Sreekariyam Area,Low
Flickering streetlight reported near Attakulangara Market Area,Medium
Transformer malfunction affecting street lighting at Kazhakkoottam Junction,High
Exposed electrical wiring noticed at Palayam Area posing safety risk,Critical
Underground cable fault detected at Karamana Bridge Area,Critical
Broken lamp cover creating hazard at Sreekariyam Area,Critical
Overhead electrical line sagging at Kazhakkoottam Junction,Critical
High voltage fluctuation reported at Peroorkada Junction,Critical
Water seepage affecting junction box at Vanchiyoor Ward,Low
Frequent power interruption affecting streetlights at Vellayambalam Ward,High
Frequent power interruption affecting streetlights at Vanchiyoor Ward,High
Underground cable fault detected at Kowdiar Junction,Critical
High voltage fluctuation reported at Manacaud Area,Critical
Overhead electrical line sagging at East Fort Junction,Critical
Streetlight not functioning at Palayam Area causing visibility issues at night,Medium
Electric pole leaning dangerously at Karamana Bridge Area,Low
Water seepage affecting junction box at Peroorkada Junction,Low
Electric pole leaning dangerously at Karamana Bridge Area,Low
Water seepage affecting junction box at Palayam Area,Low
Underground cable fault detected at Pattom Ward,Critical
High voltage fluctuation reported at Pattom Ward,Critical
Damaged electrical panel near Vanchiyoor Ward,Critical
Electric pole leaning dangerously at Pattom Ward,Low
Transformer malfunction affecting street lighting at Pattom Ward,High
Underground cable fault detected at Kazhakkoottam Junction,Critical
Water seepage affecting junction box at Poojappura Road,Low
Damaged electrical panel near Thampanoor Junction,Critical
Streetlight not functioning at Manacaud Area causing visibility issues at night,Medium
Underground cable fault detected at Nemom Ward,Critical
Exposed electrical wiring noticed at Vellayambalam Ward posing safety risk,Critical
High voltage fluctuation reported at Palayam Area,Critical
Streetlight not functioning at Sreekariyam Area causing visibility issues at night,Medium
Overhead electrical line sagging at Palayam Area,Critical
Water seepage affecting junction box at Manacaud Area,Low
Electric pole leaning dangerously at Peroorkada Junction,Low
Frequent power interruption affecting streetlights at Karamana Bridge Area,High
Complete streetlight outage observed at Manacaud Area,High
Damaged electrical panel near East Fort Junction,Critical
Flickering streetlight reported near Manacaud Area,Medium
Complete streetlight outage observed at East Fort Junction,High
Streetlight not functioning at Kazhakkoottam Junction causing visibility issues at night,Medium
Streetlight not functioning at Peroorkada Junction causing visibility issues at night,Medium
Frequent power interruption affecting streetlights at Attakulangara Market Area,High
Exposed electrical wiring noticed at Peroorkada Junction posing safety risk,Critical
Streetlight not functioning at Vanchiyoor Ward causing visibility issues at night,Medium
Frequent power interruption affecting streetlights at Kowdiar Junction,High
Underground cable fault detected at Peroorkada Junction,Critical
High voltage fluctuation reported at Attakulangara Market Area,Critical
Streetlight not functioning at Karamana Bridge Area causing visibility issues at night,Medium
Underground cable fault detected at Peroorkada Junction,Critical
Exposed electrical wiring noticed at Kowdiar Junction posing safety risk,Critical
Complete streetlight outage observed at Palayam Area,High
High voltage fluctuation reported at Sreekariyam Area,Critical
Flickering streetlight reported near Kazhakkoottam Junction,Medium
Short circuit issue in public lighting system at Palayam Area,Critical
Water seepage affecting junction box at Karamana Bridge Area,Low
High voltage fluctuation reported at East Fort Junction,Critical
Exposed electrical wiring noticed at Kowdiar Junction posing safety risk,Critical
Transformer malfunction affecting street lighting at Palayam Area,High
Exposed electrical wiring noticed at Palayam Area posing safety risk,Critical
Electric pole leaning dangerously at Nemom Ward,Low
Broken lamp cover creating hazard at Pattom Ward,Critical
High voltage fluctuation reported at Karamana Bridge Area,Critical
Exposed electrical wiring noticed at Nemom Ward posing safety risk,Critical
Streetlight not functioning at Peroorkada Junction causing visibility issues at night,Medium
Frequent power interruption affecting streetlights at Thampanoor Junction,High
Broken lamp cover creating hazard at Karamana Bridge Area,Critical
Flickering streetlight reported near Palayam Area,Medium
Complete streetlight outage observed at Palayam Area,High
Transformer malfunction affecting street lighting at Attakulangara Market Area,High
Transformer malfunction affecting street lighting at Kazhakkoottam Junction,High
Complete streetlight outage observed at Manacaud Area,High
Damaged electrical panel near Sreekariyam Area,Critical
Overhead electrical line sagging at Pattom Ward,Critical
Short circuit issue in public lighting system at Palayam Area,Critical
Electric pole leaning dangerously at Poojappura Road,Low
Flickering streetlight reported near Nemom Ward,Medium
Transformer malfunction affecting street lighting at Kowdiar Junction,High
Exposed electrical wiring noticed at Nemom Ward posing safety risk,Critical
Streetlight not functioning at Attakulangara Market Area causing visibility issues at night,Medium
Overhead electrical line sagging at Sreekariyam Area,Critical
Exposed electrical wiring noticed at Vellayambalam Ward posing safety risk,Critical
Damaged electrical panel near Pattom Ward,Critical
Electric pole leaning dangerously at Peroorkada Junction,Low
Exposed electrical wiring noticed at Poojappura Road posing safety risk,Critical
Streetlight remains switched on during daytime at Poojappura Road,Low
Streetlight not functioning at Nemom Ward causing visibility issues at night,Medium
Streetlight not functioning at Vanchiyoor Ward causing visibility issues at night,Medium
Water seepage affecting junction box at Sreekariyam Area,Low
Short circuit issue in public lighting system at Vanchiyoor Ward,Critical
Exposed electrical wiring noticed at Vanchiyoor Ward posing safety risk,Critical
Short circuit issue in public lighting system at Karamana Bridge Area,Critical
High voltage fluctuation reported at East Fort Junction,Critical
Streetlight remains switched on during daytime at Pattom Ward,Low
Flickering streetlight reported near Peroorkada Junction,Medium
Underground cable fault detected at East Fort Junction,Critical
Transformer malfunction affecting street lighting at Peroorkada Junction,High
Frequent power interruption affecting streetlights at Sreekariyam Area,High
Short circuit issue in public lighting system at Attakulangara Market Area,Critical
Electric pole leaning dangerously at Kowdiar Junction,Low
Water seepage affecting junction box at Attakulangara Market Area,Low
High voltage fluctuation reported at Thampanoor Junction,Critical
Underground cable fault detected at Kowdiar Junction,Critical
Streetlight not functioning at Peroorkada Junction causing visibility issues at night,Medium
Underground cable fault detected at East Fort Junction,Critical
Streetlight remains switched on during daytime at Pattom Ward,Low
Broken lamp cover creating hazard at Vanchiyoor Ward,Critical
Underground cable fault detected at Kazhakkoottam Junction,Critical
Streetlight remains switched on during daytime at Kazhakkoottam Junction,Low
Damaged electrical panel near Manacaud Area,Critical
Exposed electrical wiring noticed at Karamana Bridge Area posing safety risk,Critical
Streetlight not functioning at Karamana Bridge Area causing visibility issues at night,Medium
Flickering streetlight reported near Manacaud Area,Medium
Overhead electrical line sagging at Poojappura Road,Critical
Electric pole leaning dangerously at Pattom Ward,Low
Water seepage affecting junction box at Peroorkada Junction,Low
Transformer malfunction affecting street lighting at Attakulangara Market Area,High
Streetlight remains switched on during daytime at Poojappura Road,Low
Transformer malfunction affecting street lighting at Palayam Area,High
Streetlight remains switched on during daytime at Vanchiyoor Ward,Low
Complete streetlight outage observed at Kowdiar Junction,High
Streetlight not functioning at Karamana Bridge Area causing visibility issues at night,Medium
Electric pole leaning dangerously at Attakulangara Market Area,Low
High voltage fluctuation reported at East Fort Junction,Critical
Streetlight not functioning at Kazhakkoottam Junction causing visibility issues at night,Medium
Exposed electrical wiring noticed at Poojappura Road posing safety risk,Critical
Streetlight remains switched on during daytime at Thampanoor Junction,Low
Flickering streetlight reported near Manacaud Area,Medium
Streetlight remains switched on during daytime at East Fort Junction,Low
Short circuit issue in public lighting system at Kazhakkoottam Junction,Critical
Streetlight remains switched on during daytime at East Fort Junction,Low
Streetlight not functioning at Karamana Bridge Area causing visibility issues at night,Medium
Frequent power interruption affecting streetlights at Thampanoor Junction,High
Streetlight remains switched on during daytime at Kazhakkoottam Junction,Low
Flickering streetlight reported near East Fort Junction,Medium
Water seepage affecting junction box at Sreekariyam Area,Low
Frequent power interruption affecting streetlights at Vellayambalam Ward,High
Frequent power interruption affecting streetlights at Thampanoor Junction,High
Transformer malfunction affecting street lighting at Manacaud Area,High
Underground cable fault detected at Manacaud Area,Critical
Electric pole leaning dangerously at Vanchiyoor Ward,Low
Underground cable fault detected at Kowdiar Junction,Critical
Broken lamp cover creating hazard at Thampanoor Junction,Critical
Broken lamp cover creating hazard at Manacaud Area,Critical
High voltage fluctuation reported at Manacaud Area,Critical
Streetlight not functioning at Sreekariyam Area causing visibility issues at night,Medium
Electric pole leaning dangerously at Thampanoor Junction,Low
High voltage fluctuation reported at Kowdiar Junction,Critical
Water seepage affecting junction box at Kazhakkoottam Junction,Low
Complete streetlight outage observed at Karamana Bridge Area,High
Broken lamp cover creating hazard at Kazhakkoottam Junction,Critical
Broken lamp cover creating hazard at East Fort Junction,Critical
Water seepage affecting junction box at Kowdiar Junction,Low
Underground cable fault detected at Manacaud Area,Critical
Streetlight not functioning at Kowdiar Junction causing visibility issues at night,Medium
Overhead electrical line sagging at Sreekariyam Area,Critical
Transformer malfunction affecting street lighting at Vanchiyoor Ward,High
Damaged electrical panel near Attakulangara Market Area,Critical
Damaged electrical panel near Kazhakkoottam Junction,Critical
Short circuit issue in public lighting system at Nemom Ward,Critical
Broken lamp cover creating hazard at Nemom Ward,Critical
Flickering streetlight reported near Vanchiyoor Ward,Medium
Overhead electrical line sagging at Thampanoor Junction,Critical
High voltage fluctuation reported at Sreekariyam Area,Critical
Overhead electrical line sagging at Sreekariyam Area,Critical
Transformer malfunction affecting street lighting at Karamana Bridge Area,High
Flickering streetlight reported near Poojappura Road,Medium
High voltage fluctuation reported at Nemom Ward,Critical
Short circuit issue in public lighting system at Sreekariyam Area,Critical
High voltage fluctuation reported at Attakulangara Market Area,Critical
Short circuit issue in public lighting system at Palayam Area,Critical
Complete streetlight outage observed at Poojappura Road,High
Underground cable fault detected at Sreekariyam Area,Critical
Electric pole leaning dangerously at Palayam Area,Low
Underground cable fault detected at Thampanoor Junction,Critical
Broken lamp cover creating hazard at Palayam Area,Critical
Streetlight not functioning at Poojappura Road causing visibility issues at night,Medium
Broken lamp cover creating hazard at Poojappura Road,Critical
Exposed electrical wiring noticed at Nemom Ward posing safety risk,Critical
Transformer malfunction affecting street lighting at Sreekariyam Area,High
Underground cable fault detected at Karamana Bridge Area,Critical
Underground cable fault detected at Nemom Ward,Critical
Complete streetlight outage observed at Nemom Ward,High
Complete streetlight outage observed at Manacaud Area,High
Flickering streetlight reported near Karamana Bridge Area,Medium
Electric pole leaning dangerously at Poojappura Road,Low
Underground cable fault detected at Vanchiyoor Ward,Critical
Streetlight remains switched on during daytime at Vanchiyoor Ward,Low
Complete streetlight outage observed at Poojappura Road,High
Damaged electrical panel near East Fort Junction,Critical
Broken lamp cover creating hazard at Palayam Area,Critical
Complete streetlight outage observed at Vellayambalam Ward,High
Complete streetlight outage observed at Kowdiar Junction,High
Damaged electrical panel near Kowdiar Junction,Critical
Exposed electrical wiring noticed at Pattom Ward posing safety risk,Critical
Complete streetlight outage observed at Peroorkada Junction,High
Transformer malfunction affecting street lighting at East Fort Junction,High
Electric pole leaning dangerously at Attakulangara Market Area,Low
High voltage fluctuation reported at Palayam Area,Critical
Underground cable fault detected at Nemom Ward,Critical
Broken lamp cover creating hazard at Vanchiyoor Ward,Critical
Frequent power interruption affecting streetlights at Pattom Ward,High
Overhead electrical line sagging at Poojappura Road,Critical
Short circuit issue in public lighting system at Peroorkada Junction,Critical
Water seepage affecting junction box at East Fort Junction,Low
Broken lamp cover creating hazard at Vanchiyoor Ward,Critical
Electric pole leaning dangerously at Kowdiar Junction,Low
Underground cable fault detected at East Fort Junction,Critical
Exposed electrical wiring noticed at Manacaud Area posing safety risk,Critical
Frequent power interruption affecting streetlights at Nemom Ward,High
Short circuit issue in public lighting system at Thampanoor Junction,Critical
Streetlight not functioning at Nemom Ward causing visibility issues at night,Medium
Streetlight not functioning at Attakulangara Market Area causing visibility issues at night,Medium
Complete streetlight outage observed at Vellayambalam Ward,High
Underground cable fault detected at Kazhakkoottam Junction,Critical
Overhead electrical line sagging at Kazhakkoottam Junction,Critical
Broken lamp cover creating hazard at Pattom Ward,Critical
High voltage fluctuation reported at Peroorkada Junction,Critical
Underground cable fault detected at Attakulangara Market Area,Critical
Streetlight not functioning at Manacaud Area causing visibility issues at night,Medium
Streetlight remains switched on during daytime at Vanchiyoor Ward,Low
Flickering streetlight reported near Palayam Area,Medium
Streetlight remains switched on during daytime at Peroorkada Junction,Low
Transformer malfunction affecting street lighting at Palayam Area,High
Frequent power interruption affecting streetlights at Pattom Ward,High
High voltage fluctuation reported at Vanchiyoor Ward,Critical
Exposed electrical wiring noticed at East Fort Junction posing safety risk,Critical
Streetlight remains switched on during daytime at Attakulangara Market Area,Low
Exposed electrical wiring noticed at Sreekariyam Area posing safety risk,Critical
Short circuit issue in public lighting system at Kowdiar Junction,Critical
Frequent power interruption affecting streetlights at Kazhakkoottam Junction,High
Damaged electrical panel near Poojappura Road,Critical
Overhead electrical line sagging at Nemom Ward,Critical
Flickering streetlight reported near Poojappura Road,Medium
Overhead electrical line sagging at Sreekariyam Area,Critical
Streetlight not functioning at Kowdiar Junction causing visibility issues at night,Medium
Streetlight not functioning at Peroorkada Junction causing visibility issues at night,Medium
Underground cable fault detected at Peroorkada Junction,Critical
Frequent power interruption affecting streetlights at Thampanoor Junction,High
Frequent power interruption affecting streetlights at Vanchiyoor Ward,High
Streetlight not functioning at Poojappura Road causing visibility issues at night,Medium
Flickering streetlight reported near Attakulangara Market Area,Medium
Streetlight not functioning at Vellayambalam Ward causing visibility issues at night,Medium
Broken lamp cover creating hazard at Nemom Ward,Critical
Broken lamp cover creating hazard at Kowdiar Junction,Critical
Exposed electrical wiring noticed at Kowdiar Junction posing safety risk,Critical
Water seepage affecting junction box at Karamana Bridge Area,Low
Flickering streetlight reported near Vanchiyoor Ward,Medium
Water seepage affecting junction box at Manacaud Area,Low
High voltage fluctuation reported at Attakulangara Market Area,Critical
Damaged electrical panel near Attakulangara Market Area,Critical
High voltage fluctuation reported at Manacaud Area,Critical
Exposed electrical wiring noticed at Peroorkada Junction posing safety risk,Critical
Transformer malfunction affecting street lighting at Attakulangara Market Area,High
Short circuit issue in public lighting system at Kazhakkoottam Junction,Critical
Complete streetlight outage observed at Thampanoor Junction,High
High voltage fluctuation reported at East Fort Junction,Critical
Frequent power interruption affecting streetlights at East Fort Junction,High
Short circuit issue in public lighting system at Attakulangara Market Area,Critical
Electric pole leaning dangerously at Pattom Ward,Low
Underground cable fault detected at Attakulangara Market Area,Critical
Water seepage affecting junction box at Sreekariyam Area,Low
Streetlight remains switched on during daytime at Peroorkada Junction,Low
Short circuit issue in public lighting system at Thampanoor Junction,Critical
Flickering streetlight reported near Palayam Area,Medium
Underground cable fault detected at East Fort Junction,Critical
Streetlight not functioning at Peroorkada Junction causing visibility issues at night,Medium
High voltage fluctuation reported at Vellayambalam Ward,Critical
Streetlight not functioning at Vanchiyoor Ward causing visibility issues at night,Medium
Overhead electrical line sagging at Vellayambalam Ward,Critical
Exposed electrical wiring noticed at Pattom Ward posing safety risk,Critical
Broken lamp cover creating hazard at Nemom Ward,Critical
Complete streetlight outage observed at Poojappura Road,High
Water seepage affecting junction box at Pattom Ward,Low
Frequent power interruption affecting streetlights at Vanchiyoor Ward,High
Overhead electrical line sagging at Kowdiar Junction,Critical
Water seepage affecting junction box at Palayam Area,Low
Streetlight not functioning at Vellayambalam Ward causing visibility issues at night,Medium
Electric pole leaning dangerously at East Fort Junction,Low
Streetlight remains switched on during daytime at Karamana Bridge Area,Low
Water seepage affecting junction box at Vanchiyoor Ward,Low
Exposed electrical wiring noticed at East Fort Junction posing safety risk,Critical
Flickering streetlight reported near Nemom Ward,Medium
Damaged electrical panel near Attakulangara Market Area,Critical
Short circuit issue in public lighting system at Kowdiar Junction,Critical
Broken lamp cover creating hazard at Kowdiar Junction,Critical
Exposed electrical wiring noticed at Karamana Bridge Area posing safety risk,Critical
Streetlight remains switched on during daytime at Karamana Bridge Area,Low
Overhead electrical line sagging at Poojappura Road,Critical
Water seepage affecting junction box at Palayam Area,Low
Exposed electrical wiring noticed at Pattom Ward posing safety risk,Critical
Electric pole leaning dangerously at Poojappura Road,Low
Transformer malfunction affecting street lighting at Attakulangara Market Area,High
Water seepage affecting junction box at Thampanoor Junction,Low
Streetlight remains switched on during daytime at Thampanoor Junction,Low
Exposed electrical wiring noticed at Kazhakkoottam Junction posing safety risk,Critical
Frequent power interruption affecting streetlights at East Fort Junction,High
Streetlight remains switched on during daytime at Vellayambalam Ward,Low
Water seepage affecting junction box at East Fort Junction,Low
Electric pole leaning dangerously at Palayam Area,Low
Exposed electrical wiring noticed at Palayam Area posing safety risk,Critical
Damaged electrical panel near Attakulangara Market Area,Critical
Short circuit issue in public lighting system at Vanchiyoor Ward,Critical
Transformer malfunction affecting street lighting at Palayam Area,High
Damaged electrical panel near Sreekariyam Area,Critical
Streetlight remains switched on during daytime at Attakulangara Market Area,Low
Transformer malfunction affecting street lighting at East Fort Junction,High
Transformer malfunction affecting street lighting at Karamana Bridge Area,High
Streetlight not functioning at Pattom Ward causing visibility issues at night,Medium
Broken lamp cover creating hazard at Vanchiyoor Ward,Critical
High voltage fluctuation reported at Kowdiar Junction,Critical
Water seepage affecting junction box at Karamana Bridge Area,Low
Frequent power interruption affecting streetlights at Attakulangara Market Area,High
Broken lamp cover creating hazard at Sreekariyam Area,Critical
Electric pole leaning dangerously at Manacaud Area,Low
Exposed electrical wiring noticed at Palayam Area posing safety risk,Critical
Frequent power interruption affecting streetlights at Vellayambalam Ward,High
Flickering streetlight reported near Pattom Ward,Medium
Overhead electrical line sagging at Pattom Ward,Critical
Overhead electrical line sagging at Vellayambalam Ward,Critical
Water seepage affecting junction box at Vellayambalam Ward,Low
Frequent power interruption affecting streetlights at Peroorkada Junction,High
Broken lamp cover creating hazard at Thampanoor Junction,Critical
Flickering streetlight reported near Thampanoor Junction,Medium
Streetlight not functioning at Nemom Ward causing visibility issues at night,Medium
Water seepage affecting junction box at Vanchiyoor Ward,Low
Streetlight not functioning at Vanchiyoor Ward causing visibility issues at night,Medium
Exposed electrical wiring noticed at Kazhakkoottam Junction posing safety risk,Critical
Complete streetlight outage observed at Manacaud Area,High
Frequent power interruption affecting streetlights at Karamana Bridge Area,High
Broken lamp cover creating hazard at Nemom Ward,Critical
Frequent power interruption affecting streetlights at Vanchiyoor Ward,High
Exposed electrical wiring noticed at Peroorkada Junction posing safety risk,Critical
Electric pole leaning dangerously at Kazhakkoottam Junction,Low
Complete streetlight outage observed at Palayam Area,High
Short circuit issue in public lighting system at Manacaud Area,Critical
Transformer malfunction affecting street lighting at Manacaud Area,High
Electric pole leaning dangerously at Sreekariyam Area,Low
Electric pole leaning dangerously at Attakulangara Market Area,Low
Underground cable fault detected at Kazhakkoottam Junction,Critical
Flickering streetlight reported near Sreekariyam Area,Medium
Short circuit issue in public lighting system at Pattom Ward,Critical
Water seepage affecting junction box at Nemom Ward,Low
Streetlight not functioning at Kowdiar Junction causing visibility issues at night,Medium
Streetlight not functioning at Vanchiyoor Ward causing visibility issues at night,Medium
Streetlight remains switched on during daytime at Attakulangara Market Area,Low
Damaged electrical panel near Palayam Area,Critical
Exposed electrical wiring noticed at Thampanoor Junction posing safety risk,Critical
Underground cable fault detected at East Fort Junction,Critical
Exposed electrical wiring noticed at Karamana Bridge Area posing safety risk,Critical
High voltage fluctuation reported at Manacaud Area,Critical
Flickering streetlight reported near Peroorkada Junction,Medium
Overhead electrical line sagging at Sreekariyam Area,Critical
Complete streetlight outage observed at Karamana Bridge Area,High
Water seepage affecting junction box at Manacaud Area,Low
Complete streetlight outage observed at East Fort Junction,High
High voltage fluctuation reported at Pattom Ward,Critical
Damaged electrical panel near Peroorkada Junction,Critical
Complete streetlight outage observed at Sreekariyam Area,High
Flickering streetlight reported near Manacaud Area,Medium
Frequent power interruption affecting streetlights at Kazhakkoottam Junction,High
Exposed electrical wiring noticed at Pattom Ward posing safety risk,Critical
Water seepage affecting junction box at Poojappura Road,Low
Broken lamp cover creating hazard at Poojappura Road,Critical
Water seepage affecting junction box at Vanchiyoor Ward,Low
Streetlight not functioning at Palayam Area causing visibility issues at night,Medium
Frequent power interruption affecting streetlights at Kowdiar Junction,High
Broken lamp cover creating hazard at Peroorkada Junction,Critical
Underground cable fault detected at Manacaud Area,Critical
Short circuit issue in public lighting system at Poojappura Road,Critical
Overhead electrical line sagging at Attakulangara Market Area,Critical
High voltage fluctuation reported at Nemom Ward,Critical
Broken lamp cover creating hazard at Manacaud Area,Critical
Frequent power interruption affecting streetlights at Kazhakkoottam Junction,High
Frequent power interruption affecting streetlights at Manacaud Area,High
Short circuit issue in public lighting system at Kowdiar Junction,Critical
Water seepage affecting junction box at Manacaud Area,Low
Transformer malfunction affecting street lighting at Karamana Bridge Area,High
Exposed electrical wiring noticed at Thampanoor Junction posing safety risk,Critical
Overhead electrical line sagging at Palayam Area,Critical
Frequent power interruption affecting streetlights at Nemom Ward,High
Frequent power interruption affecting streetlights at Attakulangara Market Area,High
Electric pole leaning dangerously at Manacaud Area,Low
Exposed electrical wiring noticed at Palayam Area posing safety risk,Critical
Streetlight remains switched on during daytime at Palayam Area,Low
Water seepage affecting junction box at Poojappura Road,Low
Short circuit issue in public lighting system at Palayam Area,Critical
Exposed electrical wiring noticed at East Fort Junction posing safety risk,Critical
Complete streetlight outage observed at Vanchiyoor Ward,High
Short circuit issue in public lighting system at Nemom Ward,Critical
Underground cable fault detected at Peroorkada Junction,Critical
Streetlight not functioning at Kazhakkoottam Junction causing visibility issues at night,Medium
Underground cable fault detected at Poojappura Road,Critical
Exposed electrical wiring noticed at East Fort Junction posing safety risk,Critical
Underground cable fault detected at Attakulangara Market Area,Critical
Short circuit issue in public lighting system at Karamana Bridge Area,Critical
Electric pole leaning dangerously at Thampanoor Junction,Low
Transformer malfunction affecting street lighting at Poojappura Road,High
Short circuit issue in public lighting system at Peroorkada Junction,Critical
High voltage fluctuation reported at Thampanoor Junction,Critical
Complete streetlight outage observed at Peroorkada Junction,High
Electric pole leaning dangerously at Manacaud Area,Low
Flickering streetlight reported near Kowdiar Junction,Medium
Streetlight remains switched on during daytime at Kowdiar Junction,Low
Electric pole leaning dangerously at Poojappura Road,Low
Broken lamp cover creating hazard at Vanchiyoor Ward,Critical
Overhead electrical line sagging at Nemom Ward,Critical
Exposed electrical wiring noticed at Manacaud Area posing safety risk,Critical
Exposed electrical wiring noticed at Thampanoor Junction posing safety risk,Critical
Broken lamp cover creating hazard at Manacaud Area,Critical
Streetlight not functioning at Pattom Ward causing visibility issues at night,Medium
Streetlight remains switched on during daytime at Vellayambalam Ward,Low
Water seepage affecting junction box at Sreekariyam Area,Low
Complete streetlight outage observed at Kowdiar Junction,High
Complete streetlight outage observed at Sreekariyam Area,High
Underground cable fault detected at Vellayambalam Ward,Critical
Broken lamp cover creating hazard at Nemom Ward,Critical
Overhead electrical line sagging at East Fort Junction,Critical
Complete streetlight outage observed at Nemom Ward,High
Underground cable fault detected at Sreekariyam Area,Critical
Damaged electrical panel near Pattom Ward,Critical
Streetlight remains switched on during daytime at Nemom Ward,Low
Exposed electrical wiring noticed at Kazhakkoottam Junction posing safety risk,Critical
Streetlight not functioning at Kazhakkoottam Junction causing visibility issues at night,Medium
Streetlight not functioning at East Fort Junction causing visibility issues at night,Medium
Streetlight not functioning at Pattom Ward causing visibility issues at night,Medium
Frequent power interruption affecting streetlights at Peroorkada Junction,High
Complete streetlight outage observed at East Fort Junction,High
Electric pole leaning dangerously at Kowdiar Junction,Low
Late fee wrongly added during trade license renewal at Nemom Ward,Low
Wrong business category mentioned in trade license at Attakulangara Market,Low
Trade license renewal payment completed but status not updated at Manacaud Area,Low
Delay in issuing digital trade license copy for Karamana Area,Low
Delay in issuing digital trade license copy for Sreekariyam Area,Low
Duplicate trade license generated for shop at Peroorkada Junction,Low
Late fee wrongly added during trade license renewal at Vellayambalam Ward,Low
Business operating without valid trade license at Pattom Ward,Low
Trade license renewal payment completed but status not updated at Peroorkada Junction,Low
Trade license expiry date shown incorrectly for Vellayambalam Ward,Low
Trade license expiry date shown incorrectly for Vellayambalam Ward,Low
Business operating without valid trade license at Thampanoor Area,Low
Late fee wrongly added during trade license renewal at East Fort Area,Low
Business operating without valid trade license at Kazhakkoottam Junction,Low
Delay in issuing digital trade license copy for East Fort Area,Low
Payment deducted but renewal not processed for trade license at Nemom Ward,Low
Delay in issuing digital trade license copy for Vanchiyoor Ward,Low
Online renewal portal not working for trade license at Palayam Junction,Low
Delay in issuing digital trade license copy for Kazhakkoottam Junction,Low
Application for new trade license stuck in pending status at Poojappura Road,Low
Business operating without valid trade license at Sreekariyam Area,Low
Trade license cancellation request not processed for Sreekariyam Area,Low
Business operating without valid trade license at East Fort Area,Low
Trade license expiry date shown incorrectly for Vellayambalam Ward,Low
Trade license certificate not received after approval at Vellayambalam Ward,Low
Name correction request pending in trade license at Palayam Junction,Low
Incorrect trade license fee calculated for business at Karamana Area,Low
Trade license certificate not received after approval at Pattom Ward,Low
Late fee wrongly added during trade license renewal at Poojappura Road,Low
Payment deducted but renewal not processed for trade license at Palayam Junction,Low
Payment deducted but renewal not processed for trade license at East Fort Area,Low
Online renewal portal not working for trade license at East Fort Area,Low
Trade license expiry date shown incorrectly for East Fort Area,Low
Duplicate trade license generated for shop at Pattom Ward,Low
Incorrect trade license fee calculated for business at Vellayambalam Ward,Low
Incorrect trade license fee calculated for business at Palayam Junction,Low
Name correction request pending in trade license at Sreekariyam Area,Low
Payment deducted but renewal not processed for trade license at Kowdiar Area,Low
Name correction request pending in trade license at Kazhakkoottam Junction,Low
Application for new trade license stuck in pending status at Palayam Junction,Low
Late fee wrongly added during trade license renewal at Karamana Area,Low
Name correction request pending in trade license at Peroorkada Junction,Low
Wrong business category mentioned in trade license at Kowdiar Area,Low
Incorrect trade license fee calculated for business at Thampanoor Area,Low
Wrong business category mentioned in trade license at Thampanoor Area,Low
Name correction request pending in trade license at Peroorkada Junction,Low
Incorrect trade license fee calculated for business at Peroorkada Junction,Low
Trade license certificate not received after approval at Pattom Ward,Low
Application for new trade license stuck in pending status at Peroorkada Junction,Low
Business operating without valid trade license at Thampanoor Area,Low
Duplicate trade license generated for shop at Peroorkada Junction,Low
Trade license cancellation request not processed for East Fort Area,Low
Application for new trade license stuck in pending status at Kazhakkoottam Junction,Low
Trade license certificate not received after approval at East Fort Area,Low
Trade license expiry date shown incorrectly for Sreekariyam Area,Low
Application for new trade license stuck in pending status at Kowdiar Area,Low
Trade license expiry date shown incorrectly for Poojappura Road,Low
Business operating without valid trade license at Nemom Ward,Low
Delay in issuing digital trade license copy for Palayam Junction,Low
Name correction request pending in trade license at Poojappura Road,Low
Name correction request pending in trade license at Sreekariyam Area,Low
Late fee wrongly added during trade license renewal at Sreekariyam Area,Low
Trade license certificate not received after approval at Palayam Junction,Low
Duplicate trade license generated for shop at Vanchiyoor Ward,Low
Business operating without valid trade license at Vanchiyoor Ward,Low
Online renewal portal not working for trade license at Kazhakkoottam Junction,Low
Late fee wrongly added during trade license renewal at Manacaud Area,Low
Business operating without valid trade license at Kazhakkoottam Junction,Low
Online renewal portal not working for trade license at Karamana Area,Low
Trade license certificate not received after approval at Kowdiar Area,Low
Online renewal portal not working for trade license at Poojappura Road,Low
Duplicate trade license generated for shop at Vellayambalam Ward,Low
Trade license expiry date shown incorrectly for Manacaud Area,Low
Trade license cancellation request not processed for Vellayambalam Ward,Low
Trade license renewal payment completed but status not updated at East Fort Area,Low
Trade license expiry date shown incorrectly for Kazhakkoottam Junction,Low
Application for new trade license stuck in pending status at Kowdiar Area,Low
Delay in issuing digital trade license copy for Peroorkada Junction,Low
Trade license certificate not received after approval at Attakulangara Market,Low
Business operating without valid trade license at Karamana Area,Low
Trade license cancellation request not processed for Kazhakkoottam Junction,Low
Name correction request pending in trade license at Vellayambalam Ward,Low
Delay in issuing digital trade license copy for Vellayambalam Ward,Low
Business operating without valid trade license at Manacaud Area,Low
Delay in issuing digital trade license copy for Karamana Area,Low
Trade license cancellation request not processed for Nemom Ward,Low
Online renewal portal not working for trade license at Peroorkada Junction,Low
Delay in issuing digital trade license copy for Sreekariyam Area,Low
Wrong business category mentioned in trade license at Vellayambalam Ward,Low
Late fee wrongly added during trade license renewal at East Fort Area,Low
Business operating without valid trade license at Palayam Junction,Low
Delay in approval of trade license application at Vanchiyoor Ward under TVM Corporation,Low
Trade license renewal payment completed but status not updated at Attakulangara Market,Low
Delay in approval of trade license application at East Fort Area under TVM Corporation,Low
Trade license expiry date shown incorrectly for Kazhakkoottam Junction,Low
Delay in approval of trade license application at Peroorkada Junction under TVM Corporation,Low
Late fee wrongly added during trade license renewal at Kowdiar Area,Low
Name correction request pending in trade license at Vellayambalam Ward,Low
Payment deducted but renewal not processed for trade license at Vellayambalam Ward,Low
Late fee wrongly added during trade license renewal at Nemom Ward,Low
Incorrect trade license fee calculated for business at Kowdiar Area,Low
Incorrect trade license fee calculated for business at East Fort Area,Low
Payment deducted but renewal not processed for trade license at Kazhakkoottam Junction,Low
Incorrect trade license fee calculated for business at Sreekariyam Area,Low
Trade license expiry date shown incorrectly for Kazhakkoottam Junction,Low
Trade license expiry date shown incorrectly for Poojappura Road,Low
Trade license certificate not received after approval at Peroorkada Junction,Low
Business operating without valid trade license at Nemom Ward,Low
Application for new trade license stuck in pending status at Sreekariyam Area,Low
Trade license expiry date shown incorrectly for Kowdiar Area,Low
Trade license expiry date shown incorrectly for Attakulangara Market,Low
Online renewal portal not working for trade license at Attakulangara Market,Low
Trade license certificate not received after approval at East Fort Area,Low
Trade license cancellation request not processed for Vanchiyoor Ward,Low
Trade license certificate not received after approval at East Fort Area,Low
Incorrect trade license fee calculated for business at Peroorkada Junction,Low
Trade license cancellation request not processed for Karamana Area,Low
Duplicate trade license generated for shop at Kowdiar Area,Low
Trade license expiry date shown incorrectly for Kazhakkoottam Junction,Low
Duplicate trade license generated for shop at Poojappura Road,Low
Incorrect trade license fee calculated for business at Palayam Junction,Low
Application for new trade license stuck in pending status at Attakulangara Market,Low
Delay in issuing digital trade license copy for Peroorkada Junction,Low
Trade license certificate not received after approval at Palayam Junction,Low
Trade license renewal payment completed but status not updated at Sreekariyam Area,Low
Application for new trade license stuck in pending status at Peroorkada Junction,Low
Application for new trade license stuck in pending status at East Fort Area,Low
Business operating without valid trade license at Kowdiar Area,Low
Trade license renewal payment completed but status not updated at Peroorkada Junction,Low
Online renewal portal not working for trade license at Kowdiar Area,Low
Trade license renewal payment completed but status not updated at Vellayambalam Ward,Low
Business operating without valid trade license at Kazhakkoottam Junction,Low
Name correction request pending in trade license at Nemom Ward,Low
Trade license renewal payment completed but status not updated at Poojappura Road,Low
Name correction request pending in trade license at Peroorkada Junction,Low
Online renewal portal not working for trade license at Manacaud Area,Low
Trade license cancellation request not processed for Kowdiar Area,Low
Delay in issuing digital trade license copy for Thampanoor Area,Low
Business operating without valid trade license at Manacaud Area,Low
Trade license renewal payment completed but status not updated at Karamana Area,Low
Duplicate trade license generated for shop at Kowdiar Area,Low
Late fee wrongly added during trade license renewal at Nemom Ward,Low
Trade license expiry date shown incorrectly for Thampanoor Area,Low
Trade license certificate not received after approval at Kowdiar Area,Low
Payment deducted but renewal not processed for trade license at Poojappura Road,Low
Online renewal portal not working for trade license at Karamana Area,Low
Late fee wrongly added during trade license renewal at Manacaud Area,Low
Online renewal portal not working for trade license at Vanchiyoor Ward,Low
Incorrect trade license fee calculated for business at Kowdiar Area,Low
Trade license renewal payment completed but status not updated at Karamana Area,Low
Delay in issuing digital trade license copy for Palayam Junction,Low
Application for new trade license stuck in pending status at Peroorkada Junction,Low
Business operating without valid trade license at Thampanoor Area,Low
Online renewal portal not working for trade license at Pattom Ward,Low
Trade license expiry date shown incorrectly for Pattom Ward,Low
Delay in issuing digital trade license copy for Thampanoor Area,Low
Incorrect trade license fee calculated for business at Sreekariyam Area,Low
Delay in approval of trade license application at Karamana Area under TVM Corporation,Low
Incorrect trade license fee calculated for business at Kazhakkoottam Junction,Low
Delay in approval of trade license application at East Fort Area under TVM Corporation,Low
Delay in approval of trade license application at Attakulangara Market under TVM Corporation,Low
Name correction request pending in trade license at Thampanoor Area,Low
Trade license renewal payment completed but status not updated at Vanchiyoor Ward,Low
Wrong business category mentioned in trade license at East Fort Area,Low
Delay in approval of trade license application at Pattom Ward under TVM Corporation,Low
Application for new trade license stuck in pending status at Manacaud Area,Low
Online renewal portal not working for trade license at Kowdiar Area,Low
Trade license cancellation request not processed for Pattom Ward,Low
Delay in issuing digital trade license copy for Kazhakkoottam Junction,Low
Trade license cancellation request not processed for Sreekariyam Area,Low
Wrong business category mentioned in trade license at Manacaud Area,Low
Wrong business category mentioned in trade license at Nemom Ward,Low
Name correction request pending in trade license at Kowdiar Area,Low
Online renewal portal not working for trade license at Nemom Ward,Low
Application for new trade license stuck in pending status at Karamana Area,Low
Trade license expiry date shown incorrectly for Kowdiar Area,Low
Late fee wrongly added during trade license renewal at East Fort Area,Low
Trade license expiry date shown incorrectly for Attakulangara Market,Low
Trade license certificate not received after approval at Pattom Ward,Low
Incorrect trade license fee calculated for business at Kazhakkoottam Junction,Low
Trade license cancellation request not processed for Pattom Ward,Low
Wrong business category mentioned in trade license at Kazhakkoottam Junction,Low
Duplicate trade license generated for shop at Nemom Ward,Low
Delay in approval of trade license application at Kowdiar Area under TVM Corporation,Low
Delay in approval of trade license application at Kazhakkoottam Junction under TVM Corporation,Low
Trade license renewal payment completed but status not updated at Poojappura Road,Low
Business operating without valid trade license at Pattom Ward,Low
Online renewal portal not working for trade license at Poojappura Road,Low
Delay in issuing digital trade license copy for Thampanoor Area,Low
Late fee wrongly added during trade license renewal at Vanchiyoor Ward,Low
Delay in issuing digital trade license copy for Kowdiar Area,Low
Delay in issuing digital trade license copy for Pattom Ward,Low
Payment deducted but renewal not processed for trade license at Poojappura Road,Low
Trade license cancellation request not processed for Palayam Junction,Low
Delay in issuing digital trade license copy for East Fort Area,Low
Application for new trade license stuck in pending status at Kowdiar Area,Low
Trade license certificate not received after approval at Peroorkada Junction,Low
Payment deducted but renewal not processed for trade license at East Fort Area,Low
Trade license renewal payment completed but status not updated at Sreekariyam Area,Low
Trade license certificate not received after approval at Poojappura Road,Low
Wrong business category mentioned in trade license at Vellayambalam Ward,Low
Payment deducted but renewal not processed for trade license at East Fort Area,Low
Incorrect trade license fee calculated for business at Sreekariyam Area,Low
Wrong business category mentioned in trade license at East Fort Area,Low
Delay in issuing digital trade license copy for Thampanoor Area,Low
Delay in approval of trade license application at Thampanoor Area under TVM Corporation,Low
Delay in approval of trade license application at Peroorkada Junction under TVM Corporation,Low
Name correction request pending in trade license at Sreekariyam Area,Low
Duplicate trade license generated for shop at Sreekariyam Area,Low
Delay in issuing digital trade license copy for Vanchiyoor Ward,Low
Duplicate trade license generated for shop at Palayam Junction,Low
Trade license cancellation request not processed for Palayam Junction,Low
Trade license cancellation request not processed for Sreekariyam Area,Low
Online renewal portal not working for trade license at Vellayambalam Ward,Low
Application for new trade license stuck in pending status at Karamana Area,Low
Delay in approval of trade license application at Sreekariyam Area under TVM Corporation,Low
Late fee wrongly added during trade license renewal at Pattom Ward,Low
Trade license cancellation request not processed for East Fort Area,Low
Business operating without valid trade license at Vanchiyoor Ward,Low
Payment deducted but renewal not processed for trade license at Pattom Ward,Low
Name correction request pending in trade license at Thampanoor Area,Low
Duplicate trade license generated for shop at Sreekariyam Area,Low
Payment deducted but renewal not processed for trade license at Kowdiar Area,Low
Trade license cancellation request not processed for Sreekariyam Area,Low
Delay in issuing digital trade license copy for Vanchiyoor Ward,Low
Business operating without valid trade license at Vellayambalam Ward,Low
Delay in approval of trade license application at Nemom Ward under TVM Corporation,Low
Trade license renewal payment completed but status not updated at Palayam Junction,Low
Delay in issuing digital trade license copy for Pattom Ward,Low
Delay in issuing digital trade license copy for Attakulangara Market,Low
Delay in issuing digital trade license copy for East Fort Area,Low
Trade license certificate not received after approval at Attakulangara Market,Low
Incorrect trade license fee calculated for business at Kazhakkoottam Junction,Low
Late fee wrongly added during trade license renewal at Kazhakkoottam Junction,Low
Payment deducted but renewal not processed for trade license at Attakulangara Market,Low
Delay in issuing digital trade license copy for Nemom Ward,Low
Duplicate trade license generated for shop at Manacaud Area,Low
Name correction request pending in trade license at Poojappura Road,Low
Application for new trade license stuck in pending status at Manacaud Area,Low
Online renewal portal not working for trade license at Vellayambalam Ward,Low
Wrong business category mentioned in trade license at Peroorkada Junction,Low
Trade license renewal payment completed but status not updated at Palayam Junction,Low
Online renewal portal not working for trade license at Nemom Ward,Low
Name correction request pending in trade license at Thampanoor Area,Low
Incorrect trade license fee calculated for business at Attakulangara Market,Low
Delay in issuing digital trade license copy for Nemom Ward,Low
Name correction request pending in trade license at Palayam Junction,Low
Wrong business category mentioned in trade license at Sreekariyam Area,Low
Late fee wrongly added during trade license renewal at Attakulangara Market,Low
Delay in issuing digital trade license copy for East Fort Area,Low
Payment deducted but renewal not processed for trade license at Pattom Ward,Low
Delay in issuing digital trade license copy for Manacaud Area,Low
Delay in approval of trade license application at Nemom Ward under TVM Corporation,Low
Payment deducted but renewal not processed for trade license at East Fort Area,Low
Delay in issuing digital trade license copy for Attakulangara Market,Low
Delay in issuing digital trade license copy for Kazhakkoottam Junction,Low
Delay in issuing digital trade license copy for Sreekariyam Area,Low
Delay in approval of trade license application at Nemom Ward under TVM Corporation,Low
Late fee wrongly added during trade license renewal at Thampanoor Area,Low
Trade license renewal payment completed but status not updated at Sreekariyam Area,Low
Late fee wrongly added during trade license renewal at Karamana Area,Low
Delay in issuing digital trade license copy for Palayam Junction,Low
Trade license cancellation request not processed for Kazhakkoottam Junction,Low
Name correction request pending in trade license at East Fort Area,Low
Trade license expiry date shown incorrectly for Kazhakkoottam Junction,Low
Duplicate trade license generated for shop at Thampanoor Area,Low
Trade license renewal payment completed but status not updated at Thampanoor Area,Low
Trade license cancellation request not processed for Kowdiar Area,Low
Trade license renewal payment completed but status not updated at Attakulangara Market,Low
Trade license certificate not received after approval at Thampanoor Area,Low
Duplicate trade license generated for shop at Kowdiar Area,Low
Incorrect trade license fee calculated for business at Karamana Area,Low
Name correction request pending in trade license at Attakulangara Market,Low
Late fee wrongly added during trade license renewal at Attakulangara Market,Low
Business operating without valid trade license at Poojappura Road,Low
Delay in issuing digital trade license copy for Pattom Ward,Low
Duplicate trade license generated for shop at Palayam Junction,Low
Business operating without valid trade license at Kowdiar Area,Low
Trade license cancellation request not processed for Attakulangara Market,Low
Incorrect trade license fee calculated for business at Sreekariyam Area,Low
Trade license certificate not received after approval at Thampanoor Area,Low
Late fee wrongly added during trade license renewal at Vanchiyoor Ward,Low
Online renewal portal not working for trade license at Vanchiyoor Ward,Low
Online renewal portal not working for trade license at Thampanoor Area,Low
Trade license cancellation request not processed for Sreekariyam Area,Low
Application for new trade license stuck in pending status at Sreekariyam Area,Low
Payment deducted but renewal not processed for trade license at Palayam Junction,Low
Business operating without valid trade license at Attakulangara Market,Low
Trade license cancellation request not processed for Manacaud Area,Low
Application for new trade license stuck in pending status at Thampanoor Area,Low
Delay in approval of trade license application at Vellayambalam Ward under TVM Corporation,Low
Incorrect trade license fee calculated for business at Poojappura Road,Low
Trade license cancellation request not processed for Vanchiyoor Ward,Low
Trade license cancellation request not processed for Kowdiar Area,Low
Duplicate trade license generated for shop at Kazhakkoottam Junction,Low
Wrong business category mentioned in trade license at Pattom Ward,Low
Incorrect trade license fee calculated for business at Attakulangara Market,Low
Delay in approval of trade license application at Karamana Area under TVM Corporation,Low
Delay in approval of trade license application at Attakulangara Market under TVM Corporation,Low
Application for new trade license stuck in pending status at Manacaud Area,Low
Delay in issuing digital trade license copy for Peroorkada Junction,Low
Online renewal portal not working for trade license at Kowdiar Area,Low
Trade license expiry date shown incorrectly for Manacaud Area,Low
Delay in issuing digital trade license copy for Poojappura Road,Low
Late fee wrongly added during trade license renewal at Peroorkada Junction,Low
Trade license certificate not received after approval at Vellayambalam Ward,Low
Trade license renewal payment completed but status not updated at Sreekariyam Area,Low
Business operating without valid trade license at Nemom Ward,Low
Trade license renewal payment completed but status not updated at East Fort Area,Low
Incorrect trade license fee calculated for business at Karamana Area,Low
Application for new trade license stuck in pending status at Sreekariyam Area,Low
Late fee wrongly added during trade license renewal at East Fort Area,Low
Application for new trade license stuck in pending status at Vanchiyoor Ward,Low
Delay in approval of trade license application at Peroorkada Junction under TVM Corporation,Low
Wrong business category mentioned in trade license at Karamana Area,Low
Application for new trade license stuck in pending status at Thampanoor Area,Low
Late fee wrongly added during trade license renewal at Thampanoor Area,Low
Trade license expiry date shown incorrectly for Kowdiar Area,Low
Trade license certificate not received after approval at Thampanoor Area,Low
Wrong business category mentioned in trade license at East Fort Area,Low
Name correction request pending in trade license at Vanchiyoor Ward,Low
Delay in issuing digital trade license copy for Sreekariyam Area,Low
Payment deducted but renewal not processed for trade license at Vanchiyoor Ward,Low
Online renewal portal not working for trade license at Nemom Ward,Low
Late fee wrongly added during trade license renewal at Thampanoor Area,Low
Delay in issuing digital trade license copy for Attakulangara Market,Low
Duplicate trade license generated for shop at Pattom Ward,Low
Application for new trade license stuck in pending status at Palayam Junction,Low
Late fee wrongly added during trade license renewal at Sreekariyam Area,Low
Late fee wrongly added during trade license renewal at Thampanoor Area,Low
Trade license expiry date shown incorrectly for East Fort Area,Low
Trade license cancellation request not processed for Palayam Junction,Low
Trade license renewal payment completed but status not updated at Attakulangara Market,Low
Trade license certificate not received after approval at Poojappura Road,Low
Trade license certificate not received after approval at Attakulangara Market,Low
Delay in issuing digital trade license copy for Poojappura Road,Low
Duplicate trade license generated for shop at Vellayambalam Ward,Low
Delay in approval of trade license application at Nemom Ward under TVM Corporation,Low
Name correction request pending in trade license at Peroorkada Junction,Low
Online renewal portal not working for trade license at Vellayambalam Ward,Low
Duplicate trade license generated for shop at Poojappura Road,Low
Online renewal portal not working for trade license at Nemom Ward,Low
Online renewal portal not working for trade license at Palayam Junction,Low
Online renewal portal not working for trade license at Attakulangara Market,Low
Trade license certificate not received after approval at Kowdiar Area,Low
Duplicate trade license generated for shop at Poojappura Road,Low
Payment deducted but renewal not processed for trade license at East Fort Area,Low
Delay in approval of trade license application at Vanchiyoor Ward under TVM Corporation,Low
Trade license renewal payment completed but status not updated at Thampanoor Area,Low
Incorrect trade license fee calculated for business at Karamana Area,Low
Wrong business category mentioned in trade license at Kazhakkoottam Junction,Low
Business operating without valid trade license at East Fort Area,Low
Trade license renewal payment completed but status not updated at East Fort Area,Low
Trade license cancellation request not processed for Vanchiyoor Ward,Low
Application for new trade license stuck in pending status at Peroorkada Junction,Low
Delay in approval of trade license application at Pattom Ward under TVM Corporation,Low
Online renewal portal not working for trade license at Attakulangara Market,Low
Online renewal portal not working for trade license at Poojappura Road,Low
Trade license cancellation request not processed for Nemom Ward,Low
Incorrect trade license fee calculated for business at Sreekariyam Area,Low
Name correction request pending in trade license at Vanchiyoor Ward,Low
Trade license expiry date shown incorrectly for Attakulangara Market,Low
Delay in issuing digital trade license copy for Attakulangara Market,Low
Application for new trade license stuck in pending status at East Fort Area,Low
Application for new trade license stuck in pending status at Karamana Area,Low
Name correction request pending in trade license at Kowdiar Area,Low
Delay in approval of trade license application at Kazhakkoottam Junction under TVM Corporation,Low
Trade license cancellation request not processed for Palayam Junction,Low
Payment deducted but renewal not processed for trade license at Vellayambalam Ward,Low
Business operating without valid trade license at Peroorkada Junction,Low
Wrong business category mentioned in trade license at Sreekariyam Area,Low
Delay in approval of trade license application at Kowdiar Area under TVM Corporation,Low
Name correction request pending in trade license at Vellayambalam Ward,Low
Incorrect trade license fee calculated for business at Nemom Ward,Low
Trade license renewal payment completed but status not updated at Peroorkada Junction,Low
Trade license expiry date shown incorrectly for Poojappura Road,Low
Trade license expiry date shown incorrectly for Peroorkada Junction,Low
Online renewal portal not working for trade license at Kowdiar Area,Low
Wrong business category mentioned in trade license at Nemom Ward,Low
Delay in approval of trade license application at Thampanoor Area under TVM Corporation,Low
Online renewal portal not working for trade license at Kazhakkoottam Junction,Low
Name correction request pending in trade license at East Fort Area,Low
Incorrect trade license fee calculated for business at Thampanoor Area,Low
Trade license expiry date shown incorrectly for Kowdiar Area,Low
Trade license cancellation request not processed for Attakulangara Market,Low
Online renewal portal not working for trade license at Poojappura Road,Low
Delay in issuing digital trade license copy for Kazhakkoottam Junction,Low
Incorrect trade license fee calculated for business at Poojappura Road,Low
Online renewal portal not working for trade license at Vellayambalam Ward,Low
Incorrect trade license fee calculated for business at Kowdiar Area,Low
Incorrect trade license fee calculated for business at Nemom Ward,Low
Delay in issuing digital trade license copy for Attakulangara Market,Low
Delay in issuing digital trade license copy for Kazhakkoottam Junction,Low
Trade license expiry date shown incorrectly for Karamana Area,Low
Delay in issuing digital trade license copy for East Fort Area,Low
Delay in issuing digital trade license copy for Pattom Ward,Low
Incorrect trade license fee calculated for business at Poojappura Road,Low
Application for new trade license stuck in pending status at Vanchiyoor Ward,Low
Trade license certificate not received after approval at Karamana Area,Low
Application for new trade license stuck in pending status at Nemom Ward,Low
Name correction request pending in trade license at Manacaud Area,Low
Trade license cancellation request not processed for Palayam Junction,Low
Incorrect trade license fee calculated for business at Vanchiyoor Ward,Low
Trade license expiry date shown incorrectly for East Fort Area,Low
Delay in approval of trade license application at Thampanoor Area under TVM Corporation,Low
Delay in approval of trade license application at Karamana Area under TVM Corporation,Low
Trade license certificate not received after approval at Karamana Area,Low
Online renewal portal not working for trade license at Manacaud Area,Low
Trade license renewal payment completed but status not updated at Kazhakkoottam Junction,Low
Trade license renewal payment completed but status not updated at Attakulangara Market,Low
Trade license certificate not received after approval at Vanchiyoor Ward,Low
Duplicate trade license generated for shop at Vellayambalam Ward,Low
Trade license renewal payment completed but status not updated at Kazhakkoottam Junction,Low
Trade license cancellation request not processed for Vellayambalam Ward,Low
Name correction request pending in trade license at Poojappura Road,Low
Payment deducted but renewal not processed for trade license at Vanchiyoor Ward,Low
Incorrect trade license fee calculated for business at Karamana Area,Low
Trade license certificate not received after approval at Karamana Area,Low
Late fee wrongly added during trade license renewal at Peroorkada Junction,Low
Trade license cancellation request not processed for Nemom Ward,Low
Application for new trade license stuck in pending status at Thampanoor Area,Low
Delay in approval of trade license application at Kazhakkoottam Junction under TVM Corporation,Low
Late fee wrongly added during trade license renewal at East Fort Area,Low
Business operating without valid trade license at Karamana Area,Low
Late fee wrongly added during trade license renewal at Manacaud Area,Low
Trade license cancellation request not processed for Manacaud Area,Low
Incorrect trade license fee calculated for business at Nemom Ward,Low
Business operating without valid trade license at Vellayambalam Ward,Low
Trade license expiry date shown incorrectly for Sreekariyam Area,Low
Trade license renewal payment completed but status not updated at Thampanoor Area,Low
Late fee wrongly added during trade license renewal at Sreekariyam Area,Low
Payment deducted but renewal not processed for trade license at Peroorkada Junction,Low
Online renewal portal not working for trade license at Peroorkada Junction,Low
Online renewal portal not working for trade license at East Fort Area,Low
Wrong business category mentioned in trade license at Sreekariyam Area,Low
Wrong business category mentioned in trade license at Poojappura Road,Low
Delay in approval of trade license application at Kowdiar Area under TVM Corporation,Low
Trade license certificate not received after approval at Attakulangara Market,Low
Online renewal portal not working for trade license at Vanchiyoor Ward,Low
Trade license renewal payment completed but status not updated at Thampanoor Area,Low
Payment deducted but renewal not processed for trade license at Peroorkada Junction,Low
Delay in approval of trade license application at Vellayambalam Ward under TVM Corporation,Low
Incorrect trade license fee calculated for business at East Fort Area,Low
Late fee wrongly added during trade license renewal at Thampanoor Area,Low
Trade license expiry date shown incorrectly for Sreekariyam Area,Low
Payment deducted but renewal not processed for trade license at Poojappura Road,Low
Wrong business category mentioned in trade license at Manacaud Area,Low
Trade license renewal payment completed but status not updated at Nemom Ward,Low
Delay in approval of trade license application at Vellayambalam Ward under TVM Corporation,Low
Payment deducted but renewal not processed for trade license at Karamana Area,Low
Incorrect trade license fee calculated for business at Karamana Area,Low
Trade license renewal payment completed but status not updated at Pattom Ward,Low
Application for new trade license stuck in pending status at Thampanoor Area,Low
Name correction request pending in trade license at Nemom Ward,Low
Application for new trade license stuck in pending status at Karamana Area,Low
Wrong business category mentioned in trade license at Karamana Area,Low
Delay in issuing digital trade license copy for Kazhakkoottam Junction,Low
Trade license cancellation request not processed for Palayam Junction,Low
Duplicate trade license generated for shop at Sreekariyam Area,Low
Name correction request pending in trade license at Poojappura Road,Low
Trade license expiry date shown incorrectly for Manacaud Area,Low
Trade license cancellation request not processed for Poojappura Road,Low
Application for new trade license stuck in pending status at Poojappura Road,Low
Wrong business category mentioned in trade license at Sreekariyam Area,Low
Delay in approval of trade license application at Palayam Junction under TVM Corporation,Low
Trade license cancellation request not processed for Thampanoor Area,Low
Delay in issuing digital trade license copy for Palayam Junction,Low
Trade license certificate not received after approval at Pattom Ward,Low
Online renewal portal not working for trade license at Thampanoor Area,Low
Trade license renewal payment completed but status not updated at Vanchiyoor Ward,Low
Wrong business category mentioned in trade license at Palayam Junction,Low
Incorrect trade license fee calculated for business at Manacaud Area,Low
Business operating without valid trade license at Karamana Area,Low
Delay in approval of trade license application at Peroorkada Junction under TVM Corporation,Low
Incorrect trade license fee calculated for business at Sreekariyam Area,Low
Online renewal portal not working for trade license at Kowdiar Area,Low
Payment deducted but renewal not processed for trade license at Thampanoor Area,Low
Duplicate trade license generated for shop at Palayam Junction,Low
Wrong business category mentioned in trade license at Manacaud Area,Low
Business operating without valid trade license at Kowdiar Area,Low
Trade license certificate not received after approval at Karamana Area,Low
Late fee wrongly added during trade license renewal at Manacaud Area,Low
Delay in approval of trade license application at East Fort Area under TVM Corporation,Low
Trade license renewal payment completed but status not updated at Kowdiar Area,Low
Incorrect trade license fee calculated for business at Kowdiar Area,Low
Trade license certificate not received after approval at Manacaud Area,Low
Business operating without valid trade license at Pattom Ward,Low
Trade license renewal payment completed but status not updated at Sreekariyam Area,Low
Payment deducted but renewal not processed for trade license at Vanchiyoor Ward,Low
Online renewal portal not working for trade license at Poojappura Road,Low
Trade license cancellation request not processed for Pattom Ward,Low
Wrong business category mentioned in trade license at Peroorkada Junction,Low
Trade license renewal payment completed but status not updated at Karamana Area,Low
Trade license cancellation request not processed for Sreekariyam Area,Low
Trade license cancellation request not processed for Palayam Junction,Low
Online renewal portal not working for trade license at Vellayambalam Ward,Low
Wrong business category mentioned in trade license at Kowdiar Area,Low
Duplicate trade license generated for shop at Sreekariyam Area,Low
Online renewal portal not working for trade license at Kowdiar Area,Low
Business operating without valid trade license at Poojappura Road,Low
Rat infestation noticed in Manacaud Area locality,High
Open sewage causing health risk at Vanchiyoor Ward,Critical
Water stagnation in vacant plot at Pattom Ward leading to vector issues,Medium
Open sewage causing health risk at Palayam Area,Critical
Blocked drain causing mosquito breeding at Nemom Ward,Medium
Improper waste disposal increasing disease risk at Nemom Ward,High
Frequent mosquito nuisance reported in Karamana Area residential area,Medium
Rat infestation noticed in Karamana Area locality,High
Frequent mosquito nuisance reported in East Fort Junction residential area,Medium
Rat infestation noticed in Kazhakkoottam Junction locality,High
Cockroach infestation reported near Peroorkada Junction market area,High
Request for fogging operation in Pattom Ward area due to dengue cases,Critical
Uncovered septic tank causing mosquito breeding at Kazhakkoottam Junction,Medium
Frequent mosquito nuisance reported in Sreekariyam Area residential area,Medium
Open sewage causing health risk at Peroorkada Junction,Critical
Water stagnation in vacant plot at Palayam Area leading to vector issues,Medium
Frequent mosquito nuisance reported in Vellayambalam Ward residential area,Medium
Blocked drain causing mosquito breeding at Palayam Area,Medium
Uncovered septic tank causing mosquito breeding at Nemom Ward,Medium
Cockroach infestation reported near East Fort Junction market area,High
Cockroach infestation reported near Kazhakkoottam Junction market area,High
Rat infestation noticed in Vanchiyoor Ward locality,High
Cockroach infestation reported near Kowdiar Junction market area,High
Frequent mosquito nuisance reported in Attakulangara Market Area residential area,Medium
Water stagnation in vacant plot at Kowdiar Junction leading to vector issues,Medium
Mosquito breeding reported due to stagnant water at Karamana Area,High
Rat infestation noticed in Sreekariyam Area locality,High
Water stagnation in vacant plot at Vanchiyoor Ward leading to vector issues,Medium
Rat infestation noticed in Manacaud Area locality,High
Water stagnation in vacant plot at Kazhakkoottam Junction leading to vector issues,Medium
Stray dog carcass not cleared from Vanchiyoor Ward,Medium
Cockroach infestation reported near Vellayambalam Ward market area,High
Water stagnation in vacant plot at Attakulangara Market Area leading to vector issues,Medium
Public complaint about delayed vector control action at Kowdiar Junction,Low
Dead animal not removed promptly from East Fort Junction,Medium
Dead animal not removed promptly from Sreekariyam Area,Medium
Uncovered septic tank causing mosquito breeding at East Fort Junction,Medium
Mosquito breeding reported due to stagnant water at Attakulangara Market Area,High
Improper waste disposal increasing disease risk at Nemom Ward,High
Stray dog carcass not cleared from Palayam Area,Medium
Mosquito breeding reported due to stagnant water at Peroorkada Junction,High
Frequent mosquito nuisance reported in Karamana Area residential area,Medium
Rat infestation noticed in East Fort Junction locality,High
Stray dog carcass not cleared from Vellayambalam Ward,Medium
Uncovered septic tank causing mosquito breeding at Poojappura Road,Medium
Cockroach infestation reported near Karamana Area market area,High
Uncovered septic tank causing mosquito breeding at Pattom Ward,Medium
Improper waste disposal increasing disease risk at Kazhakkoottam Junction,High
Accumulation of waste attracting flies at Kowdiar Junction,Medium
Cockroach infestation reported near Vanchiyoor Ward market area,High
Open sewage causing health risk at Vellayambalam Ward,Critical
Public complaint about delayed vector control action at Nemom Ward,Low
Request for anti-larval spraying at Kazhakkoottam Junction,Low
Accumulation of waste attracting flies at Peroorkada Junction,Medium
Blocked drain causing mosquito breeding at Manacaud Area,Medium
Blocked drain causing mosquito breeding at Palayam Area,Medium
Blocked drain causing mosquito breeding at Pattom Ward,Medium
Public complaint about delayed vector control action at Poojappura Road,Low
Request for fogging operation in Peroorkada Junction area due to dengue cases,Critical
Rat infestation noticed in Pattom Ward locality,High
Stray dog carcass not cleared from Kazhakkoottam Junction,Medium
Request for fogging operation in Karamana Area area due to dengue cases,Critical
Rat infestation noticed in Kazhakkoottam Junction locality,High
Request for fogging operation in Attakulangara Market Area area due to dengue cases,Critical
Frequent mosquito nuisance reported in Pattom Ward residential area,Medium
Mosquito breeding reported due to stagnant water at Poojappura Road,High
Cockroach infestation reported near Manacaud Area market area,High
Request for anti-larval spraying at Kowdiar Junction,Low
Stray dog carcass not cleared from Peroorkada Junction,Medium
Request for anti-larval spraying at Vanchiyoor Ward,Low
Accumulation of waste attracting flies at Attakulangara Market Area,Medium
Water stagnation in vacant plot at Thampanoor Junction leading to vector issues,Medium
Rat infestation noticed in Vellayambalam Ward locality,High
Request for fogging operation in Palayam Area area due to dengue cases,Critical
Cockroach infestation reported near Palayam Area market area,High
Accumulation of waste attracting flies at Thampanoor Junction,Medium
Blocked drain causing mosquito breeding at Karamana Area,Medium
Frequent mosquito nuisance reported in Pattom Ward residential area,Medium
Request for anti-larval spraying at Pattom Ward,Low
Blocked drain causing mosquito breeding at Karamana Area,Medium
Accumulation of waste attracting flies at Thampanoor Junction,Medium
Request for fogging operation in Sreekariyam Area area due to dengue cases,Critical
Request for anti-larval spraying at Peroorkada Junction,Low
Cockroach infestation reported near Kowdiar Junction market area,High
Rat infestation noticed in Peroorkada Junction locality,High
Water stagnation in vacant plot at East Fort Junction leading to vector issues,Medium
Accumulation of waste attracting flies at Kazhakkoottam Junction,Medium
Open sewage causing health risk at Karamana Area,Critical
Cockroach infestation reported near Kowdiar Junction market area,High
Frequent mosquito nuisance reported in Vellayambalam Ward residential area,Medium
Frequent mosquito nuisance reported in Thampanoor Junction residential area,Medium
Water stagnation in vacant plot at Thampanoor Junction leading to vector issues,Medium
Uncovered septic tank causing mosquito breeding at Attakulangara Market Area,Medium
Blocked drain causing mosquito breeding at Karamana Area,Medium
Public complaint about delayed vector control action at Peroorkada Junction,Low
Accumulation of waste attracting flies at Pattom Ward,Medium
Accumulation of waste attracting flies at Manacaud Area,Medium
Mosquito breeding reported due to stagnant water at Palayam Area,High
Water stagnation in vacant plot at Palayam Area leading to vector issues,Medium
Public complaint about delayed vector control action at East Fort Junction,Low
Open sewage causing health risk at Thampanoor Junction,Critical
Blocked drain causing mosquito breeding at Pattom Ward,Medium
Dead animal not removed promptly from Peroorkada Junction,Medium
Stray dog carcass not cleared from Pattom Ward,Medium
Uncovered septic tank causing mosquito breeding at Kowdiar Junction,Medium
Cockroach infestation reported near Vanchiyoor Ward market area,High
Mosquito breeding reported due to stagnant water at Sreekariyam Area,High
Request for anti-larval spraying at Attakulangara Market Area,Low
Blocked drain causing mosquito breeding at East Fort Junction,Medium
Open sewage causing health risk at East Fort Junction,Critical
Request for anti-larval spraying at Sreekariyam Area,Low
Stray dog carcass not cleared from East Fort Junction,Medium
Rat infestation noticed in Nemom Ward locality,High
Dead animal not removed promptly from Manacaud Area,Medium
Open sewage causing health risk at Attakulangara Market Area,Critical
Request for fogging operation in Poojappura Road area due to dengue cases,Critical
Dead animal not removed promptly from Attakulangara Market Area,Medium
Open sewage causing health risk at Nemom Ward,Critical
Accumulation of waste attracting flies at Pattom Ward,Medium
Frequent mosquito nuisance reported in Vanchiyoor Ward residential area,Medium
Mosquito breeding reported due to stagnant water at Karamana Area,High
Improper waste disposal increasing disease risk at Sreekariyam Area,High
Uncovered septic tank causing mosquito breeding at Palayam Area,Medium
Water stagnation in vacant plot at Pattom Ward leading to vector issues,Medium
Public complaint about delayed vector control action at Thampanoor Junction,Low
Accumulation of waste attracting flies at Poojappura Road,Medium
Water stagnation in vacant plot at Manacaud Area leading to vector issues,Medium
Request for fogging operation in Karamana Area area due to dengue cases,Critical
Open sewage causing health risk at Pattom Ward,Critical
Blocked drain causing mosquito breeding at Pattom Ward,Medium
Mosquito breeding reported due to stagnant water at Kazhakkoottam Junction,High
Public complaint about delayed vector control action at Kazhakkoottam Junction,Low
Request for fogging operation in Palayam Area area due to dengue cases,Critical
Stray dog carcass not cleared from Manacaud Area,Medium
Mosquito breeding reported due to stagnant water at Attakulangara Market Area,High
Rat infestation noticed in Kazhakkoottam Junction locality,High
Public complaint about delayed vector control action at Sreekariyam Area,Low
Request for fogging operation in East Fort Junction area due to dengue cases,Critical
Stray dog carcass not cleared from Poojappura Road,Medium
Public complaint about delayed vector control action at Nemom Ward,Low
Dead animal not removed promptly from Poojappura Road,Medium
Stray dog carcass not cleared from Poojappura Road,Medium
Cockroach infestation reported near Pattom Ward market area,High
Frequent mosquito nuisance reported in Kowdiar Junction residential area,Medium
Open sewage causing health risk at Pattom Ward,Critical
Request for fogging operation in Kowdiar Junction area due to dengue cases,Critical
Accumulation of waste attracting flies at Vanchiyoor Ward,Medium
Uncovered septic tank causing mosquito breeding at Attakulangara Market Area,Medium
Blocked drain causing mosquito breeding at Karamana Area,Medium
Request for anti-larval spraying at Pattom Ward,Low
Mosquito breeding reported due to stagnant water at Manacaud Area,High
Request for fogging operation in Palayam Area area due to dengue cases,Critical
Blocked drain causing mosquito breeding at East Fort Junction,Medium
Blocked drain causing mosquito breeding at Vanchiyoor Ward,Medium
Request for anti-larval spraying at Thampanoor Junction,Low
Request for anti-larval spraying at Thampanoor Junction,Low
Stray dog carcass not cleared from Pattom Ward,Medium
Dead animal not removed promptly from Peroorkada Junction,Medium
Mosquito breeding reported due to stagnant water at Kazhakkoottam Junction,High
Mosquito breeding reported due to stagnant water at Peroorkada Junction,High
Public complaint about delayed vector control action at Kowdiar Junction,Low
Blocked drain causing mosquito breeding at Vellayambalam Ward,Medium
Blocked drain causing mosquito breeding at Thampanoor Junction,Medium
Request for fogging operation in Peroorkada Junction area due to dengue cases,Critical
Public complaint about delayed vector control action at Pattom Ward,Low
Stray dog carcass not cleared from Attakulangara Market Area,Medium
Cockroach infestation reported near Sreekariyam Area market area,High
Accumulation of waste attracting flies at Kazhakkoottam Junction,Medium
Public complaint about delayed vector control action at Vanchiyoor Ward,Low
Open sewage causing health risk at Peroorkada Junction,Critical
Request for fogging operation in East Fort Junction area due to dengue cases,Critical
Request for fogging operation in Kowdiar Junction area due to dengue cases,Critical
Accumulation of waste attracting flies at Attakulangara Market Area,Medium
Frequent mosquito nuisance reported in Sreekariyam Area residential area,Medium
Stray dog carcass not cleared from Pattom Ward,Medium
Request for anti-larval spraying at Karamana Area,Low
Blocked drain causing mosquito breeding at Pattom Ward,Medium
Uncovered septic tank causing mosquito breeding at Karamana Area,Medium
Water stagnation in vacant plot at Poojappura Road leading to vector issues,Medium
Blocked drain causing mosquito breeding at East Fort Junction,Medium
Accumulation of waste attracting flies at Attakulangara Market Area,Medium
Mosquito breeding reported due to stagnant water at Peroorkada Junction,High
Open sewage causing health risk at Palayam Area,Critical
Accumulation of waste attracting flies at East Fort Junction,Medium
Rat infestation noticed in Karamana Area locality,High
Uncovered septic tank causing mosquito breeding at Attakulangara Market Area,Medium
Water stagnation in vacant plot at Palayam Area leading to vector issues,Medium
Open sewage causing health risk at Karamana Area,Critical
Mosquito breeding reported due to stagnant water at Karamana Area,High
Request for anti-larval spraying at Pattom Ward,Low
Rat infestation noticed in Vanchiyoor Ward locality,High
Frequent mosquito nuisance reported in Kowdiar Junction residential area,Medium
Request for fogging operation in Sreekariyam Area area due to dengue cases,Critical
Stray dog carcass not cleared from Peroorkada Junction,Medium
Frequent mosquito nuisance reported in Vellayambalam Ward residential area,Medium
Accumulation of waste attracting flies at East Fort Junction,Medium
Request for fogging operation in Peroorkada Junction area due to dengue cases,Critical
Dead animal not removed promptly from Karamana Area,Medium
Water stagnation in vacant plot at Kowdiar Junction leading to vector issues,Medium
Dead animal not removed promptly from Manacaud Area,Medium
Blocked drain causing mosquito breeding at Vellayambalam Ward,Medium
Request for anti-larval spraying at Palayam Area,Low
Open sewage causing health risk at Peroorkada Junction,Critical
Water stagnation in vacant plot at Vellayambalam Ward leading to vector issues,Medium
Improper waste disposal increasing disease risk at Karamana Area,High
Request for anti-larval spraying at Nemom Ward,Low
Public complaint about delayed vector control action at Thampanoor Junction,Low
Blocked drain causing mosquito breeding at Nemom Ward,Medium
Improper waste disposal increasing disease risk at Sreekariyam Area,High
Stray dog carcass not cleared from Sreekariyam Area,Medium
Improper waste disposal increasing disease risk at Peroorkada Junction,High
Request for fogging operation in Attakulangara Market Area area due to dengue cases,Critical
Accumulation of waste attracting flies at Peroorkada Junction,Medium
Stray dog carcass not cleared from Sreekariyam Area,Medium
Public complaint about delayed vector control action at Poojappura Road,Low
Uncovered septic tank causing mosquito breeding at Sreekariyam Area,Medium
Water stagnation in vacant plot at Pattom Ward leading to vector issues,Medium
Cockroach infestation reported near Vanchiyoor Ward market area,High
Open sewage causing health risk at Manacaud Area,Critical
Water stagnation in vacant plot at Nemom Ward leading to vector issues,Medium
Blocked drain causing mosquito breeding at Kazhakkoottam Junction,Medium
Request for fogging operation in Attakulangara Market Area area due to dengue cases,Critical
Public complaint about delayed vector control action at Nemom Ward,Low
Open sewage causing health risk at Karamana Area,Critical
Request for anti-larval spraying at Attakulangara Market Area,Low
Water stagnation in vacant plot at Thampanoor Junction leading to vector issues,Medium
Uncovered septic tank causing mosquito breeding at Sreekariyam Area,Medium
Rat infestation noticed in Nemom Ward locality,High
Uncovered septic tank causing mosquito breeding at Poojappura Road,Medium
Open sewage causing health risk at Nemom Ward,Critical
Frequent mosquito nuisance reported in Vellayambalam Ward residential area,Medium
Improper waste disposal increasing disease risk at Sreekariyam Area,High
Public complaint about delayed vector control action at Palayam Area,Low
Open sewage causing health risk at Kowdiar Junction,Critical
Mosquito breeding reported due to stagnant water at Thampanoor Junction,High
Blocked drain causing mosquito breeding at Vanchiyoor Ward,Medium
Rat infestation noticed in Thampanoor Junction locality,High
Cockroach infestation reported near Attakulangara Market Area market area,High
Request for fogging operation in Pattom Ward area due to dengue cases,Critical
Blocked drain causing mosquito breeding at Poojappura Road,Medium
Accumulation of waste attracting flies at Peroorkada Junction,Medium
Request for anti-larval spraying at Sreekariyam Area,Low
Water stagnation in vacant plot at Palayam Area leading to vector issues,Medium
Public complaint about delayed vector control action at Vellayambalam Ward,Low
Frequent mosquito nuisance reported in Pattom Ward residential area,Medium
Stray dog carcass not cleared from Sreekariyam Area,Medium
Stray dog carcass not cleared from East Fort Junction,Medium
Rat infestation noticed in Sreekariyam Area locality,High
Request for anti-larval spraying at Thampanoor Junction,Low
Stray dog carcass not cleared from Vanchiyoor Ward,Medium
Request for fogging operation in Manacaud Area area due to dengue cases,Critical
Mosquito breeding reported due to stagnant water at Nemom Ward,High
Public complaint about delayed vector control action at Poojappura Road,Low
Request for fogging operation in East Fort Junction area due to dengue cases,Critical
Rat infestation noticed in Attakulangara Market Area locality,High
Blocked drain causing mosquito breeding at Thampanoor Junction,Medium
Accumulation of waste attracting flies at Manacaud Area,Medium
Open sewage causing health risk at Vanchiyoor Ward,Critical
Rat infestation noticed in Vanchiyoor Ward locality,High
Request for fogging operation in Vellayambalam Ward area due to dengue cases,Critical
Improper waste disposal increasing disease risk at Vanchiyoor Ward,High
Water stagnation in vacant plot at East Fort Junction leading to vector issues,Medium
Blocked drain causing mosquito breeding at Vellayambalam Ward,Medium
Dead animal not removed promptly from Kowdiar Junction,Medium
Public complaint about delayed vector control action at East Fort Junction,Low
Frequent mosquito nuisance reported in Attakulangara Market Area residential area,Medium
Dead animal not removed promptly from Manacaud Area,Medium
Rat infestation noticed in Kowdiar Junction locality,High
Mosquito breeding reported due to stagnant water at Palayam Area,High
Uncovered septic tank causing mosquito breeding at Palayam Area,Medium
Mosquito breeding reported due to stagnant water at Manacaud Area,High
Water stagnation in vacant plot at Palayam Area leading to vector issues,Medium
Stray dog carcass not cleared from Vellayambalam Ward,Medium
Rat infestation noticed in Nemom Ward locality,High
Frequent mosquito nuisance reported in Peroorkada Junction residential area,Medium
Improper waste disposal increasing disease risk at Vellayambalam Ward,High
Improper waste disposal increasing disease risk at Palayam Area,High
Improper waste disposal increasing disease risk at Palayam Area,High
Mosquito breeding reported due to stagnant water at Poojappura Road,High
Accumulation of waste attracting flies at Peroorkada Junction,Medium
Accumulation of waste attracting flies at Vanchiyoor Ward,Medium
Public complaint about delayed vector control action at Pattom Ward,Low
Frequent mosquito nuisance reported in Vellayambalam Ward residential area,Medium
Cockroach infestation reported near Karamana Area market area,High
Public complaint about delayed vector control action at Vanchiyoor Ward,Low
Improper waste disposal increasing disease risk at Kazhakkoottam Junction,High
Open sewage causing health risk at Kazhakkoottam Junction,Critical
Public complaint about delayed vector control action at Nemom Ward,Low
Rat infestation noticed in Karamana Area locality,High
Open sewage causing health risk at Vanchiyoor Ward,Critical
Mosquito breeding reported due to stagnant water at Pattom Ward,High
Improper waste disposal increasing disease risk at Sreekariyam Area,High
Request for anti-larval spraying at Nemom Ward,Low
Accumulation of waste attracting flies at Pattom Ward,Medium
Blocked drain causing mosquito breeding at Kazhakkoottam Junction,Medium
Improper waste disposal increasing disease risk at Pattom Ward,High
Water stagnation in vacant plot at East Fort Junction leading to vector issues,Medium
Water stagnation in vacant plot at Thampanoor Junction leading to vector issues,Medium
Rat infestation noticed in East Fort Junction locality,High
Stray dog carcass not cleared from Peroorkada Junction,Medium
Blocked drain causing mosquito breeding at Palayam Area,Medium
Accumulation of waste attracting flies at Palayam Area,Medium
Stray dog carcass not cleared from Kowdiar Junction,Medium
Uncovered septic tank causing mosquito breeding at Thampanoor Junction,Medium
Accumulation of waste attracting flies at Thampanoor Junction,Medium
Open sewage causing health risk at Attakulangara Market Area,Critical
Request for fogging operation in Sreekariyam Area area due to dengue cases,Critical
Dead animal not removed promptly from Poojappura Road,Medium
Cockroach infestation reported near Pattom Ward market area,High
Mosquito breeding reported due to stagnant water at Attakulangara Market Area,High
Dead animal not removed promptly from Thampanoor Junction,Medium
Uncovered septic tank causing mosquito breeding at Karamana Area,Medium
Improper waste disposal increasing disease risk at Vellayambalam Ward,High
Mosquito breeding reported due to stagnant water at Sreekariyam Area,High
Request for fogging operation in Pattom Ward area due to dengue cases,Critical
Public complaint about delayed vector control action at Sreekariyam Area,Low
Open sewage causing health risk at East Fort Junction,Critical
Mosquito breeding reported due to stagnant water at Kazhakkoottam Junction,High
Stray dog carcass not cleared from Karamana Area,Medium
Mosquito breeding reported due to stagnant water at Palayam Area,High
Stray dog carcass not cleared from East Fort Junction,Medium
Request for fogging operation in Poojappura Road area due to dengue cases,Critical
Blocked drain causing mosquito breeding at Poojappura Road,Medium
Mosquito breeding reported due to stagnant water at Attakulangara Market Area,High
Frequent mosquito nuisance reported in Vanchiyoor Ward residential area,Medium
Blocked drain causing mosquito breeding at Vellayambalam Ward,Medium
Frequent mosquito nuisance reported in Attakulangara Market Area residential area,Medium
Public complaint about delayed vector control action at Vellayambalam Ward,Low
Mosquito breeding reported due to stagnant water at Manacaud Area,High
Rat infestation noticed in Kazhakkoottam Junction locality,High
Request for fogging operation in Vellayambalam Ward area due to dengue cases,Critical
Cockroach infestation reported near Manacaud Area market area,High
Rat infestation noticed in Kazhakkoottam Junction locality,High
Mosquito breeding reported due to stagnant water at Nemom Ward,High
Accumulation of waste attracting flies at Vanchiyoor Ward,Medium
Improper waste disposal increasing disease risk at Kowdiar Junction,High
Rat infestation noticed in Kazhakkoottam Junction locality,High
Request for anti-larval spraying at Palayam Area,Low
Blocked drain causing mosquito breeding at Poojappura Road,Medium
Improper waste disposal increasing disease risk at Nemom Ward,High
Accumulation of waste attracting flies at Thampanoor Junction,Medium
Accumulation of waste attracting flies at Vellayambalam Ward,Medium
Blocked drain causing mosquito breeding at Pattom Ward,Medium
Cockroach infestation reported near Nemom Ward market area,High
Blocked drain causing mosquito breeding at Attakulangara Market Area,Medium
Stray dog carcass not cleared from Thampanoor Junction,Medium
Request for anti-larval spraying at Sreekariyam Area,Low
Rat infestation noticed in Poojappura Road locality,High
Mosquito breeding reported due to stagnant water at Vellayambalam Ward,High
Rat infestation noticed in Sreekariyam Area locality,High
Dead animal not removed promptly from Attakulangara Market Area,Medium
Blocked drain causing mosquito breeding at Peroorkada Junction,Medium
Cockroach infestation reported near Palayam Area market area,High
Improper waste disposal increasing disease risk at Karamana Area,High
Public complaint about delayed vector control action at Karamana Area,Low
Request for fogging operation in East Fort Junction area due to dengue cases,Critical
Frequent mosquito nuisance reported in Thampanoor Junction residential area,Medium
Stray dog carcass not cleared from Poojappura Road,Medium
Public complaint about delayed vector control action at Palayam Area,Low
Frequent mosquito nuisance reported in East Fort Junction residential area,Medium
Cockroach infestation reported near Nemom Ward market area,High
Stray dog carcass not cleared from Palayam Area,Medium
Rat infestation noticed in Karamana Area locality,High
Water stagnation in vacant plot at Attakulangara Market Area leading to vector issues,Medium
Open sewage causing health risk at East Fort Junction,Critical
Accumulation of waste attracting flies at Sreekariyam Area,Medium
Rat infestation noticed in East Fort Junction locality,High
Accumulation of waste attracting flies at Thampanoor Junction,Medium
Improper waste disposal increasing disease risk at Attakulangara Market Area,High
Dead animal not removed promptly from Kowdiar Junction,Medium
Rat infestation noticed in Pattom Ward locality,High
Water stagnation in vacant plot at Karamana Area leading to vector issues,Medium
Frequent mosquito nuisance reported in Vellayambalam Ward residential area,Medium
Request for anti-larval spraying at Kazhakkoottam Junction,Low
Rat infestation noticed in Palayam Area locality,High
Dead animal not removed promptly from Peroorkada Junction,Medium
Dead animal not removed promptly from Thampanoor Junction,Medium
Water stagnation in vacant plot at Attakulangara Market Area leading to vector issues,Medium
Dead animal not removed promptly from Karamana Area,Medium
Open sewage causing health risk at Karamana Area,Critical
Improper waste disposal increasing disease risk at Manacaud Area,High
Mosquito breeding reported due to stagnant water at Vanchiyoor Ward,High
Improper waste disposal increasing disease risk at Peroorkada Junction,High
Cockroach infestation reported near Vanchiyoor Ward market area,High
Water stagnation in vacant plot at Palayam Area leading to vector issues,Medium
Request for anti-larval spraying at East Fort Junction,Low
Improper waste disposal increasing disease risk at Thampanoor Junction,High
Blocked drain causing mosquito breeding at Karamana Area,Medium
Stray dog carcass not cleared from Karamana Area,Medium
Frequent mosquito nuisance reported in Peroorkada Junction residential area,Medium
Improper waste disposal increasing disease risk at Vellayambalam Ward,High
Stray dog carcass not cleared from Palayam Area,Medium
Dead animal not removed promptly from Kazhakkoottam Junction,Medium
Cockroach infestation reported near Vanchiyoor Ward market area,High
Stray dog carcass not cleared from East Fort Junction,Medium
Accumulation of waste attracting flies at East Fort Junction,Medium
Uncovered septic tank causing mosquito breeding at Vanchiyoor Ward,Medium
Blocked drain causing mosquito breeding at Pattom Ward,Medium
Water stagnation in vacant plot at Pattom Ward leading to vector issues,Medium
Public complaint about delayed vector control action at East Fort Junction,Low
Public complaint about delayed vector control action at Peroorkada Junction,Low
Blocked drain causing mosquito breeding at Pattom Ward,Medium
Request for anti-larval spraying at Vanchiyoor Ward,Low
Water stagnation in vacant plot at Kowdiar Junction leading to vector issues,Medium
Cockroach infestation reported near Nemom Ward market area,High
Mosquito breeding reported due to stagnant water at Sreekariyam Area,High
Request for fogging operation in Thampanoor Junction area due to dengue cases,Critical
Water stagnation in vacant plot at Peroorkada Junction leading to vector issues,Medium
Accumulation of waste attracting flies at Palayam Area,Medium
Cockroach infestation reported near Poojappura Road market area,High
Rat infestation noticed in Sreekariyam Area locality,High
Frequent mosquito nuisance reported in Kowdiar Junction residential area,Medium
Mosquito breeding reported due to stagnant water at Palayam Area,High
Cockroach infestation reported near Nemom Ward market area,High
Rat infestation noticed in Manacaud Area locality,High
Stray dog carcass not cleared from Vanchiyoor Ward,Medium
Public complaint about delayed vector control action at Kazhakkoottam Junction,Low
Request for fogging operation in Poojappura Road area due to dengue cases,Critical
Cockroach infestation reported near Pattom Ward market area,High
Request for anti-larval spraying at Peroorkada Junction,Low
Uncovered septic tank causing mosquito breeding at Sreekariyam Area,Medium
Request for anti-larval spraying at Peroorkada Junction,Low
Water stagnation in vacant plot at Poojappura Road leading to vector issues,Medium
Mosquito breeding reported due to stagnant water at Kowdiar Junction,High
Water stagnation in vacant plot at Peroorkada Junction leading to vector issues,Medium
Uncovered septic tank causing mosquito breeding at Kazhakkoottam Junction,Medium
Cockroach infestation reported near Kowdiar Junction market area,High
Public complaint about delayed vector control action at Thampanoor Junction,Low
Stray dog carcass not cleared from Pattom Ward,Medium
Request for fogging operation in Vellayambalam Ward area due to dengue cases,Critical
Request for fogging operation in Attakulangara Market Area area due to dengue cases,Critical
Blocked drain causing mosquito breeding at Poojappura Road,Medium
Stray dog carcass not cleared from Poojappura Road,Medium
Rat infestation noticed in Nemom Ward locality,High
Request for anti-larval spraying at Nemom Ward,Low
Stray dog carcass not cleared from Vanchiyoor Ward,Medium
Mosquito breeding reported due to stagnant water at Kowdiar Junction,High
Request for fogging operation in Kazhakkoottam Junction area due to dengue cases,Critical
Dead animal not removed promptly from Peroorkada Junction,Medium
Blocked drain causing mosquito breeding at Palayam Area,Medium
Dead animal not removed promptly from Karamana Area,Medium
Stray dog carcass not cleared from Peroorkada Junction,Medium
Accumulation of waste attracting flies at Nemom Ward,Medium
Frequent mosquito nuisance reported in Attakulangara Market Area residential area,Medium
Rat infestation noticed in Nemom Ward locality,High
Public complaint about delayed vector control action at Kowdiar Junction,Low
Mosquito breeding reported due to stagnant water at Pattom Ward,High
Mosquito breeding reported due to stagnant water at Karamana Area,High
Open sewage causing health risk at Kazhakkoottam Junction,Critical
Accumulation of waste attracting flies at Karamana Area,Medium
Accumulation of waste attracting flies at Nemom Ward,Medium
Uncovered septic tank causing mosquito breeding at Vanchiyoor Ward,Medium
Cockroach infestation reported near Thampanoor Junction market area,High
Cockroach infestation reported near Poojappura Road market area,High
Public complaint about delayed vector control action at Thampanoor Junction,Low
Open sewage causing health risk at Poojappura Road,Critical
Stray dog carcass not cleared from Nemom Ward,Medium
Public complaint about delayed vector control action at Kazhakkoottam Junction,Low
Water stagnation in vacant plot at Karamana Area leading to vector issues,Medium
Cockroach infestation reported near Poojappura Road market area,High
Stray dog carcass not cleared from Pattom Ward,Medium
Mosquito breeding reported due to stagnant water at Poojappura Road,High
Public complaint about delayed vector control action at Pattom Ward,Low
Uncovered septic tank causing mosquito breeding at Peroorkada Junction,Medium
Open sewage causing health risk at Vanchiyoor Ward,Critical
Stray dog carcass not cleared from Kazhakkoottam Junction,Medium
Blocked drain causing mosquito breeding at Kowdiar Junction,Medium
Open sewage causing health risk at Pattom Ward,Critical
Request for fogging operation in Manacaud Area area due to dengue cases,Critical
Frequent mosquito nuisance reported in Sreekariyam Area residential area,Medium
Accumulation of waste attracting flies at Thampanoor Junction,Medium
Open sewage causing health risk at Attakulangara Market Area,Critical
Open sewage causing health risk at Palayam Area,Critical
Request for fogging operation in Kazhakkoottam Junction area due to dengue cases,Critical
Mosquito breeding reported due to stagnant water at East Fort Junction,High
Frequent mosquito nuisance reported in Karamana Area residential area,Medium
Frequent mosquito nuisance reported in East Fort Junction residential area,Medium
Accumulation of waste attracting flies at Sreekariyam Area,Medium
Accumulation of waste attracting flies at Pattom Ward,Medium
Request for anti-larval spraying at Palayam Area,Low
Accumulation of waste attracting flies at Nemom Ward,Medium
Blocked drain causing mosquito breeding at Vellayambalam Ward,Medium
Mosquito breeding reported due to stagnant water at Kazhakkoottam Junction,High
Accumulation of waste attracting flies at Sreekariyam Area,Medium
Rat infestation noticed in Kowdiar Junction locality,High
Mosquito breeding reported due to stagnant water at Peroorkada Junction,High
Request for anti-larval spraying at Vellayambalam Ward,Low
Request for fogging operation in Vellayambalam Ward area due to dengue cases,Critical
Rat infestation noticed in East Fort Junction locality,High
Stray dog carcass not cleared from East Fort Junction,Medium
Accumulation of waste attracting flies at Palayam Area,Medium
Public complaint about delayed vector control action at Attakulangara Market Area,Low
Request for fogging operation in Pattom Ward area due to dengue cases,Critical
Blocked drain causing mosquito breeding at Nemom Ward,Medium
Public complaint about delayed vector control action at Vellayambalam Ward,Low
Request for fogging operation in Vellayambalam Ward area due to dengue cases,Critical
Stray dog carcass not cleared from Manacaud Area,Medium
Open sewage causing health risk at Attakulangara Market Area,Critical
Blocked drain causing mosquito breeding at Poojappura Road,Medium
Rat infestation noticed in Sreekariyam Area locality,High
Sewage mixing suspected in water supply at Poojappura Road,Critical
Delay in pipeline repair work at Poojappura Road,Low
Delay in pipeline repair work at Pattom Ward,Low
Broken water valve causing disruption at Poojappura Road,Low
No water supply since morning at Peroorkada Junction area,Medium
Overflowing water tank noticed at Poojappura Road,Low
Low water pressure reported at Karamana Area under TVM Corporation limits,Medium
Frequent pipe bursts occurring at Kazhakkoottam Junction locality,High
No water supply since morning at Thampanoor Area area,Medium
Overflowing water tank noticed at Peroorkada Junction,Low
Illegal water connection noticed at Kowdiar Area,High
Frequent pipe bursts occurring at Pattom Ward locality,High
Overflowing water tank noticed at Poojappura Road,Low
Water supply complaint not resolved for Manacaud Area area,Low
Delay in pipeline repair work at Nemom Ward,Low
Low water pressure reported at Nemom Ward under TVM Corporation limits,Medium
Delay in pipeline repair work at Peroorkada Junction,Low
Sewage mixing suspected in water supply at Kowdiar Area,Critical
Illegal water connection noticed at Vellayambalam Ward,High
Water meter malfunctioning at Palayam Ward property,Medium
Broken water valve causing disruption at East Fort Area,Low
Sewage mixing suspected in water supply at Pattom Ward,Critical
Water meter malfunctioning at Pattom Ward property,Medium
Illegal water connection noticed at Vanchiyoor Ward,High
Water supply complaint not resolved for Thampanoor Area area,Low
Burst water pipeline observed at Karamana Area causing water wastage,Critical
Water supply complaint not resolved for Palayam Ward area,Low
Burst water pipeline observed at Vanchiyoor Ward causing water wastage,Critical
No water supply since morning at Peroorkada Junction area,Medium
Irregular water supply timing affecting residents at Nemom Ward,Medium
Delay in pipeline repair work at Thampanoor Area,Low
Sewage mixing suspected in water supply at Karamana Area,Critical
Water supply complaint not resolved for Sreekariyam Area area,Low
Water meter malfunctioning at Pattom Ward property,Medium
Illegal water connection noticed at Nemom Ward,High
Overflowing water tank noticed at Kazhakkoottam Junction,Low
Water leakage from main distribution line at Poojappura Road,Medium
Illegal water connection noticed at Nemom Ward,High
Water meter malfunctioning at East Fort Area property,Medium
Contaminated drinking water reported at Attakulangara Ward,Critical
Burst water pipeline observed at Palayam Ward causing water wastage,Critical
Delay in pipeline repair work at Sreekariyam Area,Low
Water supply complaint not resolved for Thampanoor Area area,Low
Water leakage from main distribution line at Poojappura Road,Medium
Contaminated drinking water reported at East Fort Area,Critical
Burst water pipeline observed at Peroorkada Junction causing water wastage,Critical
Broken water valve causing disruption at Vanchiyoor Ward,Low
Water meter malfunctioning at Vellayambalam Ward property,Medium
Broken water valve causing disruption at Attakulangara Ward,Low
No water supply since morning at Peroorkada Junction area,Medium
Air blockage in water connection at Manacaud Area,Medium
Contaminated drinking water reported at Vellayambalam Ward,Critical
Broken water valve causing disruption at Pattom Ward,Low
No water supply since morning at Karamana Area area,Medium
Low water pressure reported at Kowdiar Area under TVM Corporation limits,Medium
Water supply complaint not resolved for Kowdiar Area area,Low
Water supply complaint not resolved for Vellayambalam Ward area,Low
Air blockage in water connection at Pattom Ward,Medium
No water supply since morning at Palayam Ward area,Medium
Broken water valve causing disruption at Peroorkada Junction,Low
Low water pressure reported at East Fort Area under TVM Corporation limits,Medium
Water leakage from main distribution line at Poojappura Road,Medium
Irregular water supply timing affecting residents at Manacaud Area,Medium
Broken water valve causing disruption at Attakulangara Ward,Low
No water supply since morning at Peroorkada Junction area,Medium
Water meter malfunctioning at Pattom Ward property,Medium
Illegal water connection noticed at Vanchiyoor Ward,High
Contaminated drinking water reported at Karamana Area,Critical
Water meter malfunctioning at Pattom Ward property,Medium
Sewage mixing suspected in water supply at Vanchiyoor Ward,Critical
Water supply complaint not resolved for Pattom Ward area,Low
Burst water pipeline observed at Vanchiyoor Ward causing water wastage,Critical
Broken water valve causing disruption at Pattom Ward,Low
Burst water pipeline observed at Palayam Ward causing water wastage,Critical
Illegal water connection noticed at Kowdiar Area,High
Contaminated drinking water reported at Manacaud Area,Critical
Irregular water supply timing affecting residents at Manacaud Area,Medium
Irregular water supply timing affecting residents at Attakulangara Ward,Medium
Illegal water connection noticed at Karamana Area,High
Sewage mixing suspected in water supply at Nemom Ward,Critical
Broken water valve causing disruption at Nemom Ward,Low
Frequent pipe bursts occurring at Kowdiar Area locality,High
Illegal water connection noticed at East Fort Area,High
Low water pressure reported at East Fort Area under TVM Corporation limits,Medium
Water supply complaint not resolved for Attakulangara Ward area,Low
Water supply complaint not resolved for Poojappura Road area,Low
Irregular water supply timing affecting residents at Kazhakkoottam Junction,Medium
Water supply complaint not resolved for Attakulangara Ward area,Low
Low water pressure reported at Peroorkada Junction under TVM Corporation limits,Medium
Illegal water connection noticed at Palayam Ward,High
Frequent pipe bursts occurring at Manacaud Area locality,High
Burst water pipeline observed at Manacaud Area causing water wastage,Critical
Contaminated drinking water reported at Vanchiyoor Ward,Critical
Frequent pipe bursts occurring at Poojappura Road locality,High
Contaminated drinking water reported at Nemom Ward,Critical
Burst water pipeline observed at Thampanoor Area causing water wastage,Critical
No water supply since morning at Kowdiar Area area,Medium
No water supply since morning at Nemom Ward area,Medium
No water supply since morning at Vanchiyoor Ward area,Medium
Low water pressure reported at Pattom Ward under TVM Corporation limits,Medium
Burst water pipeline observed at Vanchiyoor Ward causing water wastage,Critical
Water supply complaint not resolved for Attakulangara Ward area,Low
Water meter malfunctioning at Nemom Ward property,Medium
Overflowing water tank noticed at Kazhakkoottam Junction,Low
Illegal water connection noticed at Vellayambalam Ward,High
Water leakage from main distribution line at Thampanoor Area,Medium
Irregular water supply timing affecting residents at Kazhakkoottam Junction,Medium
Contaminated drinking water reported at Karamana Area,Critical
Overflowing water tank noticed at East Fort Area,Low
Delay in pipeline repair work at Kowdiar Area,Low
Burst water pipeline observed at Vellayambalam Ward causing water wastage,Critical
Contaminated drinking water reported at Sreekariyam Area,Critical
Illegal water connection noticed at East Fort Area,High
Burst water pipeline observed at Nemom Ward causing water wastage,Critical
Broken water valve causing disruption at Karamana Area,Low
Illegal water connection noticed at East Fort Area,High
Low water pressure reported at Manacaud Area under TVM Corporation limits,Medium
Air blockage in water connection at Kowdiar Area,Medium
Broken water valve causing disruption at Sreekariyam Area,Low
Frequent pipe bursts occurring at East Fort Area locality,High
No water supply since morning at Attakulangara Ward area,Medium
Delay in pipeline repair work at Vellayambalam Ward,Low
Low water pressure reported at Kazhakkoottam Junction under TVM Corporation limits,Medium
Water meter malfunctioning at Sreekariyam Area property,Medium
Air blockage in water connection at Kazhakkoottam Junction,Medium
Broken water valve causing disruption at Vellayambalam Ward,Low
No water supply since morning at Manacaud Area area,Medium
Low water pressure reported at Thampanoor Area under TVM Corporation limits,Medium
No water supply since morning at Pattom Ward area,Medium
Delay in pipeline repair work at Vellayambalam Ward,Low
Delay in pipeline repair work at Kazhakkoottam Junction,Low
Delay in pipeline repair work at Attakulangara Ward,Low
Overflowing water tank noticed at Kazhakkoottam Junction,Low
Overflowing water tank noticed at Nemom Ward,Low
Delay in pipeline repair work at Peroorkada Junction,Low
Burst water pipeline observed at Vellayambalam Ward causing water wastage,Critical
Sewage mixing suspected in water supply at Manacaud Area,Critical
Delay in pipeline repair work at Vanchiyoor Ward,Low
Frequent pipe bursts occurring at Nemom Ward locality,High
No water supply since morning at Kowdiar Area area,Medium
Burst water pipeline observed at Nemom Ward causing water wastage,Critical
Water leakage from main distribution line at Attakulangara Ward,Medium
Irregular water supply timing affecting residents at Attakulangara Ward,Medium
No water supply since morning at Palayam Ward area,Medium
Overflowing water tank noticed at East Fort Area,Low
Broken water valve causing disruption at Nemom Ward,Low
Burst water pipeline observed at Poojappura Road causing water wastage,Critical
Illegal water connection noticed at Karamana Area,High
Water leakage from main distribution line at East Fort Area,Medium
Sewage mixing suspected in water supply at Kowdiar Area,Critical
Broken water valve causing disruption at Palayam Ward,Low
Low water pressure reported at Attakulangara Ward under TVM Corporation limits,Medium
Water meter malfunctioning at Thampanoor Area property,Medium
Illegal water connection noticed at Vanchiyoor Ward,High
Water leakage from main distribution line at Kowdiar Area,Medium
Illegal water connection noticed at East Fort Area,High
No water supply since morning at Vanchiyoor Ward area,Medium
Air blockage in water connection at Attakulangara Ward,Medium
No water supply since morning at Manacaud Area area,Medium
Broken water valve causing disruption at Karamana Area,Low
Water supply complaint not resolved for Vanchiyoor Ward area,Low
Sewage mixing suspected in water supply at Attakulangara Ward,Critical
Burst water pipeline observed at Poojappura Road causing water wastage,Critical
Broken water valve causing disruption at Palayam Ward,Low
Illegal water connection noticed at Kowdiar Area,High
Irregular water supply timing affecting residents at Vanchiyoor Ward,Medium
Overflowing water tank noticed at Peroorkada Junction,Low
Overflowing water tank noticed at Nemom Ward,Low
Frequent pipe bursts occurring at Poojappura Road locality,High
No water supply since morning at Sreekariyam Area area,Medium
Broken water valve causing disruption at Thampanoor Area,Low
Contaminated drinking water reported at Palayam Ward,Critical
Low water pressure reported at Pattom Ward under TVM Corporation limits,Medium
Overflowing water tank noticed at Vellayambalam Ward,Low
Air blockage in water connection at Vellayambalam Ward,Medium
Broken water valve causing disruption at Peroorkada Junction,Low
Sewage mixing suspected in water supply at Sreekariyam Area,Critical
Overflowing water tank noticed at Nemom Ward,Low
Contaminated drinking water reported at Karamana Area,Critical
Illegal water connection noticed at Vellayambalam Ward,High
Illegal water connection noticed at Nemom Ward,High
Air blockage in water connection at Manacaud Area,Medium
Broken water valve causing disruption at Kowdiar Area,Low
Burst water pipeline observed at Manacaud Area causing water wastage,Critical
No water supply since morning at Palayam Ward area,Medium
Sewage mixing suspected in water supply at Peroorkada Junction,Critical
Water meter malfunctioning at Pattom Ward property,Medium
Broken water valve causing disruption at Vellayambalam Ward,Low
Irregular water supply timing affecting residents at Attakulangara Ward,Medium
Irregular water supply timing affecting residents at Thampanoor Area,Medium
Delay in pipeline repair work at Attakulangara Ward,Low
Water leakage from main distribution line at Vanchiyoor Ward,Medium
Irregular water supply timing affecting residents at Nemom Ward,Medium
Low water pressure reported at Poojappura Road under TVM Corporation limits,Medium
Water supply complaint not resolved for Pattom Ward area,Low
Sewage mixing suspected in water supply at Poojappura Road,Critical
Burst water pipeline observed at Thampanoor Area causing water wastage,Critical
Sewage mixing suspected in water supply at Karamana Area,Critical
Illegal water connection noticed at Thampanoor Area,High
No water supply since morning at Attakulangara Ward area,Medium
Overflowing water tank noticed at Karamana Area,Low
Contaminated drinking water reported at Peroorkada Junction,Critical
Water meter malfunctioning at Thampanoor Area property,Medium
Delay in pipeline repair work at Thampanoor Area,Low
Air blockage in water connection at Kowdiar Area,Medium
Delay in pipeline repair work at Manacaud Area,Low
Frequent pipe bursts occurring at Karamana Area locality,High
Illegal water connection noticed at Sreekariyam Area,High
Delay in pipeline repair work at Pattom Ward,Low
Frequent pipe bursts occurring at Pattom Ward locality,High
No water supply since morning at Karamana Area area,Medium
Illegal water connection noticed at Poojappura Road,High
Low water pressure reported at Pattom Ward under TVM Corporation limits,Medium
Delay in pipeline repair work at Pattom Ward,Low
Water supply complaint not resolved for Attakulangara Ward area,Low
Irregular water supply timing affecting residents at Kazhakkoottam Junction,Medium
Sewage mixing suspected in water supply at Nemom Ward,Critical
Water meter malfunctioning at Attakulangara Ward property,Medium
Water meter malfunctioning at Thampanoor Area property,Medium
Water leakage from main distribution line at Vanchiyoor Ward,Medium
Sewage mixing suspected in water supply at Attakulangara Ward,Critical
Illegal water connection noticed at Sreekariyam Area,High
Low water pressure reported at Palayam Ward under TVM Corporation limits,Medium
No water supply since morning at Pattom Ward area,Medium
Water meter malfunctioning at Karamana Area property,Medium
Water meter malfunctioning at East Fort Area property,Medium
Air blockage in water connection at East Fort Area,Medium
Contaminated drinking water reported at Manacaud Area,Critical
No water supply since morning at Peroorkada Junction area,Medium
No water supply since morning at Palayam Ward area,Medium
Overflowing water tank noticed at Attakulangara Ward,Low
Illegal water connection noticed at Palayam Ward,High
Sewage mixing suspected in water supply at Palayam Ward,Critical
Frequent pipe bursts occurring at East Fort Area locality,High
Water leakage from main distribution line at Pattom Ward,Medium
Water leakage from main distribution line at Kowdiar Area,Medium
Water supply complaint not resolved for Thampanoor Area area,Low
Water leakage from main distribution line at Nemom Ward,Medium
Irregular water supply timing affecting residents at Thampanoor Area,Medium
Water leakage from main distribution line at Manacaud Area,Medium
Water supply complaint not resolved for Vellayambalam Ward area,Low
Water supply complaint not resolved for Palayam Ward area,Low
Overflowing water tank noticed at Poojappura Road,Low
Frequent pipe bursts occurring at Peroorkada Junction locality,High
Overflowing water tank noticed at East Fort Area,Low
Delay in pipeline repair work at Vellayambalam Ward,Low
Frequent pipe bursts occurring at Peroorkada Junction locality,High
Air blockage in water connection at Nemom Ward,Medium
Water supply complaint not resolved for East Fort Area area,Low
Water meter malfunctioning at Kazhakkoottam Junction property,Medium
Water leakage from main distribution line at Karamana Area,Medium
Burst water pipeline observed at Thampanoor Area causing water wastage,Critical
Broken water valve causing disruption at Kowdiar Area,Low
No water supply since morning at Vanchiyoor Ward area,Medium
Water leakage from main distribution line at Vellayambalam Ward,Medium
Water leakage from main distribution line at Nemom Ward,Medium
Broken water valve causing disruption at Karamana Area,Low
No water supply since morning at Nemom Ward area,Medium
Irregular water supply timing affecting residents at Poojappura Road,Medium
Water supply complaint not resolved for Karamana Area area,Low
Burst water pipeline observed at Kowdiar Area causing water wastage,Critical
Water meter malfunctioning at Manacaud Area property,Medium
Water leakage from main distribution line at Vellayambalam Ward,Medium
Air blockage in water connection at Attakulangara Ward,Medium
Delay in pipeline repair work at Palayam Ward,Low
Water supply complaint not resolved for Attakulangara Ward area,Low
Broken water valve causing disruption at Nemom Ward,Low
No water supply since morning at Manacaud Area area,Medium
Low water pressure reported at Manacaud Area under TVM Corporation limits,Medium
Broken water valve causing disruption at East Fort Area,Low
Sewage mixing suspected in water supply at Kazhakkoottam Junction,Critical
Irregular water supply timing affecting residents at Kazhakkoottam Junction,Medium
Sewage mixing suspected in water supply at Manacaud Area,Critical
Irregular water supply timing affecting residents at Palayam Ward,Medium
Illegal water connection noticed at Sreekariyam Area,High
No water supply since morning at Vanchiyoor Ward area,Medium
Broken water valve causing disruption at Sreekariyam Area,Low
Contaminated drinking water reported at Kowdiar Area,Critical
Delay in pipeline repair work at Vanchiyoor Ward,Low
Overflowing water tank noticed at Vanchiyoor Ward,Low
Irregular water supply timing affecting residents at Nemom Ward,Medium
Broken water valve causing disruption at Poojappura Road,Low
Water supply complaint not resolved for Attakulangara Ward area,Low
Contaminated drinking water reported at Pattom Ward,Critical
Burst water pipeline observed at Poojappura Road causing water wastage,Critical
Broken water valve causing disruption at Kazhakkoottam Junction,Low
Low water pressure reported at Thampanoor Area under TVM Corporation limits,Medium
Delay in pipeline repair work at Vellayambalam Ward,Low
Air blockage in water connection at East Fort Area,Medium
Water meter malfunctioning at Thampanoor Area property,Medium
Overflowing water tank noticed at Karamana Area,Low
No water supply since morning at Vanchiyoor Ward area,Medium
Irregular water supply timing affecting residents at Kowdiar Area,Medium
Broken water valve causing disruption at Vanchiyoor Ward,Low
Broken water valve causing disruption at Peroorkada Junction,Low
Delay in pipeline repair work at Manacaud Area,Low
Air blockage in water connection at Manacaud Area,Medium
Water supply complaint not resolved for Sreekariyam Area area,Low
Sewage mixing suspected in water supply at Peroorkada Junction,Critical
Burst water pipeline observed at Peroorkada Junction causing water wastage,Critical
Broken water valve causing disruption at Sreekariyam Area,Low
Illegal water connection noticed at Attakulangara Ward,High
Delay in pipeline repair work at Thampanoor Area,Low
Illegal water connection noticed at Kowdiar Area,High
Sewage mixing suspected in water supply at Sreekariyam Area,Critical
Frequent pipe bursts occurring at Thampanoor Area locality,High
Low water pressure reported at Sreekariyam Area under TVM Corporation limits,Medium
Water leakage from main distribution line at East Fort Area,Medium
Water supply complaint not resolved for Attakulangara Ward area,Low
Frequent pipe bursts occurring at Kowdiar Area locality,High
Sewage mixing suspected in water supply at Vanchiyoor Ward,Critical
Delay in pipeline repair work at Vanchiyoor Ward,Low
Overflowing water tank noticed at Peroorkada Junction,Low
Frequent pipe bursts occurring at East Fort Area locality,High
Low water pressure reported at Karamana Area under TVM Corporation limits,Medium
Low water pressure reported at Vellayambalam Ward under TVM Corporation limits,Medium
Low water pressure reported at Peroorkada Junction under TVM Corporation limits,Medium
Frequent pipe bursts occurring at Peroorkada Junction locality,High
Overflowing water tank noticed at Kazhakkoottam Junction,Low
Delay in pipeline repair work at Attakulangara Ward,Low
Water supply complaint not resolved for Sreekariyam Area area,Low
Water meter malfunctioning at Attakulangara Ward property,Medium
No water supply since morning at Attakulangara Ward area,Medium
Contaminated drinking water reported at Palayam Ward,Critical
Overflowing water tank noticed at Palayam Ward,Low
Contaminated drinking water reported at Pattom Ward,Critical
Frequent pipe bursts occurring at Thampanoor Area locality,High
Overflowing water tank noticed at Pattom Ward,Low
Water leakage from main distribution line at Kowdiar Area,Medium
Sewage mixing suspected in water supply at Kowdiar Area,Critical
Overflowing water tank noticed at Kazhakkoottam Junction,Low
Broken water valve causing disruption at Thampanoor Area,Low
Sewage mixing suspected in water supply at Karamana Area,Critical
Sewage mixing suspected in water supply at Manacaud Area,Critical
Broken water valve causing disruption at Palayam Ward,Low
Air blockage in water connection at Vanchiyoor Ward,Medium
Air blockage in water connection at Thampanoor Area,Medium
Broken water valve causing disruption at Poojappura Road,Low
Water supply complaint not resolved for Kowdiar Area area,Low
Sewage mixing suspected in water supply at Nemom Ward,Critical
Sewage mixing suspected in water supply at Attakulangara Ward,Critical
Frequent pipe bursts occurring at Vanchiyoor Ward locality,High
Air blockage in water connection at Vellayambalam Ward,Medium
No water supply since morning at Palayam Ward area,Medium
Water supply complaint not resolved for Vanchiyoor Ward area,Low
Contaminated drinking water reported at Pattom Ward,Critical
Illegal water connection noticed at Palayam Ward,High
Burst water pipeline observed at Kowdiar Area causing water wastage,Critical
Frequent pipe bursts occurring at Vanchiyoor Ward locality,High
Air blockage in water connection at Karamana Area,Medium
Delay in pipeline repair work at Pattom Ward,Low
Burst water pipeline observed at Vellayambalam Ward causing water wastage,Critical
Contaminated drinking water reported at East Fort Area,Critical
Water meter malfunctioning at Kowdiar Area property,Medium
No water supply since morning at Thampanoor Area area,Medium
Water supply complaint not resolved for Attakulangara Ward area,Low
Broken water valve causing disruption at Vellayambalam Ward,Low
Contaminated drinking water reported at Poojappura Road,Critical
Water meter malfunctioning at Kazhakkoottam Junction property,Medium
Burst water pipeline observed at Vanchiyoor Ward causing water wastage,Critical
Low water pressure reported at Manacaud Area under TVM Corporation limits,Medium
No water supply since morning at Vellayambalam Ward area,Medium
Delay in pipeline repair work at Thampanoor Area,Low
Water supply complaint not resolved for Nemom Ward area,Low
Overflowing water tank noticed at Attakulangara Ward,Low
Illegal water connection noticed at Poojappura Road,High
Water leakage from main distribution line at Sreekariyam Area,Medium
Water supply complaint not resolved for Attakulangara Ward area,Low
Delay in pipeline repair work at Manacaud Area,Low
Frequent pipe bursts occurring at Sreekariyam Area locality,High
Delay in pipeline repair work at Vanchiyoor Ward,Low
Overflowing water tank noticed at Attakulangara Ward,Low
Illegal water connection noticed at Nemom Ward,High
Low water pressure reported at Vanchiyoor Ward under TVM Corporation limits,Medium
Irregular water supply timing affecting residents at Palayam Ward,Medium
Illegal water connection noticed at Attakulangara Ward,High
Low water pressure reported at Sreekariyam Area under TVM Corporation limits,Medium
Low water pressure reported at Kazhakkoottam Junction under TVM Corporation limits,Medium
Frequent pipe bursts occurring at Vellayambalam Ward locality,High
Overflowing water tank noticed at Attakulangara Ward,Low
Illegal water connection noticed at Kowdiar Area,High
No water supply since morning at Karamana Area area,Medium
Burst water pipeline observed at Peroorkada Junction causing water wastage,Critical
Contaminated drinking water reported at Palayam Ward,Critical
Irregular water supply timing affecting residents at Attakulangara Ward,Medium
Water supply complaint not resolved for Vanchiyoor Ward area,Low
Water meter malfunctioning at Attakulangara Ward property,Medium
Water leakage from main distribution line at East Fort Area,Medium
Air blockage in water connection at Poojappura Road,Medium
Water supply complaint not resolved for Poojappura Road area,Low
Frequent pipe bursts occurring at Vanchiyoor Ward locality,High
Low water pressure reported at Peroorkada Junction under TVM Corporation limits,Medium
Illegal water connection noticed at Peroorkada Junction,High
Air blockage in water connection at Karamana Area,Medium
Broken water valve causing disruption at Manacaud Area,Low
Sewage mixing suspected in water supply at Poojappura Road,Critical
Frequent pipe bursts occurring at Pattom Ward locality,High
Water leakage from main distribution line at Poojappura Road,Medium
Broken water valve causing disruption at Vellayambalam Ward,Low
Frequent pipe bursts occurring at Kazhakkoottam Junction locality,High
Overflowing water tank noticed at East Fort Area,Low
Delay in pipeline repair work at Kazhakkoottam Junction,Low
Burst water pipeline observed at East Fort Area causing water wastage,Critical
Water meter malfunctioning at Karamana Area property,Medium
Delay in pipeline repair work at Pattom Ward,Low
Burst water pipeline observed at Thampanoor Area causing water wastage,Critical
Broken water valve causing disruption at Sreekariyam Area,Low
Water meter malfunctioning at Thampanoor Area property,Medium
Water leakage from main distribution line at Peroorkada Junction,Medium
Water leakage from main distribution line at Vellayambalam Ward,Medium
Illegal water connection noticed at Palayam Ward,High
Air blockage in water connection at Thampanoor Area,Medium
Broken water valve causing disruption at Attakulangara Ward,Low
No water supply since morning at Poojappura Road area,Medium
Water supply complaint not resolved for Sreekariyam Area area,Low
Air blockage in water connection at Palayam Ward,Medium
Contaminated drinking water reported at Kowdiar Area,Critical
Delay in pipeline repair work at Sreekariyam Area,Low
Irregular water supply timing affecting residents at Vanchiyoor Ward,Medium
Burst water pipeline observed at Attakulangara Ward causing water wastage,Critical
Illegal water connection noticed at Karamana Area,High
Water supply complaint not resolved for Vanchiyoor Ward area,Low
Delay in pipeline repair work at Karamana Area,Low
Burst water pipeline observed at East Fort Area causing water wastage,Critical
Contaminated drinking water reported at Peroorkada Junction,Critical
Air blockage in water connection at Pattom Ward,Medium
Delay in pipeline repair work at Sreekariyam Area,Low
Water leakage from main distribution line at Vellayambalam Ward,Medium
Water supply complaint not resolved for Vanchiyoor Ward area,Low
Overflowing water tank noticed at Vellayambalam Ward,Low
Water leakage from main distribution line at East Fort Area,Medium
Broken water valve causing disruption at Karamana Area,Low
Water meter malfunctioning at Attakulangara Ward property,Medium
Water meter malfunctioning at Peroorkada Junction property,Medium
Sewage mixing suspected in water supply at Vanchiyoor Ward,Critical
Low water pressure reported at Kazhakkoottam Junction under TVM Corporation limits,Medium
Overflowing water tank noticed at Vanchiyoor Ward,Low
Water meter malfunctioning at Palayam Ward property,Medium
No water supply since morning at Palayam Ward area,Medium
Sewage mixing suspected in water supply at Vanchiyoor Ward,Critical
Delay in pipeline repair work at Kowdiar Area,Low
Sewage mixing suspected in water supply at Palayam Ward,Critical
Sewage mixing suspected in water supply at Poojappura Road,Critical
Burst water pipeline observed at Palayam Ward causing water wastage,Critical
Burst water pipeline observed at Palayam Ward causing water wastage,Critical
Low water pressure reported at Kowdiar Area under TVM Corporation limits,Medium
Frequent pipe bursts occurring at Peroorkada Junction locality,High
Sewage mixing suspected in water supply at Peroorkada Junction,Critical
Irregular water supply timing affecting residents at Vanchiyoor Ward,Medium
Contaminated drinking water reported at Karamana Area,Critical
Irregular water supply timing affecting residents at Kazhakkoottam Junction,Medium
Irregular water supply timing affecting residents at Palayam Ward,Medium
Low water pressure reported at Pattom Ward under TVM Corporation limits,Medium
Contaminated drinking water reported at Nemom Ward,Critical
Overflowing water tank noticed at Karamana Area,Low
Burst water pipeline observed at Palayam Ward causing water wastage,Critical
Contaminated drinking water reported at East Fort Area,Critical
Delay in pipeline repair work at Vellayambalam Ward,Low
Sewage mixing suspected in water supply at Vanchiyoor Ward,Critical
Frequent pipe bursts occurring at Thampanoor Area locality,High
Low water pressure reported at Kazhakkoottam Junction under TVM Corporation limits,Medium
Sewage mixing suspected in water supply at Manacaud Area,Critical
Illegal water connection noticed at Kowdiar Area,High
Delay in pipeline repair work at Attakulangara Ward,Low
Sewage mixing suspected in water supply at Manacaud Area,Critical
Broken water valve causing disruption at Nemom Ward,Low
Illegal water connection noticed at Palayam Ward,High
Illegal water connection noticed at Pattom Ward,High
Low water pressure reported at Peroorkada Junction under TVM Corporation limits,Medium
Water meter malfunctioning at Kowdiar Area property,Medium
Sewage mixing suspected in water supply at Karamana Area,Critical
Low water pressure reported at Vanchiyoor Ward under TVM Corporation limits,Medium
Water supply complaint not resolved for Sreekariyam Area area,Low
Overflowing water tank noticed at Sreekariyam Area,Low
Burst water pipeline observed at Nemom Ward causing water wastage,Critical
Contaminated drinking water reported at Vanchiyoor Ward,Critical
Frequent pipe bursts occurring at Attakulangara Ward locality,High
Burst water pipeline observed at Vanchiyoor Ward causing water wastage,Critical
Sewage mixing suspected in water supply at Poojappura Road,Critical
Water meter malfunctioning at Manacaud Area property,Medium
Delay in pipeline repair work at Nemom Ward,Low
Irregular water supply timing affecting residents at Nemom Ward,Medium
Low water pressure reported at Pattom Ward under TVM Corporation limits,Medium
Burst water pipeline observed at East Fort Area causing water wastage,Critical
Broken water valve causing disruption at Attakulangara Ward,Low
No water supply since morning at Attakulangara Ward area,Medium
Irregular water supply timing affecting residents at Nemom Ward,Medium
Sewage mixing suspected in water supply at Sreekariyam Area,Critical
Water leakage from main distribution line at Thampanoor Area,Medium
Broken water valve causing disruption at Karamana Area,Low
Irregular water supply timing affecting residents at Nemom Ward,Medium
Irregular water supply timing affecting residents at Nemom Ward,Medium
Air blockage in water connection at Palayam Ward,Medium
Air blockage in water connection at Manacaud Area,Medium
Burst water pipeline observed at Attakulangara Ward causing water wastage,Critical
Contaminated drinking water reported at Nemom Ward,Critical
Irregular water supply timing affecting residents at Karamana Area,Medium
Air blockage in water connection at Pattom Ward,Medium
Sewage mixing suspected in water supply at Karamana Area,Critical
Burst water pipeline observed at Thampanoor Area causing water wastage,Critical
Multiple potholes found near Pattom Ward junction,Medium
Road surface broken with large pothole at Sreekariyam Area,Medium
Massive pothole creating accident risk near East Fort Junction,Critical
Big pothole reported near Poojappura Road,Medium
Multiple potholes found near Poojappura Road junction,Medium
Big pothole reported near Thampanoor Junction,Medium
Large pothole causing traffic disruption at Palayam Area,Medium
Multiple potholes found near Pattom Ward junction,Medium
Large pothole causing traffic disruption at Vellayambalam Junction,Medium
Collapsed road forming pothole near Manacaud Area,Critical
Severe road damage with pothole at Kowdiar Area,High
Massive pothole creating accident risk near Palayam Area,Critical
Collapsed road forming pothole near Manacaud Area,Critical
Multiple potholes found near Palayam Area junction,Medium
Dangerous pothole near Thampanoor Junction school area,Medium
Collapsed road forming pothole near Pattom Ward,Critical
Deep pothole near Vellayambalam Junction hospital area,Medium
Large pothole causing traffic disruption at Palayam Area,Medium
Road surface broken with large pothole at Sreekariyam Area,Medium
Severe road damage with pothole at Palayam Area,High
Wide pothole causing vehicle damage at Poojappura Road,Medium
Severe road damage with pothole at Pattom Ward,High
Dangerous pothole near Manacaud Area school area,Medium
Collapsed road forming pothole near Manacaud Area,Critical
Dangerous pothole near Vellayambalam Junction school area,Medium
Deep pothole near Pattom Ward hospital area,Medium
Wide pothole causing vehicle damage at Vellayambalam Junction,Medium
Massive pothole creating accident risk near Poojappura Road,Critical
Multiple potholes found near Kazhakkoottam Junction junction,Medium
Road surface broken with large pothole at East Fort Junction,Medium
Dangerous pothole near Sreekariyam Area school area,Medium
Big pothole reported near Thampanoor Junction,Medium
Dangerous pothole near Kazhakkoottam Junction school area,Medium
Large pothole causing traffic disruption at Kowdiar Area,Medium
Collapsed road forming pothole near Palayam Area,Critical
Deep pothole near Thampanoor Junction hospital area,Medium
Severe road damage with pothole at Pattom Ward,High
Road surface broken with large pothole at Palayam Area,Medium
Multiple potholes found near Sreekariyam Area junction,Medium
Multiple potholes found near Pattom Ward junction,Medium
Road surface broken with large pothole at Thampanoor Junction,Medium
Big pothole reported near Pattom Ward,Medium
Dangerous pothole near Sreekariyam Area school area,Medium
Big pothole reported near Poojappura Road,Medium
Wide pothole causing vehicle damage at Pattom Ward,Medium
Wide pothole causing vehicle damage at Kowdiar Area,Medium
Big pothole reported near Kazhakkoottam Junction,Medium
Massive pothole creating accident risk near Kazhakkoottam Junction,Critical
Severe road damage with pothole at Thampanoor Junction,High
Deep pothole near Vellayambalam Junction hospital area,Medium
Massive pothole creating accident risk near Palayam Area,Critical
Severe road damage with pothole at Thampanoor Junction,High
Road surface broken with large pothole at Poojappura Road,Medium
Collapsed road forming pothole near Manacaud Area,Critical
Large pothole causing traffic disruption at Kazhakkoottam Junction,Medium
Large pothole causing traffic disruption at Vellayambalam Junction,Medium
Deep pothole near Thampanoor Junction hospital area,Medium
Multiple potholes found near Kowdiar Area junction,Medium
Collapsed road forming pothole near Pattom Ward,Critical
Severe road damage with pothole at Sreekariyam Area,High
Multiple potholes found near Palayam Area junction,Medium
Wide pothole causing vehicle damage at Vellayambalam Junction,Medium
Large pothole causing traffic disruption at Poojappura Road,Medium
Road surface broken with large pothole at Sreekariyam Area,Medium
Multiple potholes found near Pattom Ward junction,Medium
Road surface broken with large pothole at Kowdiar Area,Medium
Severe road damage with pothole at East Fort Junction,High
Big pothole reported near Palayam Area,Medium
Big pothole reported near Palayam Area,Medium
Big pothole reported near Thampanoor Junction,Medium
Multiple potholes found near Kowdiar Area junction,Medium
Dangerous pothole near Pattom Ward school area,Medium
Dangerous pothole near Kazhakkoottam Junction school area,Medium
Massive pothole creating accident risk near Kowdiar Area,Critical
Dangerous pothole near East Fort Junction school area,Medium
Big pothole reported near Sreekariyam Area,Medium
Collapsed road forming pothole near Manacaud Area,Critical
Collapsed road forming pothole near Kazhakkoottam Junction,Critical
Wide pothole causing vehicle damage at Kazhakkoottam Junction,Medium
Road surface broken with large pothole at Kowdiar Area,Medium
Road surface broken with large pothole at East Fort Junction,Medium
Big pothole reported near Palayam Area,Medium
Large pothole causing traffic disruption at Manacaud Area,Medium
Dangerous pothole near Kazhakkoottam Junction school area,Medium
Massive pothole creating accident risk near East Fort Junction,Critical
Road surface broken with large pothole at East Fort Junction,Medium
Big pothole reported near Poojappura Road,Medium
Collapsed road forming pothole near Manacaud Area,Critical
Road surface broken with large pothole at Pattom Ward,Medium
Road surface broken with large pothole at Vellayambalam Junction,Medium
Severe road damage with pothole at Manacaud Area,High
Big pothole reported near Kazhakkoottam Junction,Medium
Severe road damage with pothole at East Fort Junction,High
Dangerous pothole near Palayam Area school area,Medium
Big pothole reported near Palayam Area,Medium
Massive pothole creating accident risk near Thampanoor Junction,Critical
Road surface broken with large pothole at Vellayambalam Junction,Medium
Dangerous pothole near Thampanoor Junction school area,Medium
Multiple potholes found near East Fort Junction junction,Medium
Multiple potholes found near Palayam Area junction,Medium
Big pothole reported near Sreekariyam Area,Medium
Big pothole reported near Palayam Area,Medium
Collapsed road forming pothole near Pattom Ward,Critical
Severe road damage with pothole at East Fort Junction,High
Dangerous pothole near Vellayambalam Junction school area,Medium
Multiple potholes found near Palayam Area junction,Medium
Deep pothole near East Fort Junction hospital area,Medium
Large pothole causing traffic disruption at Vellayambalam Junction,Medium
Multiple potholes found near Poojappura Road junction,Medium
Multiple potholes found near Palayam Area junction,Medium
Collapsed road forming pothole near Palayam Area,Critical
Big pothole reported near Kowdiar Area,Medium
Dangerous pothole near Vellayambalam Junction school area,Medium
Severe road damage with pothole at Poojappura Road,High
Collapsed road forming pothole near Kowdiar Area,Critical
Collapsed road forming pothole near Vellayambalam Junction,Critical
Massive pothole creating accident risk near Poojappura Road,Critical
Deep pothole near Poojappura Road hospital area,Medium
Severe road damage with pothole at East Fort Junction,High
Dangerous pothole near Vellayambalam Junction school area,Medium
Multiple potholes found near Poojappura Road junction,Medium
Deep pothole near Kazhakkoottam Junction hospital area,Medium
Deep pothole near Thampanoor Junction hospital area,Medium
Severe road damage with pothole at Vellayambalam Junction,High
Big pothole reported near Sreekariyam Area,Medium
Multiple potholes found near Sreekariyam Area junction,Medium
Dangerous pothole near Thampanoor Junction school area,Medium
Dangerous pothole near Vellayambalam Junction school area,Medium
Multiple potholes found near East Fort Junction junction,Medium
Multiple potholes found near East Fort Junction junction,Medium
Big pothole reported near Thampanoor Junction,Medium
Big pothole reported near Kowdiar Area,Medium
Severe road damage with pothole at Vellayambalam Junction,High
Dangerous pothole near Palayam Area school area,Medium
Wide pothole causing vehicle damage at Sreekariyam Area,Medium
Big pothole reported near Pattom Ward,Medium
Severe road damage with pothole at Palayam Area,High
Dangerous pothole near Pattom Ward school area,Medium
Dangerous pothole near Vellayambalam Junction school area,Medium
Road surface broken with large pothole at Thampanoor Junction,Medium
Dangerous pothole near Kazhakkoottam Junction school area,Medium
Dangerous pothole near Manacaud Area school area,Medium
Multiple potholes found near Kazhakkoottam Junction junction,Medium
Large pothole causing traffic disruption at Thampanoor Junction,Medium
Large pothole causing traffic disruption at Pattom Ward,Medium
Big pothole reported near Kazhakkoottam Junction,Medium
Multiple potholes found near Vellayambalam Junction junction,Medium
Multiple potholes found near Kowdiar Area junction,Medium
Dangerous pothole near Kazhakkoottam Junction school area,Medium
Deep pothole near Pattom Ward hospital area,Medium
Collapsed road forming pothole near Pattom Ward,Critical
Collapsed road forming pothole near East Fort Junction,Critical
Massive pothole creating accident risk near East Fort Junction,Critical
Deep pothole near Sreekariyam Area hospital area,Medium
Dangerous pothole near Palayam Area school area,Medium
Massive pothole creating accident risk near Pattom Ward,Critical
Deep pothole near Manacaud Area hospital area,Medium
Massive pothole creating accident risk near Palayam Area,Critical
Wide pothole causing vehicle damage at East Fort Junction,Medium
Severe road damage with pothole at Pattom Ward,High
Dangerous pothole near Palayam Area school area,Medium
Deep pothole near Kowdiar Area hospital area,Medium
Deep pothole near Sreekariyam Area hospital area,Medium
Multiple potholes found near Manacaud Area junction,Medium
Dangerous pothole near Poojappura Road school area,Medium
Large pothole causing traffic disruption at Pattom Ward,Medium
Collapsed road forming pothole near Poojappura Road,Critical
Dangerous pothole near Kazhakkoottam Junction school area,Medium
Multiple potholes found near Thampanoor Junction junction,Medium
Big pothole reported near Vellayambalam Junction,Medium
Road surface broken with large pothole at Kowdiar Area,Medium
Deep pothole near Kowdiar Area hospital area,Medium
Severe road damage with pothole at Pattom Ward,High
Dangerous pothole near Thampanoor Junction school area,Medium
Deep pothole near Pattom Ward hospital area,Medium
Dangerous pothole near Vellayambalam Junction school area,Medium
Deep pothole near Sreekariyam Area hospital area,Medium
Massive pothole creating accident risk near Manacaud Area,Critical
Massive pothole creating accident risk near Sreekariyam Area,Critical
Collapsed road forming pothole near Pattom Ward,Critical
Wide pothole causing vehicle damage at Vellayambalam Junction,Medium
Wide pothole causing vehicle damage at Kowdiar Area,Medium
Collapsed road forming pothole near East Fort Junction,Critical
Large pothole causing traffic disruption at Kazhakkoottam Junction,Medium
Dangerous pothole near Palayam Area school area,Medium
Massive pothole creating accident risk near Pattom Ward,Critical
Wide pothole causing vehicle damage at Sreekariyam Area,Medium
Massive pothole creating accident risk near Pattom Ward,Critical
Dangerous pothole near Kazhakkoottam Junction school area,Medium
Severe road damage with pothole at Vellayambalam Junction,High
Wide pothole causing vehicle damage at Poojappura Road,Medium
Dangerous pothole near Palayam Area school area,Medium
Road surface broken with large pothole at Kowdiar Area,Medium
Severe road damage with pothole at Manacaud Area,High
Big pothole reported near East Fort Junction,Medium
Dangerous pothole near Vellayambalam Junction school area,Medium
Collapsed road forming pothole near Palayam Area,Critical
Road surface broken with large pothole at Palayam Area,Medium
Multiple potholes found near Palayam Area junction,Medium
Massive pothole creating accident risk near Manacaud Area,Critical
Drainage overflow into deep road pothole near Kazhakkoottam Junction,Medium
Road pothole filled with contaminated drainage water at Pattom Ward,Medium
Drainage pipe burst creating pothole at Poojappura Road,Medium
Blocked drain causing pothole water stagnation at Palayam Area,Medium
Blocked drain causing pothole water stagnation at East Fort Junction,Medium
Sewage leakage damaging road surface forming pothole at Pattom Ward,High
Sewage mixing with rainwater inside pothole at Thampanoor Junction,Medium
Drain blockage leading to road collapse and pothole at Vellayambalam Junction,Critical
Sewer water collecting inside big pothole at East Fort Junction,Medium
Drain blockage leading to road collapse and pothole at Thampanoor Junction,Critical
Drainage pipe burst creating pothole at Kazhakkoottam Junction,Medium
Sewer water collecting inside big pothole at Thampanoor Junction,Medium
Road pothole filled with contaminated drainage water at Thampanoor Junction,Medium
Sewage mixing with rainwater inside pothole at Poojappura Road,Medium
Sewer water collecting inside big pothole at East Fort Junction,Medium
Sewage water filling a large pothole at Manacaud Area,Medium
Road pothole filled with contaminated drainage water at Manacaud Area,Medium
Road pothole filled with contaminated drainage water at Manacaud Area,Medium
Sewage mixing with rainwater inside pothole at Sreekariyam Area,Medium
Sewer water collecting inside big pothole at Sreekariyam Area,Medium
Drainage pipe burst creating pothole at Manacaud Area,Medium
Drain blockage leading to road collapse and pothole at Thampanoor Junction,Critical
Sewage leakage damaging road surface forming pothole at Manacaud Area,High
Drainage pipe burst creating pothole at Kazhakkoottam Junction,Medium
Drainage pipe burst creating pothole at Palayam Area,Medium
Sewage water filling a large pothole at Pattom Ward,Medium
Drainage overflow into deep road pothole near Poojappura Road,Medium
Sewage mixing with rainwater inside pothole at Vellayambalam Junction,Medium
Sewer water collecting inside big pothole at Sreekariyam Area,Medium
Drainage overflow into deep road pothole near Palayam Area,Medium
Storm drain overflow causing pothole formation at Vellayambalam Junction,Medium
Sewage leakage damaging road surface forming pothole at Vellayambalam Junction,High
Sewage mixing with rainwater inside pothole at Kazhakkoottam Junction,Medium
Drainage overflow into deep road pothole near Thampanoor Junction,Medium
Drain blockage leading to road collapse and pothole at Thampanoor Junction,Critical
Sewage leakage damaging road surface forming pothole at Manacaud Area,High
Sewage leakage damaging road surface forming pothole at Palayam Area,High
Drain blockage leading to road collapse and pothole at Thampanoor Junction,Critical
Road pothole filled with contaminated drainage water at East Fort Junction,Medium
Sewer water collecting inside big pothole at Sreekariyam Area,Medium
Storm drain overflow causing pothole formation at Poojappura Road,Medium
Drainage pipe burst creating pothole at Thampanoor Junction,Medium
Drain blockage leading to road collapse and pothole at East Fort Junction,Critical
Storm drain overflow causing pothole formation at Pattom Ward,Medium
Sewage mixing with rainwater inside pothole at Manacaud Area,Medium
Sewage mixing with rainwater inside pothole at Manacaud Area,Medium
Sewer water collecting inside big pothole at Vellayambalam Junction,Medium
Drain blockage leading to road collapse and pothole at Manacaud Area,Critical
Blocked drain causing pothole water stagnation at Kazhakkoottam Junction,Medium
Sewage leakage damaging road surface forming pothole at Poojappura Road,High
Road pothole filled with contaminated drainage water at Pattom Ward,Medium
Drainage pipe burst creating pothole at Vellayambalam Junction,Medium
Blocked drain causing pothole water stagnation at Vellayambalam Junction,Medium
Sewage mixing with rainwater inside pothole at Sreekariyam Area,Medium
Sewage leakage damaging road surface forming pothole at East Fort Junction,High
Drainage overflow into deep road pothole near Sreekariyam Area,Medium
Drain blockage leading to road collapse and pothole at Vellayambalam Junction,Critical
Blocked drain causing pothole water stagnation at East Fort Junction,Medium
Sewage water filling a large pothole at Kowdiar Area,Medium
Sewage mixing with rainwater inside pothole at Kazhakkoottam Junction,Medium
Sewage water filling a large pothole at East Fort Junction,Medium
Sewage water filling a large pothole at Palayam Area,Medium
Road pothole filled with contaminated drainage water at Manacaud Area,Medium
Sewage mixing with rainwater inside pothole at Manacaud Area,Medium
Drainage overflow into deep road pothole near Kazhakkoottam Junction,Medium
Storm drain overflow causing pothole formation at Vellayambalam Junction,Medium
Road pothole filled with contaminated drainage water at Pattom Ward,Medium
Storm drain overflow causing pothole formation at Thampanoor Junction,Medium
Blocked drain causing pothole water stagnation at Kowdiar Area,Medium
Storm drain overflow causing pothole formation at Kazhakkoottam Junction,Medium
Drain blockage leading to road collapse and pothole at Poojappura Road,Critical
Storm drain overflow causing pothole formation at Manacaud Area,Medium
Sewage leakage damaging road surface forming pothole at Vellayambalam Junction,High
Sewage mixing with rainwater inside pothole at Thampanoor Junction,Medium
Drain blockage leading to road collapse and pothole at Vellayambalam Junction,Critical
Storm drain overflow causing pothole formation at Kazhakkoottam Junction,Medium
Drainage pipe burst creating pothole at Vellayambalam Junction,Medium
Drainage overflow into deep road pothole near Manacaud Area,Medium
Blocked drain causing pothole water stagnation at East Fort Junction,Medium
Drain blockage leading to road collapse and pothole at Thampanoor Junction,Critical
Sewage leakage damaging road surface forming pothole at East Fort Junction,High
Drainage overflow into deep road pothole near East Fort Junction,Medium
Sewage mixing with rainwater inside pothole at Thampanoor Junction,Medium
Road pothole filled with contaminated drainage water at Poojappura Road,Medium
Drainage pipe burst creating pothole at Poojappura Road,Medium
Sewage mixing with rainwater inside pothole at Palayam Area,Medium
Sewage mixing with rainwater inside pothole at East Fort Junction,Medium
Drainage pipe burst creating pothole at Kazhakkoottam Junction,Medium
Road pothole filled with contaminated drainage water at Vellayambalam Junction,Medium
Sewage mixing with rainwater inside pothole at East Fort Junction,Medium
Sewage water filling a large pothole at Vellayambalam Junction,Medium
Drain blockage leading to road collapse and pothole at Kazhakkoottam Junction,Critical
Road pothole filled with contaminated drainage water at Kowdiar Area,Medium
Sewer water collecting inside big pothole at Thampanoor Junction,Medium
Sewer water collecting inside big pothole at Manacaud Area,Medium
Road pothole filled with contaminated drainage water at Pattom Ward,Medium
Drain blockage leading to road collapse and pothole at Sreekariyam Area,Critical
Sewer water collecting inside big pothole at Poojappura Road,Medium
Drainage overflow into deep road pothole near Palayam Area,Medium
Drain blockage leading to road collapse and pothole at Manacaud Area,Critical
Drainage overflow into deep road pothole near Sreekariyam Area,Medium
Drainage overflow into deep road pothole near Kazhakkoottam Junction,Medium
Sewage leakage damaging road surface forming pothole at East Fort Junction,High
Drainage pipe burst creating pothole at Vellayambalam Junction,Medium
Drain blockage leading to road collapse and pothole at Vellayambalam Junction,Critical
Blocked drain causing pothole water stagnation at Manacaud Area,Medium
Drainage pipe burst creating pothole at Kazhakkoottam Junction,Medium
Blocked drain causing pothole water stagnation at Vellayambalam Junction,Medium
Drainage pipe burst creating pothole at East Fort Junction,Medium
Drain blockage leading to road collapse and pothole at Kowdiar Area,Critical
Storm drain overflow causing pothole formation at Pattom Ward,Medium
Road pothole filled with contaminated drainage water at Pattom Ward,Medium
Drainage overflow into deep road pothole near Vellayambalam Junction,Medium
Sewage water filling a large pothole at Kowdiar Area,Medium
Sewer water collecting inside big pothole at Thampanoor Junction,Medium
Road pothole filled with contaminated drainage water at Kazhakkoottam Junction,Medium
Blocked drain causing pothole water stagnation at Thampanoor Junction,Medium
Drainage pipe burst creating pothole at Pattom Ward,Medium
Drainage pipe burst creating pothole at Kazhakkoottam Junction,Medium
Sewer water collecting inside big pothole at Thampanoor Junction,Medium
Drainage pipe burst creating pothole at East Fort Junction,Medium
Blocked drain causing pothole water stagnation at Kazhakkoottam Junction,Medium
Blocked drain causing pothole water stagnation at Kazhakkoottam Junction,Medium
Sewer water collecting inside big pothole at Kazhakkoottam Junction,Medium
Sewage mixing with rainwater inside pothole at East Fort Junction,Medium
Sewage leakage damaging road surface forming pothole at Kazhakkoottam Junction,High
Sewage water filling a large pothole at Kazhakkoottam Junction,Medium
Sewer water collecting inside big pothole at East Fort Junction,Medium
Drainage overflow into deep road pothole near Manacaud Area,Medium
Drainage overflow into deep road pothole near Sreekariyam Area,Medium
Drainage pipe burst creating pothole at Pattom Ward,Medium
Sewage mixing with rainwater inside pothole at Pattom Ward,Medium
Drainage overflow into deep road pothole near Manacaud Area,Medium
Drain blockage leading to road collapse and pothole at Sreekariyam Area,Critical
Sewer water collecting inside big pothole at Palayam Area,Medium
Sewage mixing with rainwater inside pothole at Pattom Ward,Medium
Sewage mixing with rainwater inside pothole at Manacaud Area,Medium
Blocked drain causing pothole water stagnation at East Fort Junction,Medium
Drainage overflow into deep road pothole near Pattom Ward,Medium
Blocked drain causing pothole water stagnation at Thampanoor Junction,Medium
Drainage pipe burst creating pothole at Kowdiar Area,Medium
Blocked drain causing pothole water stagnation at Kowdiar Area,Medium
Drain blockage leading to road collapse and pothole at Sreekariyam Area,Critical
Sewage mixing with rainwater inside pothole at Thampanoor Junction,Medium
Sewer water collecting inside big pothole at East Fort Junction,Medium
Blocked drain causing pothole water stagnation at Kowdiar Area,Medium
Drainage pipe burst creating pothole at Kowdiar Area,Medium
Sewer water collecting inside big pothole at Poojappura Road,Medium
Drainage overflow into deep road pothole near East Fort Junction,Medium
Sewage mixing with rainwater inside pothole at Pattom Ward,Medium
Sewage water filling a large pothole at East Fort Junction,Medium
Sewage mixing with rainwater inside pothole at Sreekariyam Area,Medium
Sewage mixing with rainwater inside pothole at Poojappura Road,Medium
Blocked drain causing pothole water stagnation at Palayam Area,Medium
Sewage water filling a large pothole at Thampanoor Junction,Medium
Drainage overflow into deep road pothole near Palayam Area,Medium
Sewage mixing with rainwater inside pothole at Sreekariyam Area,Medium
Sewage mixing with rainwater inside pothole at Thampanoor Junction,Medium
Sewage water filling a large pothole at East Fort Junction,Medium
Storm drain overflow causing pothole formation at Thampanoor Junction,Medium
Road pothole filled with contaminated drainage water at Kazhakkoottam Junction,Medium
Sewage mixing with rainwater inside pothole at Manacaud Area,Medium
Sewage leakage damaging road surface forming pothole at Sreekariyam Area,High
Road pothole filled with contaminated drainage water at Manacaud Area,Medium
Road pothole filled with contaminated drainage water at Kazhakkoottam Junction,Medium
Drainage overflow into deep road pothole near Palayam Area,Medium
Sewer water collecting inside big pothole at Manacaud Area,Medium
Drainage pipe burst creating pothole at Kowdiar Area,Medium
Blocked drain causing pothole water stagnation at Pattom Ward,Medium
Sewage mixing with rainwater inside pothole at Poojappura Road,Medium
Sewage leakage damaging road surface forming pothole at Vellayambalam Junction,High
Blocked drain causing pothole water stagnation at Poojappura Road,Medium
Sewage mixing with rainwater inside pothole at Palayam Area,Medium
Drainage overflow into deep road pothole near Palayam Area,Medium
Sewer water collecting inside big pothole at Kowdiar Area,Medium
Storm drain overflow causing pothole formation at Poojappura Road,Medium
Drain blockage leading to road collapse and pothole at Kowdiar Area,Critical
Drainage pipe burst creating pothole at Pattom Ward,Medium
Drainage overflow into deep road pothole near Kowdiar Area,Medium
Sewage mixing with rainwater inside pothole at Thampanoor Junction,Medium
Sewage mixing with rainwater inside pothole at Manacaud Area,Medium
Sewage mixing with rainwater inside pothole at Kowdiar Area,Medium
Sewer water collecting inside big pothole at Palayam Area,Medium
Drainage overflow into deep road pothole near East Fort Junction,Medium
Blocked drain causing pothole water stagnation at Kazhakkoottam Junction,Medium
Drainage pipe burst creating pothole at Pattom Ward,Medium
Blocked drain causing pothole water stagnation at Sreekariyam Area,Medium
Drain blockage leading to road collapse and pothole at Manacaud Area,Critical
Drain blockage leading to road collapse and pothole at Pattom Ward,Critical
Drain blockage leading to road collapse and pothole at Kowdiar Area,Critical
Road pothole filled with contaminated drainage water at Kazhakkoottam Junction,Medium
Sewage mixing with rainwater inside pothole at Palayam Area,Medium
Sewer water collecting inside big pothole at Kowdiar Area,Medium
Drainage pipe burst creating pothole at East Fort Junction,Medium
Drainage pipe burst creating pothole at Kazhakkoottam Junction,Medium
Sewage leakage damaging road surface forming pothole at Kazhakkoottam Junction,High
Drainage pipe burst creating pothole at Thampanoor Junction,Medium
Drainage pipe burst creating pothole at Palayam Area,Medium
Drainage overflow into deep road pothole near Kowdiar Area,Medium
Sewage leakage damaging road surface forming pothole at Kowdiar Area,High
Large pothole filled with rain water near hospital,Medium
Deep pothole holding stagnant water on main road,Medium
Huge pothole full of muddy water near bus stand,Medium
Water collected inside pothole causing traffic issues,Medium
Broken road with deep water filled pothole,Medium
Rain water accumulated in large road pothole,Medium
Dangerous pothole filled with dirty water near school,Medium
Water stagnation inside road pit near market,Medium
Big pothole submerged under rain water,Medium
Road surface collapsed forming water filled hole,Critical
Multiple potholes filled with water on highway,High
Water pooling in damaged road section,Medium
Severe pothole filled with rainwater at junction,Medium
Stagnant water trapped in deep road pothole,Medium
Wide pothole filled with water near clinic,Medium
Flooded pothole creating accident risk,Critical
Rainwater stuck in broken asphalt area,Medium
Water logging due to uneven road surface,Medium
Road cavity holding stagnant water,Medium
Cracked road forming water filled depression,Medium
Water gathered inside road crack forming pothole,Medium
Deep pit filled with water on residential street,Low
Large muddy pothole near hospital road,Medium
Road damaged and filled with water after rainfall,Medium
Pothole collecting water near apartment entrance,Medium
Heavy water accumulation in main road pothole,Medium
Rain water inside deep asphalt crack,Low
Broken road forming water filled cavity,Medium
Pothole submerged in rain water causing skidding,Medium
Collapsed road section with water stagnation,Critical
Water standing inside damaged tar road,Low
Large water filled hole on city road,Medium
Pothole causing water blockage on street,Medium
Water trapped in cracked road surface,Medium
Road depression filled with stagnant water,Medium
Water clogging pothole near traffic signal,Medium
Dangerous flooded pothole on highway,Critical
Rain water pooling inside broken road patch,Medium
Deep water logged pothole near temple,Medium
Main road pothole filled with muddy water,Medium
Water accumulation in severely damaged road,Medium
Road pit filled with stagnant rainwater,Low
Multiple deep potholes holding water,Medium
Flooded road cavity near school zone,Low
Water stagnation due to collapsed road surface,Critical
Damaged pavement filled with water,Low
Rainwater trapped inside broken road section,Medium
Large water hole formed due to road erosion,Medium
Deep road crack filled with rain water,Low
Water collected in unsafe pothole,Medium
Severe road damage with water accumulation,High
Road sinking and filled with water,Critical
Huge water filled pit on main street,Low
Broken asphalt with water retention,Medium
Water pooling on damaged concrete road,Medium
Flooding inside road pothole after rain,High
Slippery water filled pothole near hospital,Medium
Rain water holding inside deep cavity on road,Low
Road crack expanded into water filled hole,Low
Dangerous water logged road surface,Critical
Water filled crater on city road,Low
Damaged tar road accumulating rain water,Low
Deep pothole filled with sewage mixed water,Medium
Road depression retaining rain water,Medium
Stagnant water inside cracked road patch,Medium
Flooded damaged asphalt on main road,Low
Broken road edge holding water,Medium
Water trapped in road surface breakage,Low
Severe water pooling due to pothole,Medium
Unsafe water filled road near hospital,Low
Pothole filled with water affecting ambulance movement,Critical
Water accumulation due to damaged road slope,Medium
Road patch broken and filled with rain water,Medium
Heavy rainfall created water filled pothole,Medium
Large depression in road holding water,Medium
Damaged road corner flooded with water,Medium
Road erosion forming water pit,Medium
Deep flooded pothole at intersection,Medium
Water stagnation due to uneven asphalt road,Medium
Broken tar surface retaining water,Medium
Severely cracked road filled with water,Medium
Water standing in collapsed road section,Critical
Pothole hidden under water on main road,Medium
Road damage leading to water accumulation,Medium
Large water hole in busy street,Low
Rain water pooling due to broken road patch,Medium
Deep cavity in road filled with water,Low
Unsafe flooded pothole near school gate,Medium
Water accumulation in damaged junction road,Medium
Broken pavement holding stagnant water,Medium
Road crack filled with muddy rain water,Low
Massive pothole filled with water near bridge,Medium
Severe water logging inside asphalt pothole,Medium
Rainwater stagnation on broken road stretch,Medium
Road sinking causing water retention,Critical
Flooded cavity on residential road,Low
Water filled gap in damaged tar road,Low
Collapsed road area with water pooling,Critical
Rain water trapped inside large pothole,Medium
Main highway pothole filled with water,Medium
Deep water collected in broken road surface,Medium
Unsafe water filled crack in road,Low
Damaged city road retaining rain water,Low
Road breakage forming flooded pit,Low
Multiple flooded potholes on busy street,High
Heavy water stagnation due to road depression,Medium
Large road hole collecting water daily,Low
Broken asphalt flooded after rain,Medium
Road cavity submerged in water,Low
Deep pothole filled with stagnant water near market,Medium
Water accumulated inside eroded road patch,Low
Flooded crack in residential road,Low
Severe road breakage with rain water pooling,High
Main road surface damaged and water filled,Medium
Dangerous rainwater filled pit on road,Critical
Road failure causing water accumulation,High
Pothole filled with water blocking vehicles,Medium
Water logging inside broken tar patch,Medium
Deep flooded asphalt crack near hospital,Low
Road surface erosion forming water hole,Low
Heavy water pooling in damaged road area,Medium
Unsafe flooded pothole at bus stop,Medium
Rainwater stagnation on collapsed road side,Critical
Broken city road forming water depression,Low
Large water filled pothole near school,Medium
Road crack retaining rainwater for days,Low
Flooded broken road near clinic,Medium
Water trapped in highway pothole,Medium
Severe water accumulation inside road break,Medium
Deep rainwater filled crater on main road,Low
Damaged tar road with water retention problem,Low
Water stagnation in unsafe pothole zone,Medium
Collapsed asphalt filled with muddy water,Critical
Road erosion leading to water filled pit,Medium
Water pooling in broken residential road,Medium
Deep flooded road cavity near junction,Low
Rainwater trapped in cracked pavement,Medium
Unsafe road stretch filled with water potholes,Medium
Major pothole holding stagnant water,Medium
Water logging due to damaged road level,Medium
Flooded tar road with deep potholes,Medium
Road depression causing heavy water pooling,Medium
Broken asphalt stretch submerged in water,Medium
Deep pothole filled with dirty rainwater near hospital entrance,Medium
Mosquito breeding observed in stagnant rainwater near residential apartments,Medium
Large number of mosquitoes due to water stagnation in open plot behind school,High
Dengue mosquito breeding reported in uncovered water tank at construction site,High
Stagnant water in roadside pothole causing mosquito menace,High
Mosquito infestation due to clogged drain holding dirty water,High
Open sump near hospital has become breeding ground for mosquitoes,Low
Rainwater collected in discarded tyres attracting mosquitoes,Medium
Mosquito problem increasing due to stagnant water on terrace slabs,Medium
Uncovered overhead tank causing mosquito breeding in colony,Medium
Mosquitoes breeding in waterlogged playground after rains,Low
Open barrels storing water without lids causing mosquito nuisance,Medium
Stagnant water near bus stand resulting in mosquito outbreak,High
Mosquito breeding noticed in blocked stormwater drain,Medium
Dirty stagnant water near market area causing mosquito spread,Medium
Mosquito menace due to water collected in broken road pits,High
Open septic tank filled with rainwater breeding mosquitoes,Low
Mosquito breeding in water-filled flower pots in public park,Medium
Water stagnation under flyover leading to mosquito problem,Medium
Mosquitoes breeding in abandoned well near houses,Low
Unattended construction debris holding water causing mosquitoes,Low
Mosquito infestation near garbage dump with stagnant water,High
Rainwater collected in unused containers increasing mosquitoes,Medium
Mosquito breeding due to water accumulation in open drains,Medium
Stagnant water near railway track causing mosquito spread,Medium
Mosquito problem worsening after rains due to waterlogging,Medium
Open water storage tanks without covers causing mosquitoes,Low
Mosquito breeding observed in water pooled near footpath,Medium
Mosquito infestation reported near stagnant pond water,High
Water stagnation in vacant land resulting in mosquito breeding,Medium
Mosquito menace due to blocked culvert holding rainwater,High
Mosquitoes breeding in waterlogged basement parking area,Low
Stagnant water in broken drainage chamber causing mosquitoes,Medium
Mosquito breeding near public toilet due to water leakage,Medium
Open pits filled with rainwater attracting mosquitoes,Medium
Mosquito infestation due to uncovered water storage drums,High
Water stagnation around hand pump leading to mosquito issue,Medium
Mosquito breeding reported in unused swimming pool,Medium
Mosquito menace due to rainwater collected on rooftop sheets,High
Mosquito breeding in water accumulated near garbage bins,Medium
Stagnant water under staircase becoming mosquito breeding site,Medium
Mosquito infestation noticed in clogged rainwater harvesting pit,High
Mosquitoes breeding in water collected inside abandoned vehicle,Medium
Mosquito problem due to stagnant water near compound wall,Medium
Water stagnation in broken pipe trench causing mosquitoes,Medium
Mosquito breeding in open containers near tea shop,Medium
Mosquito infestation due to water pooled in construction pits,High
Mosquito menace reported from waterlogged school premises,High
Mosquito breeding near leaking water connection points,Medium
Mosquito problem due to stagnant water near drainage outlet,Medium
Mosquito breeding in uncovered rainwater collection tanks,Medium
Mosquito infestation increasing due to water stagnation after rains,High
Streetlights not working on damaged road near junction,Medium
Streetlight poles off along broken road stretch,Medium
No street lighting on poorly maintained road at night,Medium
Streetlights off on pothole-filled road causing accidents,Medium
Streetlight failure on uneven road near residential area,Medium
Broken streetlights on damaged internal road,Low
Streetlights not functioning on road with multiple potholes,Medium
Street lighting absent on cracked road near market,Medium
Road surface damaged and streetlights completely off,High
Streetlight outage on narrow damaged road,Medium
Streetlights flickering on poorly maintained road,Medium
Streetlight poles present but lights not working on bad road,Low
No illumination on broken road during night hours,Medium
Streetlights off making damaged road unsafe,Medium
Streetlight wiring damaged on broken road stretch,Medium
Streetlights not operational on uneven concrete road,Medium
Poor lighting on damaged asphalt road,Low
Streetlights off on cracked road near school,Medium
Street lighting failure on damaged service road,Medium
Streetlights not glowing on pothole-ridden road,Medium
Streetlights missing on broken internal road,Low
Street lighting problem on damaged road after rains,Medium
Streetlights switched off on badly maintained road,Low
Streetlights non-functional on road with loose gravel,Medium
No streetlights on damaged road near bus stop,Medium
Streetlights off on broken road causing visibility issues,Medium
Streetlight outage on damaged road junction,Medium
Streetlights not repaired on damaged road stretch,Medium
Street lighting not available on cracked residential road,Low
Streetlights broken on damaged cement road,Medium
Streetlights off along road under repair,Medium
Street lighting failure on old damaged road,Medium
Streetlights not working near potholes on road,Medium
Streetlight outage reported on broken approach road,Medium
Streetlights dim on damaged road at night,Medium
Streetlights completely off on uneven road surface,Low
Streetlight problem on damaged road near hospital,Medium
Streetlights not illuminating broken road properly,Medium
Street lighting issue on damaged road curve,Medium
Streetlights not operational on narrow damaged road,Medium
Streetlight failure along damaged roadside,Medium
Streetlights off making broken road dangerous,Medium
Streetlights not functioning on damaged access road,Medium
Street lighting absent on road with surface damage,Medium
Streetlights broken on road with multiple cracks,Medium
Streetlights off on damaged road leading to colony,Medium
Street lighting not restored on damaged road,Medium
Streetlights not glowing on damaged road near park,Medium
Streetlight outage reported on broken residential road,Medium
Streetlights non-functional on damaged road at night,Medium
Streetlights not repaired on uneven road surface,Low
Street lighting problem persists on damaged road,Medium
Streetlights not switched on near damaged road section,Medium
Streetlights malfunctioning on broken road stretch,Medium
Streetlights off on damaged road causing safety concern,Medium
Street lighting inadequate on damaged road,Medium
Streetlights not visible on broken road at night,Medium
Streetlights damaged along broken road,Medium
Streetlights off on damaged road near junction area,Medium
Street lighting issue on poorly maintained road,Low
Streetlights not glowing properly on damaged road,Medium
Streetlights out on damaged road causing accidents risk,Medium
Street lighting failure on broken road after monsoon,Medium
Streetlights not operational on damaged side road,Medium
Streetlights off near damaged road corner,Medium
Street lighting complaint on damaged road stretch,Medium
Streetlights non-functional on broken road near shops,Medium
Streetlights out on damaged road section,Medium
Street lighting issue on damaged approach road,Low
Streetlights off making damaged road unsafe for vehicles,Medium
Streetlights not repaired on damaged road despite complaints,Medium
Street lighting problem continues on damaged road,Medium
Streetlights malfunctioning on broken internal road,Low
Streetlights off on damaged road near residential block,Medium
Street lighting absent on damaged road at night,Medium
Streetlights broken on damaged road stretch near junction,Medium
Streetlights not functioning on damaged road near school zone,Medium
Streetlights off on damaged road affecting visibility,Medium
Street lighting problem on damaged road leading to colony,Medium
Streetlights not working on damaged road under bridge,Medium
Streetlights out on damaged road during nighttime,Medium
Street lighting issue on broken road near signal,Medium
Streetlights off on damaged road causing safety hazards,Medium
Streetlights non-functional on damaged road after repairs,Medium
Street lighting not provided on damaged road area,Medium
Streetlights off on damaged road near bus stand,Medium
Streetlights malfunctioning on damaged road junction,Medium
Street lighting issue persists on broken road,Medium
Streetlights not glowing on damaged road side,Medium
Streetlights off on damaged road causing poor visibility,Medium
Street lighting complaint on damaged road section,Medium
Streetlights not operational on damaged residential road,Medium
Streetlights off on damaged road near apartments,Medium
Street lighting failure on damaged road at night,Medium
Streetlights broken on damaged road leading to school,Medium
Streetlights off on damaged road near crossing,Medium
Street lighting issue on damaged road stretch near market,Medium
Streetlights not working on damaged road creating safety risk,Medium
Streetlights off on damaged road causing inconvenience,Medium
Water pipeline leakage damaging the road surface near houses,Low
Burst water pipe causing road damage and water spread,Critical
Leaking water pipeline has broken the road near residential area,Medium
Water supply pipe damaged leading to water overflow on road,Low
Underground water pipeline leakage affecting nearby houses,Low
Water pipe burst causing water to spread across the road,High
Leakage in water pipeline damaging concrete road,Low
Water pipeline breakage leading to road erosion,Medium
Water pipe leakage causing waterlogging on road,Medium
Damaged water supply line flooding the road,Low
Water pipeline leakage spreading near residential buildings,Low
Burst water pipe causing cracks on road surface,High
Water supply leakage leading to road collapse,Critical
Water pipeline damaged and water flowing onto road,Low
Leaking water pipe near houses damaging the road,Medium
Water pipeline issue causing continuous water flow on road,Low
Water pipe leakage resulting in damaged asphalt road,Low
Broken water pipeline causing water accumulation near homes,Medium
Water supply pipe burst affecting road and footpath,Low
Water pipeline leakage leading to unsafe road conditions,Low
Water supply line broken and water spreading everywhere,High
Pipeline leakage causing road damage near junction,Medium
Water pipe leakage washing away road surface,Low
Water supply leakage weakening the road foundation,Low
Leaking pipeline causing water overflow near houses,Medium
Water pipe damaged leading to severe road damage,High
Burst water pipeline flooding road and nearby homes,Critical
Water supply pipeline leakage affecting internal road,Low
Pipeline burst causing water seepage under road,High
Water leakage from pipeline damaging road structure,Low
Water supply pipe leakage creating potholes on road,Medium
Damaged water pipeline causing road to sink,Low
Water pipeline failure leading to damaged road stretch,High
Leaking water pipe spreading water near residential road,Medium
Water supply leakage affecting road and nearby houses,Low
Broken water pipeline causing water stagnation on road,Medium
Water pipe burst leading to erosion of road surface,High
Water supply pipeline leak damaging road and sidewalk,Low
Pipeline leakage causing water flow across road,Low
Water pipe leakage creating muddy road conditions,Medium
Water supply line burst damaging the road near colony,High
Pipeline leak causing water accumulation near houses,Medium
Water pipe leakage weakening road foundation,Low
Burst pipeline flooding road and nearby areas,Critical
Water supply leakage damaging road after recent repairs,Low
Water pipeline damaged causing road cracks,Low
Water pipe burst affecting traffic on road,High
Water supply pipeline leakage leading to unsafe road,Low
Water pipeline issue causing damage to residential road,Low
Water leakage from pipe affecting road and drainage,Low
Water supply line damaged causing road surface collapse,Critical
Pipeline leakage leading to water spread near homes,Low
Water pipe leakage resulting in damaged road edges,Medium
Water pipeline break causing flooding on road,Low
Water supply pipeline leak affecting nearby buildings,Low
Leaking water pipe creating potholes on residential road,Medium
Water pipeline leakage damaging paved road,Low
Burst water supply line washing away road surface,Low
Water pipe damage leading to water seepage under road,Low
Pipeline leakage causing road deterioration,Medium
Water supply pipeline broken near houses causing road damage,Medium
Water pipe leakage resulting in water flowing across houses,Low
Water supply leakage impacting road safety,Low
Damaged water pipeline causing erosion near road,Low
Water pipe leakage creating unsafe conditions on road,Low
Water supply pipeline burst damaging internal road,High
Water pipeline leakage affecting both road and homes,Low
Broken water pipe causing continuous water loss on road,Low
Water supply pipeline issue damaging road structure,Low
Water pipe leakage near residential houses damaging road,Low
Water pipeline burst causing road to cave in,Critical
Water supply leakage spreading on road surface,Low
Water pipeline damaged causing road erosion near houses,Medium
Water pipe leakage affecting internal residential road,Low
Water supply pipeline leak leading to road cracks and damage,Low
Water pipeline leakage causing flooding near houses and road,High
Water supply pipe damaged resulting in road damage,Medium
Water pipeline burst spreading water across road and houses,High
Fallen electric pole blocking the road,Critical
Electric pole collapsed and blocking traffic on road,Critical
Streetlight pole fallen across the road,Critical
Electric post fallen and obstructing the road,Critical
Lamp post fallen on road blocking vehicles,Critical
Electric pole damaged and lying across road,Critical
Street lighting pole fallen and blocking road passage,Critical
Electric pole collapse causing road blockage,Critical
Fallen streetlight pole obstructing road traffic,Critical
Electric pole broken and blocking the road,Critical
Lamp post fallen causing road obstruction,Critical
Streetlight pole collapse blocking vehicles on road,Critical
Electric post fallen due to storm blocking road,Critical
Fallen electric pole causing traffic disruption on road,Critical
Street lighting pole lying on road blocking movement,Low
Electric pole snapped and blocking the road,Critical
Lamp post fallen on main road causing blockage,Critical
Electric pole tilted and blocking road partially,High
Streetlight pole fallen across residential road,Critical
Electric pole collapse blocking internal road,Critical
Lamp post damaged and blocking the road,Low
Street lighting pole fallen causing road obstruction,Critical
Electric pole fallen near junction blocking road,Critical
Streetlight pole collapse affecting road traffic,Critical
Electric pole lying on road after heavy rain,Critical
Lamp post fallen blocking entry road,Critical
Electric pole damaged and obstructing traffic,Low
Streetlight pole fallen across narrow road,Critical
Electric post collapse blocking vehicles,Critical
Lamp post fallen creating road blockage,Critical
Street lighting pole damaged and blocking road,Low
Electric pole fallen causing road safety hazard,Critical
Streetlight pole collapse blocking colony road,Critical
Electric pole snapped blocking traffic flow,Critical
Lamp post fallen on internal road,Critical
Streetlight pole fallen and blocking road access,Critical
Electric pole collapse near houses blocking road,Critical
Lamp post damaged lying on road,Low
Street lighting pole fallen causing obstruction,Critical
Electric pole fallen blocking road after storm,Critical
Streetlight pole collapse near junction blocking road,Critical
Electric post fallen and blocking vehicles,Critical
Lamp post collapse blocking main road,Critical
Streetlight pole fallen blocking service road,Critical
Electric pole damaged blocking internal road,Low
Lamp post fallen causing obstruction on road,Critical
Street lighting pole collapsed blocking traffic,Critical
Electric pole fallen obstructing road movement,Critical
Lamp post snapped and blocking road,Low
Streetlight pole fallen near school blocking road,Critical
Electric pole collapse blocking access road,Critical
Lamp post fallen due to accident blocking road,Critical
Street lighting pole fallen blocking residential road,Critical
Electric pole lying across road causing blockage,Critical
Lamp post fallen blocking traffic on road,Critical
Streetlight pole collapse obstructing vehicles,Critical
Electric pole fallen blocking road entrance,Critical
Lamp post fallen across road creating hazard,Critical
Street lighting pole fallen blocking main road,Critical
Electric pole damaged and blocking traffic flow,High
Lamp post fallen obstructing road traffic,Critical
Streetlight pole collapse blocking road completely,Critical
Electric pole fallen near market blocking road,Critical
Lamp post fallen causing road blockage,Critical
Street lighting pole fallen across busy road,Critical
Electric pole snapped and lying on road,Critical
Lamp post collapse causing traffic obstruction,Critical
Streetlight pole fallen on road after accident,Critical
Electric pole fallen blocking vehicles on road,Critical
Lamp post fallen blocking road near junction,Critical
Street lighting pole collapse blocking road access,Critical
Electric pole fallen causing obstruction to traffic,Critical
Lamp post fallen lying on road,Critical
Streetlight pole collapse blocking residential traffic,Critical
Electric pole damaged and fallen on road,Critical
Lamp post fallen blocking vehicles movement,Critical
Street lighting pole fallen obstructing road,Critical
Electric pole fallen creating road obstruction,Critical
Lamp post collapse blocking street traffic,Critical
Streetlight pole fallen blocking access to road,Critical
Electric pole fallen blocking traffic lane,Critical
Lamp post fallen causing traffic blockage,Critical
Street lighting pole fallen blocking road passage,Critical
